unsigned char encoder_clf_std_pruned_qat_int8_tflite[] = {
  0x1c, 0x00, 0x00, 0x00, 0x54, 0x46, 0x4c, 0x33, 0x14, 0x00, 0x20, 0x00,
  0x1c, 0x00, 0x18, 0x00, 0x14, 0x00, 0x10, 0x00, 0x0c, 0x00, 0x00, 0x00,
  0x08, 0x00, 0x04, 0x00, 0x14, 0x00, 0x00, 0x00, 0x1c, 0x00, 0x00, 0x00,
  0xa4, 0x00, 0x00, 0x00, 0xfc, 0x00, 0x00, 0x00, 0xb0, 0xa5, 0x00, 0x00,
  0xc0, 0xa5, 0x00, 0x00, 0xc4, 0xb1, 0x00, 0x00, 0x03, 0x00, 0x00, 0x00,
  0x01, 0x00, 0x00, 0x00, 0x10, 0x00, 0x00, 0x00, 0x00, 0x00, 0x0a, 0x00,
  0x10, 0x00, 0x0c, 0x00, 0x08, 0x00, 0x04, 0x00, 0x0a, 0x00, 0x00, 0x00,
  0x0c, 0x00, 0x00, 0x00, 0x1c, 0x00, 0x00, 0x00, 0x48, 0x00, 0x00, 0x00,
  0x0f, 0x00, 0x00, 0x00, 0x73, 0x65, 0x72, 0x76, 0x69, 0x6e, 0x67, 0x5f,
  0x64, 0x65, 0x66, 0x61, 0x75, 0x6c, 0x74, 0x00, 0x01, 0x00, 0x00, 0x00,
  0x04, 0x00, 0x00, 0x00, 0x84, 0xff, 0xff, 0xff, 0x0d, 0x00, 0x00, 0x00,
  0x04, 0x00, 0x00, 0x00, 0x16, 0x00, 0x00, 0x00, 0x71, 0x75, 0x61, 0x6e,
  0x74, 0x5f, 0x61, 0x63, 0x74, 0x69, 0x76, 0x69, 0x74, 0x79, 0x5f, 0x73,
  0x6f, 0x66, 0x74, 0x6d, 0x61, 0x78, 0x00, 0x00, 0x01, 0x00, 0x00, 0x00,
  0x04, 0x00, 0x00, 0x00, 0x3e, 0x5a, 0xff, 0xff, 0x04, 0x00, 0x00, 0x00,
  0x0c, 0x00, 0x00, 0x00, 0x77, 0x69, 0x6e, 0x64, 0x6f, 0x77, 0x5f, 0x69,
  0x6e, 0x70, 0x75, 0x74, 0x00, 0x00, 0x00, 0x00, 0x02, 0x00, 0x00, 0x00,
  0x34, 0x00, 0x00, 0x00, 0x04, 0x00, 0x00, 0x00, 0xdc, 0xff, 0xff, 0xff,
  0x10, 0x00, 0x00, 0x00, 0x04, 0x00, 0x00, 0x00, 0x13, 0x00, 0x00, 0x00,
  0x43, 0x4f, 0x4e, 0x56, 0x45, 0x52, 0x53, 0x49, 0x4f, 0x4e, 0x5f, 0x4d,
  0x45, 0x54, 0x41, 0x44, 0x41, 0x54, 0x41, 0x00, 0x08, 0x00, 0x0c, 0x00,
  0x08, 0x00, 0x04, 0x00, 0x08, 0x00, 0x00, 0x00, 0x0f, 0x00, 0x00, 0x00,
  0x04, 0x00, 0x00, 0x00, 0x13, 0x00, 0x00, 0x00, 0x6d, 0x69, 0x6e, 0x5f,
  0x72, 0x75, 0x6e, 0x74, 0x69, 0x6d, 0x65, 0x5f, 0x76, 0x65, 0x72, 0x73,
  0x69, 0x6f, 0x6e, 0x00, 0x11, 0x00, 0x00, 0x00, 0xb0, 0xa4, 0x00, 0x00,
  0xa8, 0xa4, 0x00, 0x00, 0x98, 0x0e, 0x00, 0x00, 0x88, 0x0d, 0x00, 0x00,
  0x80, 0x0d, 0x00, 0x00, 0x70, 0x05, 0x00, 0x00, 0xe0, 0x04, 0x00, 0x00,
  0xd8, 0x04, 0x00, 0x00, 0x48, 0x02, 0x00, 0x00, 0xe8, 0x01, 0x00, 0x00,
  0xe0, 0x01, 0x00, 0x00, 0xe0, 0x00, 0x00, 0x00, 0xa0, 0x00, 0x00, 0x00,
  0x98, 0x00, 0x00, 0x00, 0x90, 0x00, 0x00, 0x00, 0x70, 0x00, 0x00, 0x00,
  0x04, 0x00, 0x00, 0x00, 0xfe, 0x5a, 0xff, 0xff, 0x04, 0x00, 0x00, 0x00,
  0x5c, 0x00, 0x00, 0x00, 0x0c, 0x00, 0x00, 0x00, 0x08, 0x00, 0x0e, 0x00,
  0x08, 0x00, 0x04, 0x00, 0x08, 0x00, 0x00, 0x00, 0x10, 0x00, 0x00, 0x00,
  0x2c, 0x00, 0x00, 0x00, 0x00, 0x00, 0x06, 0x00, 0x08, 0x00, 0x04, 0x00,
  0x06, 0x00, 0x00, 0x00, 0x04, 0x00, 0x00, 0x00, 0x02, 0x00, 0x00, 0x00,
  0xeb, 0x03, 0x00, 0x00, 0xd0, 0x07, 0x00, 0x00, 0x00, 0x00, 0x0a, 0x00,
  0x10, 0x00, 0x0c, 0x00, 0x08, 0x00, 0x04, 0x00, 0x0a, 0x00, 0x00, 0x00,
  0x02, 0x00, 0x00, 0x00, 0x02, 0x00, 0x00, 0x00, 0x04, 0x00, 0x00, 0x00,
  0x06, 0x00, 0x00, 0x00, 0x32, 0x2e, 0x31, 0x34, 0x2e, 0x31, 0x00, 0x00,
  0x66, 0x5b, 0xff, 0xff, 0x04, 0x00, 0x00, 0x00, 0x10, 0x00, 0x00, 0x00,
  0x31, 0x2e, 0x31, 0x34, 0x2e, 0x30, 0x00, 0x00, 0x00, 0x00, 0x00, 0x00,
  0x00, 0x00, 0x00, 0x00, 0xdc, 0x5a, 0xff, 0xff, 0xe0, 0x5a, 0xff, 0xff,
  0x8a, 0x5b, 0xff, 0xff, 0x04, 0x00, 0x00, 0x00, 0x30, 0x00, 0x00, 0x00,
  0x04, 0x00, 0x00, 0x00, 0x60, 0x01, 0x00, 0x00, 0xc1, 0xff, 0xff, 0xff,
  0xc6, 0x00, 0x00, 0x00, 0xe0, 0x01, 0x00, 0x00, 0xf9, 0x00, 0x00, 0x00,
  0x91, 0xff, 0xff, 0xff, 0xa3, 0xff, 0xff, 0xff, 0xcc, 0x00, 0x00, 0x00,
  0xa6, 0xfe, 0xff, 0xff, 0xcc, 0xfc, 0xff, 0xff, 0x6a, 0xfd, 0xff, 0xff,
  0xc6, 0x5b, 0xff, 0xff, 0x04, 0x00, 0x00, 0x00, 0xf0, 0x00, 0x00, 0x00,
  0xc1, 0x00, 0x00, 0x00, 0x00, 0x00, 0x00, 0x28, 0x00, 0xc8, 0xce, 0x00,
  0x00, 0x00, 0x35, 0x00, 0xbd, 0xc1, 0xcf, 0x28, 0x00, 0x00, 0x00, 0xc2,
  0x00, 0x00, 0x00, 0xc6, 0x00, 0x00, 0x00, 0x00, 0x00, 0x00, 0x00, 0x00,
  0x00, 0x00, 0x00, 0x00, 0x00, 0x00, 0x00, 0x00, 0x00, 0x00, 0x00, 0x00,
  0x00, 0x00, 0x00, 0xb9, 0x00, 0x00, 0x00, 0x00, 0x00, 0x00, 0x00, 0x00,
  0x00, 0xcb, 0x00, 0x00, 0x00, 0x00, 0xc9, 0x00, 0x00, 0x00, 0x00, 0x00,
  0x00, 0x00, 0x00, 0x00, 0x00, 0x2a, 0x00, 0xbe, 0x00, 0x00, 0x00, 0x00,
  0xbc, 0x00, 0x00, 0x00, 0x00, 0x00, 0x00, 0x29, 0x00, 0x00, 0x00, 0x00,
  0x00, 0x00, 0xc3, 0xbd, 0x00, 0x00, 0x00, 0xb9, 0x00, 0x81, 0x00, 0x00,
  0x00, 0x00, 0x00, 0x00, 0x00, 0x00, 0x00, 0x00, 0x41, 0xa8, 0x00, 0x00,
  0xb5, 0x00, 0x00, 0x00, 0x00, 0x3a, 0xca, 0x00, 0x00, 0x00, 0xb4, 0x00,
  0xc7, 0x00, 0xa4, 0x00, 0x00, 0x00, 0x00, 0x00, 0x00, 0x00, 0x00, 0xab,
  0x00, 0x00, 0x00, 0x00, 0x00, 0x00, 0x00, 0x00, 0x00, 0x00, 0xb5, 0x00,
  0xb0, 0xad, 0x00, 0x28, 0x00, 0xaf, 0xc4, 0x00, 0xce, 0x00, 0x00, 0x00,
  0x00, 0xca, 0x00, 0xdf, 0x83, 0x00, 0x1c, 0x00, 0xd2, 0x00, 0x00, 0x00,
  0x00, 0x00, 0x00, 0x00, 0x00, 0xd0, 0x00, 0x00, 0x00, 0x00, 0x00, 0x00,
  0x00, 0x37, 0x00, 0xce, 0x00, 0x00, 0x00, 0x00, 0x00, 0x00, 0x00, 0x00,
  0x00, 0x00, 0x00, 0xbe, 0x00, 0x00, 0x00, 0x00, 0x00, 0x00, 0x00, 0x00,
  0x00, 0x00, 0x00, 0x00, 0x00, 0x31, 0x00, 0x9f, 0x00, 0x00, 0x00, 0x00,
  0x00, 0x00, 0x00, 0x00, 0x00, 0x00, 0x00, 0x00, 0x00, 0x00, 0x00, 0x00,
  0x1c, 0x5c, 0xff, 0xff, 0xc6, 0x5c, 0xff, 0xff, 0x04, 0x00, 0x00, 0x00,
  0x50, 0x00, 0x00, 0x00, 0x0d, 0x02, 0x00, 0x00, 0x7e, 0x02, 0x00, 0x00,
  0x71, 0x01, 0x00, 0x00, 0x11, 0x03, 0x00, 0x00, 0x42, 0xfd, 0xff, 0xff,
  0x8d, 0xfd, 0xff, 0xff, 0x0b, 0x02, 0x00, 0x00, 0xa0, 0x01, 0x00, 0x00,
  0x68, 0x00, 0x00, 0x00, 0xa5, 0xfe, 0xff, 0xff, 0xf5, 0xff, 0xff, 0xff,
  0x8a, 0x00, 0x00, 0x00, 0x9d, 0x01, 0x00, 0x00, 0xfd, 0xfc, 0xff, 0xff,
  0x12, 0x02, 0x00, 0x00, 0xf8, 0xff, 0xff, 0xff, 0x61, 0x03, 0x00, 0x00,
  0x4b, 0xfe, 0xff, 0xff, 0xe3, 0xff, 0xff, 0xff, 0x92, 0xff, 0xff, 0xff,
  0x22, 0x5d, 0xff, 0xff, 0x04, 0x00, 0x00, 0x00, 0x80, 0x02, 0x00, 0x00,
  0x00, 0xc7, 0x00, 0x00, 0xd6, 0x00, 0x59, 0x47, 0x00, 0x00, 0xb5, 0x00,
  0x00, 0x00, 0x00, 0x00, 0x00, 0x00, 0x00, 0x52, 0x00, 0x00, 0x00, 0x00,
  0x00, 0x00, 0x00, 0x00, 0x00, 0x00, 0xb3, 0x00, 0x00, 0x4c, 0x00, 0x00,
  0x00, 0x38, 0x00, 0x00, 0x00, 0x00, 0x00, 0x00, 0x00, 0x00, 0x00, 0x3c,
  0xb5, 0x00, 0xc4, 0xd9, 0x00, 0x00, 0xde, 0x00, 0x00, 0x28, 0x00, 0x00,
  0xac, 0x00, 0x00, 0x00, 0x00, 0x00, 0x00, 0x00, 0x00, 0x00, 0x00, 0xbb,
  0x00, 0x00, 0x00, 0x00, 0x00, 0x00, 0x00, 0x00, 0x00, 0x00, 0x00, 0xd5,
  0x00, 0x00, 0x00, 0x00, 0x00, 0x3e, 0x00, 0x00, 0x00, 0x00, 0xc1, 0x00,
  0x00, 0x41, 0x00, 0xac, 0xa3, 0x00, 0x00, 0x00, 0x00, 0x58, 0x00, 0x00,
  0x00, 0xbf, 0x00, 0x00, 0x00, 0x00, 0x00, 0x00, 0x00, 0x4b, 0x00, 0x00,
  0x00, 0xb5, 0x00, 0x00, 0x00, 0x00, 0x54, 0x00, 0x00, 0x00, 0x00, 0x00,
  0x00, 0x00, 0x3e, 0x00, 0x00, 0x00, 0x00, 0x3f, 0xbe, 0x00, 0x00, 0x00,
  0x00, 0x00, 0x00, 0x00, 0x00, 0x00, 0x00, 0x00, 0x41, 0x00, 0x00, 0x00,
  0x00, 0x00, 0x00, 0x00, 0x00, 0xb0, 0x00, 0x00, 0x30, 0xa3, 0x00, 0x00,
  0x00, 0x00, 0x00, 0x00, 0xad, 0x00, 0x00, 0x52, 0xad, 0x00, 0x00, 0x00,
  0x00, 0x00, 0x00, 0x00, 0x00, 0xcd, 0x00, 0x00, 0x00, 0x00, 0xcb, 0x00,
  0x00, 0xc2, 0xce, 0x00, 0x00, 0x00, 0x00, 0x00, 0x00, 0x00, 0x00, 0x00,
  0x00, 0xce, 0x00, 0x00, 0x00, 0x00, 0x00, 0x00, 0x00, 0x00, 0x00, 0xcd,
  0x37, 0x00, 0x40, 0xab, 0xcc, 0x00, 0x00, 0x00, 0x00, 0x00, 0x00, 0x00,
  0x00, 0x00, 0x00, 0x00, 0xc7, 0x00, 0x00, 0x00, 0x00, 0x00, 0xd9, 0x00,
  0x00, 0x00, 0xbc, 0x00, 0x00, 0xd9, 0x00, 0x00, 0x00, 0x00, 0xa7, 0x00,
  0x00, 0x00, 0x00, 0x00, 0x00, 0x31, 0x00, 0x00, 0x00, 0x00, 0x00, 0x00,
  0x00, 0x00, 0x00, 0x00, 0x00, 0x00, 0x00, 0x00, 0x00, 0x00, 0x00, 0x00,
  0x00, 0x00, 0xce, 0x00, 0x00, 0x00, 0x00, 0x00, 0x00, 0x00, 0x00, 0x00,
  0x00, 0xca, 0x00, 0x00, 0x00, 0x00, 0x00, 0x00, 0x00, 0x00, 0x00, 0x00,
  0x00, 0xd4, 0x33, 0x43, 0x3e, 0x00, 0xc8, 0x00, 0x00, 0x00, 0x00, 0x00,
  0x00, 0x00, 0x32, 0x00, 0x00, 0x00, 0x00, 0x00, 0x00, 0x00, 0x00, 0x00,
  0x00, 0x00, 0x00, 0x4b, 0x00, 0x38, 0x00, 0x00, 0xbf, 0xc7, 0x00, 0x00,
  0x00, 0x00, 0x00, 0x00, 0x00, 0x00, 0x00, 0x00, 0x00, 0x00, 0x00, 0x00,
  0x00, 0x00, 0x00, 0xaf, 0x00, 0x00, 0x00, 0x00, 0x00, 0x00, 0x45, 0x00,
  0x00, 0x00, 0x00, 0x00, 0x00, 0x00, 0x3a, 0x2d, 0x00, 0x00, 0x00, 0x00,
  0x00, 0x00, 0x54, 0x00, 0x00, 0x00, 0x00, 0x00, 0x00, 0xcb, 0x00, 0x00,
  0x00, 0xb0, 0x00, 0x00, 0x00, 0x00, 0x00, 0x00, 0x29, 0x00, 0x00, 0x3f,
  0x00, 0x2a, 0x00, 0x00, 0x00, 0x50, 0x24, 0x00, 0x00, 0x00, 0x00, 0x00,
  0x31, 0x00, 0x00, 0xc8, 0x00, 0x38, 0xcc, 0x00, 0x00, 0x00, 0x00, 0x00,
  0xad, 0x00, 0x00, 0x00, 0x00, 0x00, 0x00, 0x00, 0x00, 0x00, 0x00, 0x00,
  0x00, 0x00, 0x00, 0x00, 0x00, 0x00, 0x00, 0x00, 0x00, 0x00, 0x00, 0x00,
  0x00, 0xc8, 0x25, 0x00, 0x00, 0x2c, 0x00, 0xd2, 0x00, 0x00, 0x00, 0x00,
  0x00, 0x00, 0x00, 0xe0, 0x00, 0x00, 0xb1, 0x00, 0x28, 0x00, 0x00, 0xc3,
  0x00, 0x00, 0x00, 0x00, 0x00, 0x47, 0xba, 0x00, 0x00, 0x00, 0x4d, 0x00,
  0x00, 0x00, 0x00, 0x00, 0x00, 0x00, 0x00, 0x00, 0x00, 0x00, 0xcc, 0x39,
  0x00, 0x35, 0x00, 0x50, 0x00, 0x00, 0x00, 0x2b, 0x00, 0x00, 0x00, 0x00,
  0x00, 0x00, 0x00, 0x00, 0x00, 0x00, 0x00, 0xcf, 0x00, 0x00, 0x00, 0x00,
  0x00, 0x00, 0x00, 0xa3, 0x00, 0x53, 0x00, 0x00, 0x3e, 0xd4, 0x00, 0x00,
  0x74, 0x00, 0x00, 0x29, 0x00, 0xbd, 0x5e, 0xca, 0x3f, 0x00, 0x00, 0x00,
  0x00, 0x00, 0x00, 0x3b, 0x00, 0x00, 0x5f, 0x00, 0x00, 0x00, 0x00, 0x00,
  0x00, 0x00, 0x00, 0x00, 0x00, 0x34, 0x00, 0x00, 0x00, 0x00, 0x00, 0x00,
  0xc5, 0x57, 0x00, 0x00, 0x00, 0xb5, 0x00, 0xd4, 0x00, 0x00, 0xb6, 0x00,
  0x00, 0x00, 0xb8, 0x00, 0x00, 0x00, 0x00, 0xc0, 0x00, 0x00, 0x00, 0x00,
  0x00, 0x00, 0x00, 0x00, 0x00, 0x00, 0x00, 0x00, 0x00, 0x00, 0x00, 0x00,
  0x00, 0x00, 0x00, 0x00, 0x00, 0x00, 0x00, 0x00, 0x00, 0xa7, 0x00, 0x35,
  0x7f, 0x00, 0xc8, 0x00, 0x00, 0x00, 0x00, 0x3d, 0x44, 0x00, 0x00, 0xc4,
  0x00, 0x00, 0x00, 0x00, 0x00, 0xc6, 0xde, 0x45, 0x00, 0x00, 0x00, 0x00,
  0x5f, 0x40, 0x00, 0x00, 0x08, 0x5f, 0xff, 0xff, 0xb2, 0x5f, 0xff, 0xff,
  0x04, 0x00, 0x00, 0x00, 0x80, 0x00, 0x00, 0x00, 0xfe, 0xff, 0xff, 0xff,
  0xba, 0xfe, 0xff, 0xff, 0x67, 0x00, 0x00, 0x00, 0xfe, 0xfd, 0xff, 0xff,
  0xad, 0x01, 0x00, 0x00, 0x51, 0xff, 0xff, 0xff, 0x96, 0xff, 0xff, 0xff,
  0x35, 0x00, 0x00, 0x00, 0x95, 0xfd, 0xff, 0xff, 0x42, 0x03, 0x00, 0x00,
  0xa2, 0xfd, 0xff, 0xff, 0x04, 0xff, 0xff, 0xff, 0x42, 0x00, 0x00, 0x00,
  0xf1, 0xfd, 0xff, 0xff, 0x01, 0x00, 0x00, 0x00, 0xc0, 0x00, 0x00, 0x00,
  0xcb, 0xfe, 0xff, 0xff, 0x3a, 0x00, 0x00, 0x00, 0x41, 0xfe, 0xff, 0xff,
  0xae, 0x01, 0x00, 0x00, 0xe7, 0xfe, 0xff, 0xff, 0xf8, 0xfd, 0xff, 0xff,
  0xbf, 0x01, 0x00, 0x00, 0x91, 0x00, 0x00, 0x00, 0xea, 0xfe, 0xff, 0xff,
  0xbb, 0xff, 0xff, 0xff, 0x0d, 0x00, 0x00, 0x00, 0x93, 0xff, 0xff, 0xff,
  0x4b, 0x01, 0x00, 0x00, 0x15, 0x00, 0x00, 0x00, 0xd7, 0xff, 0xff, 0xff,
  0xc5, 0xff, 0xff, 0xff, 0x3e, 0x60, 0xff, 0xff, 0x04, 0x00, 0x00, 0x00,
  0x00, 0x08, 0x00, 0x00, 0x00, 0x42, 0x00, 0x00, 0x00, 0x00, 0x00, 0xcf,
  0x00, 0x00, 0x00, 0x00, 0x00, 0x00, 0xcf, 0x00, 0x00, 0x00, 0x00, 0x00,
  0x00, 0x00, 0x00, 0x44, 0x00, 0x00, 0x00, 0x00, 0x00, 0x00, 0x00, 0x00,
  0x00, 0x3f, 0x00, 0x00, 0x00, 0x00, 0x00, 0x00, 0x00, 0x00, 0x00, 0xcb,
  0x00, 0x00, 0x00, 0x00, 0x00, 0x00, 0x00, 0x00, 0x00, 0xaf, 0x00, 0x00,
  0xd4, 0x00, 0x00, 0x00, 0x00, 0x00, 0x00, 0x4b, 0x00, 0x00, 0x00, 0x00,
  0x00, 0x00, 0x33, 0x00, 0x32, 0x00, 0x00, 0x00, 0x00, 0x00, 0x00, 0xbd,
  0x00, 0x28, 0x00, 0x00, 0x00, 0x00, 0xbf, 0x00, 0xc9, 0xb6, 0x00, 0x00,
  0x00, 0x00, 0x00, 0x00, 0x00, 0x00, 0x53, 0xcb, 0x00, 0x00, 0x00, 0x00,
  0x00, 0x00, 0x00, 0x00, 0x00, 0x46, 0x00, 0x00, 0x00, 0x00, 0x00, 0x00,
  0x00, 0x00, 0xb7, 0x00, 0x00, 0x00, 0x00, 0x00, 0x00, 0x3f, 0x00, 0x00,
  0x00, 0x00, 0x00, 0x00, 0x6c, 0xbf, 0x00, 0x00, 0x00, 0x00, 0x00, 0x00,
  0x00, 0x00, 0x00, 0xc8, 0x00, 0x00, 0x2a, 0x00, 0x00, 0x00, 0xc3, 0x00,
  0xaa, 0x00, 0x00, 0x00, 0x00, 0x00, 0x00, 0x00, 0x24, 0x00, 0x00, 0x00,
  0x00, 0x00, 0x00, 0x00, 0x00, 0x50, 0x00, 0x3a, 0x00, 0x00, 0x00, 0x00,
  0x00, 0x00, 0x96, 0xb5, 0xb6, 0x00, 0x00, 0x00, 0x00, 0x00, 0x49, 0x00,
  0x00, 0xb7, 0x00, 0xa1, 0xcd, 0x00, 0x00, 0x3e, 0x00, 0x00, 0x00, 0x00,
  0x00, 0x00, 0x00, 0x00, 0x00, 0x00, 0x39, 0x00, 0x00, 0x00, 0x00, 0x00,
  0x00, 0xbd, 0x00, 0x00, 0x00, 0x00, 0x00, 0x00, 0x00, 0x00, 0xc2, 0x37,
  0x00, 0x00, 0x00, 0xc1, 0x00, 0xc3, 0x00, 0x00, 0x40, 0x00, 0x00, 0x36,
  0x3b, 0x00, 0x00, 0x00, 0x00, 0x00, 0xb8, 0x00, 0x00, 0x28, 0x00, 0xb6,
  0x00, 0x33, 0xc8, 0xc7, 0x00, 0x00, 0x00, 0x00, 0x00, 0x00, 0x00, 0x00,
  0x00, 0x00, 0x4b, 0x00, 0x00, 0x00, 0x00, 0x00, 0x00, 0x00, 0x4f, 0x00,
  0x00, 0x00, 0x93, 0x3d, 0x00, 0x00, 0x3c, 0x33, 0x00, 0x00, 0x00, 0xbb,
  0x00, 0x1f, 0x00, 0x00, 0xbf, 0x00, 0x00, 0x00, 0x00, 0x00, 0x00, 0x00,
  0x38, 0x00, 0x00, 0x00, 0x37, 0x00, 0x00, 0x30, 0x00, 0x00, 0x00, 0x00,
  0x00, 0x00, 0x00, 0xa3, 0x00, 0x00, 0x00, 0x00, 0x00, 0xa7, 0x00, 0x00,
  0x00, 0xca, 0x00, 0xca, 0x00, 0x00, 0x00, 0x00, 0x00, 0x00, 0x00, 0x00,
  0xaf, 0x00, 0x00, 0x00, 0x00, 0x00, 0x00, 0x00, 0x59, 0xaf, 0x00, 0x00,
  0x00, 0x2e, 0x28, 0x38, 0x00, 0x60, 0x00, 0x00, 0x36, 0x2e, 0x00, 0x00,
  0x00, 0x00, 0x43, 0xcc, 0x00, 0x00, 0x00, 0x00, 0x00, 0x00, 0x00, 0x00,
  0x00, 0x00, 0x00, 0xc9, 0x00, 0x00, 0x00, 0xb7, 0x00, 0x00, 0x00, 0x00,
  0xc0, 0x00, 0x00, 0x00, 0x00, 0x00, 0x53, 0x00, 0x00, 0xdc, 0x43, 0x00,
  0x00, 0x35, 0x00, 0x00, 0x00, 0x00, 0x00, 0xaa, 0x58, 0x39, 0x00, 0xdd,
  0x00, 0x00, 0x00, 0x00, 0x00, 0x00, 0x00, 0x00, 0x00, 0x00, 0x00, 0x00,
  0x00, 0x00, 0x00, 0x00, 0x00, 0x00, 0x00, 0x00, 0x00, 0x00, 0x00, 0x00,
  0x00, 0xcf, 0xb0, 0x00, 0x00, 0x00, 0x00, 0x00, 0x00, 0x00, 0x2a, 0x00,
  0x00, 0x00, 0xdd, 0x00, 0x58, 0x00, 0x00, 0x00, 0x00, 0x00, 0x00, 0x00,
  0x00, 0x00, 0x00, 0x00, 0x33, 0x00, 0x00, 0x00, 0x00, 0x2a, 0x4a, 0x00,
  0xa7, 0x00, 0x00, 0x00, 0x00, 0x00, 0x00, 0x00, 0x00, 0x00, 0xb1, 0x00,
  0x00, 0x00, 0x00, 0x00, 0xbf, 0x00, 0x81, 0x00, 0x42, 0x00, 0x00, 0x00,
  0x00, 0x00, 0x00, 0x49, 0x00, 0xdf, 0xa2, 0x00, 0x00, 0x00, 0x1a, 0x00,
  0x00, 0x00, 0x00, 0x00, 0x00, 0x00, 0x00, 0x00, 0x00, 0x00, 0x00, 0x00,
  0x00, 0x00, 0x00, 0x00, 0xb6, 0x3c, 0x00, 0x00, 0x00, 0x00, 0x00, 0x00,
  0x00, 0x00, 0x00, 0xab, 0x00, 0x00, 0x00, 0x00, 0x00, 0x00, 0x00, 0xbf,
  0x00, 0x00, 0x29, 0x00, 0x1f, 0x00, 0xb2, 0x00, 0x00, 0x00, 0x00, 0x00,
  0x00, 0x00, 0x00, 0x25, 0x00, 0x00, 0x00, 0x00, 0x00, 0x1b, 0x00, 0x00,
  0x8d, 0x00, 0x9f, 0x00, 0x00, 0x00, 0xbf, 0x00, 0x00, 0x00, 0x29, 0x17,
  0xb4, 0x00, 0x00, 0x00, 0x00, 0x00, 0x00, 0x00, 0x00, 0x00, 0x00, 0x00,
  0x00, 0x00, 0x00, 0x00, 0x00, 0x53, 0x00, 0x00, 0x4f, 0x00, 0x00, 0x00,
  0x00, 0x00, 0x00, 0x00, 0x00, 0x00, 0x58, 0x00, 0x00, 0x00, 0x00, 0x00,
  0xe7, 0x00, 0x00, 0x00, 0x00, 0x00, 0x00, 0xc9, 0x49, 0x00, 0x00, 0x00,
  0x00, 0x00, 0x00, 0x00, 0x00, 0x00, 0x00, 0x52, 0x00, 0x00, 0x00, 0x00,
  0x00, 0x00, 0x00, 0x00, 0x00, 0x00, 0x7a, 0x00, 0x00, 0x39, 0xbc, 0x00,
  0x00, 0x00, 0xb1, 0x40, 0x00, 0x00, 0x00, 0x00, 0x00, 0x00, 0x00, 0x00,
  0x00, 0xdf, 0x00, 0x00, 0x00, 0x00, 0x00, 0x00, 0x00, 0x00, 0x00, 0x00,
  0x00, 0x00, 0x00, 0x00, 0x00, 0x00, 0x2b, 0xad, 0x00, 0x19, 0x00, 0x19,
  0x00, 0x00, 0xb8, 0x00, 0x00, 0x00, 0x00, 0x00, 0x00, 0x00, 0x00, 0x9d,
  0xcb, 0x00, 0x38, 0x00, 0x00, 0x00, 0x00, 0x52, 0x00, 0x00, 0x00, 0x00,
  0x00, 0x00, 0x00, 0x00, 0x00, 0xcb, 0x00, 0x00, 0x00, 0x39, 0xb2, 0x00,
  0x00, 0x43, 0x38, 0x00, 0x00, 0x00, 0x00, 0x00, 0xd7, 0x30, 0x00, 0x32,
  0x00, 0x00, 0x00, 0x00, 0x00, 0xcb, 0x00, 0x2f, 0x00, 0x00, 0x00, 0x00,
  0x00, 0x3a, 0x00, 0x5b, 0xc4, 0x00, 0x00, 0x00, 0xbb, 0x2c, 0x00, 0x00,
  0x00, 0x00, 0x00, 0x00, 0x00, 0x00, 0x00, 0x4d, 0x00, 0x00, 0xb7, 0x2d,
  0x00, 0x54, 0xda, 0x00, 0x00, 0xab, 0x00, 0x00, 0x00, 0x00, 0x00, 0x00,
  0x00, 0xd3, 0x00, 0x00, 0x00, 0xe4, 0x00, 0x00, 0x00, 0x00, 0x00, 0x48,
  0x00, 0x00, 0x00, 0x53, 0x00, 0x00, 0x00, 0x00, 0x00, 0xca, 0x00, 0x35,
  0x00, 0x00, 0x92, 0xe2, 0x00, 0x00, 0x00, 0x00, 0x00, 0xb6, 0x00, 0x00,
  0x00, 0x00, 0x00, 0x00, 0x00, 0x00, 0x00, 0x00, 0x00, 0x00, 0xe4, 0x00,
  0x00, 0x00, 0x00, 0x00, 0x4c, 0x00, 0x00, 0x00, 0x00, 0x00, 0x00, 0x23,
  0x00, 0x00, 0x00, 0x00, 0x98, 0x00, 0x00, 0x00, 0x00, 0x00, 0x00, 0x00,
  0xb5, 0x00, 0x00, 0x00, 0x00, 0x00, 0xc8, 0xc3, 0x00, 0x00, 0x00, 0x00,
  0xc6, 0x00, 0x00, 0x4a, 0x00, 0x00, 0x00, 0x00, 0x00, 0x00, 0x00, 0x00,
  0xcd, 0xc9, 0xb5, 0x00, 0x00, 0x00, 0x00, 0x00, 0xbc, 0x00, 0x00, 0x00,
  0x00, 0x00, 0x1f, 0x00, 0x00, 0x00, 0x00, 0x00, 0x00, 0x00, 0x19, 0x00,
  0xce, 0x00, 0x00, 0x00, 0x55, 0x00, 0x00, 0x00, 0x4c, 0x00, 0x00, 0x00,
  0x49, 0x00, 0x00, 0x00, 0x00, 0x00, 0x00, 0x00, 0x00, 0x00, 0xbc, 0x00,
  0x00, 0x68, 0x00, 0x00, 0x00, 0x00, 0x00, 0x00, 0x00, 0x40, 0x00, 0x00,
  0xc8, 0x00, 0x00, 0x00, 0x00, 0x00, 0x00, 0x00, 0x00, 0x00, 0x2e, 0x6b,
  0x00, 0x00, 0x00, 0x00, 0x00, 0x00, 0x00, 0x00, 0x00, 0x00, 0x00, 0x00,
  0x00, 0x00, 0x00, 0x00, 0x00, 0x00, 0x00, 0x00, 0xc5, 0x00, 0x00, 0x00,
  0x00, 0x00, 0x38, 0x51, 0x43, 0x00, 0x00, 0x00, 0x00, 0x00, 0x42, 0x00,
  0x00, 0x00, 0x00, 0x00, 0x00, 0x00, 0x00, 0x00, 0x00, 0x00, 0x00, 0x00,
  0x00, 0x00, 0x00, 0x2d, 0x00, 0x00, 0x00, 0x00, 0x00, 0x00, 0xc1, 0x00,
  0xd9, 0x00, 0x00, 0x00, 0x3a, 0x00, 0x00, 0x00, 0x38, 0x00, 0x00, 0x00,
  0xc7, 0x00, 0x00, 0x00, 0x00, 0x00, 0x00, 0x00, 0x00, 0x00, 0x4b, 0x00,
  0xcc, 0x00, 0xc2, 0x33, 0x00, 0x00, 0x00, 0x00, 0x00, 0x00, 0x2e, 0x00,
  0x00, 0x00, 0xc2, 0x00, 0xc4, 0xa5, 0x39, 0x00, 0x00, 0x00, 0x00, 0x28,
  0x00, 0xc8, 0x00, 0x00, 0xd7, 0x00, 0x00, 0x00, 0xad, 0x00, 0x00, 0x00,
  0x00, 0x00, 0x00, 0xa8, 0x00, 0x00, 0x4a, 0x00, 0x39, 0x00, 0x00, 0xb6,
  0x00, 0x00, 0x00, 0xbf, 0x00, 0x00, 0x00, 0x00, 0x00, 0x37, 0x00, 0x00,
  0x00, 0x00, 0x00, 0x00, 0x00, 0x41, 0x00, 0x00, 0x00, 0x00, 0xbf, 0x00,
  0x00, 0x00, 0x00, 0x00, 0x00, 0x00, 0x00, 0xb5, 0xca, 0x3e, 0x00, 0x00,
  0x00, 0x00, 0x00, 0x00, 0xfc, 0x00, 0x00, 0x00, 0x00, 0x00, 0x00, 0x00,
  0x00, 0x00, 0x00, 0x5e, 0x00, 0x00, 0x00, 0x00, 0xea, 0x00, 0x00, 0x00,
  0x00, 0xd0, 0x00, 0x00, 0x00, 0x00, 0x00, 0x00, 0x00, 0x40, 0x00, 0x00,
  0x00, 0x00, 0x00, 0x00, 0x00, 0x00, 0x00, 0x00, 0x00, 0x00, 0x00, 0x00,
  0x00, 0x00, 0x00, 0x00, 0x00, 0x3c, 0x00, 0xa8, 0x00, 0xa2, 0x00, 0xc1,
  0x00, 0x00, 0x00, 0x00, 0x00, 0xb9, 0xb2, 0x00, 0x00, 0x00, 0x00, 0x00,
  0x00, 0x00, 0x00, 0x00, 0x00, 0x00, 0x00, 0xb4, 0x00, 0x00, 0xc3, 0x00,
  0x00, 0x25, 0x00, 0x00, 0xa8, 0x00, 0x00, 0x00, 0x00, 0x00, 0x00, 0x43,
  0x00, 0x16, 0x12, 0x00, 0x22, 0x00, 0x00, 0x00, 0x00, 0x00, 0x00, 0x00,
  0x00, 0x00, 0x58, 0x00, 0x00, 0x35, 0x00, 0x00, 0x00, 0x00, 0x00, 0x00,
  0x00, 0x22, 0x00, 0x00, 0xc3, 0x00, 0x00, 0xc5, 0x00, 0x00, 0x00, 0x38,
  0xc5, 0x18, 0x00, 0x00, 0x00, 0x00, 0x00, 0x40, 0x00, 0x00, 0x00, 0x00,
  0x00, 0x00, 0x4a, 0x00, 0x00, 0x00, 0x00, 0x00, 0x00, 0x00, 0x00, 0x00,
  0xc3, 0x00, 0x00, 0x00, 0x00, 0x00, 0x00, 0x25, 0x00, 0x00, 0x00, 0x00,
  0x00, 0x00, 0x00, 0x00, 0x00, 0x00, 0x00, 0xbd, 0x00, 0x5a, 0x00, 0x00,
  0xb7, 0x00, 0x00, 0x00, 0x00, 0x00, 0x00, 0xb0, 0x00, 0x00, 0x00, 0x00,
  0x00, 0xce, 0x00, 0x00, 0x00, 0xbd, 0x00, 0x00, 0x00, 0x00, 0x00, 0x00,
  0x00, 0x00, 0x00, 0x43, 0x00, 0xb7, 0x00, 0x00, 0x00, 0x00, 0x00, 0xd1,
  0x00, 0x00, 0x00, 0x00, 0x00, 0x00, 0x4d, 0x00, 0x00, 0x00, 0x00, 0x00,
  0xc5, 0x3c, 0x00, 0x00, 0x41, 0x00, 0x00, 0x00, 0x00, 0x00, 0x00, 0x00,
  0x00, 0x3d, 0x00, 0x4f, 0x00, 0x00, 0x00, 0x35, 0x3b, 0x00, 0x00, 0x00,
  0x3f, 0x00, 0xce, 0xc7, 0x44, 0x00, 0x00, 0x00, 0x00, 0x00, 0x29, 0x2e,
  0x00, 0x00, 0x00, 0x27, 0x00, 0x00, 0x00, 0x00, 0x00, 0x4a, 0x00, 0x00,
  0x00, 0x3b, 0x00, 0x00, 0x00, 0xd2, 0x00, 0x00, 0x00, 0x00, 0x00, 0x00,
  0xce, 0x00, 0x00, 0x00, 0x5b, 0x00, 0x00, 0x00, 0x00, 0x00, 0x00, 0x00,
  0x00, 0x00, 0x00, 0x00, 0x00, 0x35, 0x00, 0x00, 0x00, 0x00, 0x40, 0x00,
  0x00, 0x00, 0x00, 0x00, 0x00, 0x00, 0x00, 0x00, 0x00, 0x00, 0x00, 0x00,
  0x00, 0x47, 0x53, 0x00, 0x4e, 0x00, 0x00, 0x00, 0x00, 0x56, 0x00, 0x00,
  0x00, 0x00, 0x00, 0x00, 0x00, 0x00, 0x00, 0x58, 0x4b, 0x00, 0x00, 0x3a,
  0x3f, 0x00, 0x00, 0x00, 0x00, 0x00, 0x00, 0x00, 0x00, 0x00, 0x00, 0x7a,
  0x00, 0x00, 0x00, 0x00, 0x00, 0x00, 0x00, 0xc1, 0x00, 0xa2, 0xc5, 0x00,
  0x2c, 0x00, 0x00, 0x00, 0x42, 0x00, 0xae, 0x4e, 0x00, 0x00, 0x00, 0x00,
  0x00, 0x00, 0x00, 0x41, 0xcb, 0x00, 0x00, 0x00, 0x00, 0x00, 0x00, 0x00,
  0x5f, 0x00, 0xd7, 0xc0, 0x00, 0x00, 0xd2, 0x00, 0x00, 0x00, 0x00, 0x00,
  0x00, 0x00, 0x00, 0x00, 0x46, 0x00, 0x00, 0xde, 0x00, 0xcc, 0x00, 0x00,
  0x00, 0x00, 0xb7, 0x00, 0x00, 0x00, 0x59, 0x00, 0x3c, 0x00, 0x00, 0x00,
  0x00, 0x00, 0x00, 0x00, 0x00, 0xc0, 0x4c, 0x00, 0x00, 0x00, 0x00, 0xd5,
  0x00, 0x00, 0x00, 0xb0, 0x00, 0x00, 0x00, 0x00, 0x42, 0x00, 0x00, 0x00,
  0x00, 0x00, 0x00, 0x00, 0x00, 0x00, 0x00, 0x50, 0x00, 0x00, 0x00, 0x00,
  0x00, 0x00, 0x00, 0x00, 0x00, 0x00, 0x00, 0x00, 0x00, 0xc9, 0x00, 0x00,
  0x00, 0x00, 0xd7, 0x00, 0x00, 0x00, 0x00, 0x00, 0x00, 0x00, 0x00, 0x00,
  0x00, 0x00, 0x00, 0x00, 0x00, 0x00, 0x00, 0x00, 0x00, 0xb7, 0xbc, 0x00,
  0x20, 0x00, 0x00, 0xae, 0xaf, 0x00, 0x00, 0x00, 0xc8, 0x00, 0x00, 0x00,
  0x00, 0x3a, 0x00, 0x00, 0xc4, 0x00, 0x00, 0x00, 0x00, 0x00, 0x37, 0x00,
  0x00, 0x00, 0x00, 0x00, 0x00, 0x00, 0x00, 0x00, 0x00, 0x48, 0xc1, 0xb1,
  0x00, 0x00, 0x28, 0xad, 0x00, 0x00, 0x00, 0x00, 0x18, 0x00, 0x00, 0x00,
  0xa7, 0x00, 0xcb, 0x00, 0x00, 0x00, 0xd3, 0x00, 0x00, 0x64, 0x00, 0x00,
  0x00, 0x00, 0x00, 0x00, 0x24, 0x00, 0x00, 0x9b, 0x41, 0x00, 0x00, 0x00,
  0x00, 0x00, 0xc9, 0x00, 0x22, 0x00, 0x00, 0x00, 0x00, 0x00, 0x00, 0x00,
  0x00, 0x00, 0x00, 0x00, 0xac, 0x42, 0x00, 0x57, 0x00, 0x5b, 0x00, 0x00,
  0x00, 0x00, 0x00, 0x00, 0xe0, 0x00, 0x00, 0xc1, 0x00, 0x1e, 0x00, 0x00,
  0x00, 0x40, 0x00, 0x00, 0xa5, 0x00, 0x00, 0x00, 0x00, 0x00, 0x00, 0x37,
  0x00, 0x00, 0x00, 0x00, 0x00, 0x00, 0x00, 0x00, 0x00, 0x00, 0x00, 0x00,
  0x00, 0x00, 0x00, 0x00, 0x32, 0x1d, 0x00, 0xa7, 0x00, 0x00, 0x00, 0x00,
  0xc1, 0x00, 0x00, 0xc5, 0x00, 0x29, 0x00, 0x00, 0x2f, 0x00, 0xaa, 0x00,
  0x00, 0x00, 0x00, 0xb2, 0x00, 0x00, 0x00, 0x00, 0x00, 0x00, 0x00, 0x00,
  0x30, 0x00, 0x00, 0x00, 0x00, 0x00, 0x00, 0x00, 0x00, 0x00, 0x00, 0x00,
  0xcc, 0x00, 0x41, 0xa7, 0x00, 0xa7, 0xa0, 0x00, 0xc2, 0x00, 0x00, 0x00,
  0x00, 0x00, 0x00, 0x00, 0x00, 0x00, 0x00, 0x00, 0x00, 0x00, 0x00, 0x00,
  0x00, 0x00, 0xc6, 0x00, 0x00, 0x00, 0x00, 0x00, 0x00, 0x00, 0x00, 0x00,
  0x00, 0x00, 0x00, 0x00, 0x00, 0xba, 0x00, 0x00, 0x00, 0x00, 0x00, 0x00,
  0xcc, 0x00, 0x00, 0x00, 0x53, 0x00, 0x00, 0x00, 0x41, 0x00, 0x00, 0x00,
  0x00, 0x00, 0x00, 0x00, 0x00, 0x3e, 0x00, 0x00, 0x00, 0x00, 0x00, 0x00,
  0x27, 0x00, 0x00, 0x00, 0x00, 0x00, 0x00, 0x00, 0x00, 0x00, 0x00, 0x00,
  0x00, 0x00, 0xae, 0x00, 0x00, 0x00, 0xb4, 0x00, 0xc5, 0x00, 0x00, 0x42,
  0x00, 0x00, 0x00, 0x00, 0x00, 0x00, 0xb9, 0x00, 0x00, 0x00, 0x00, 0x00,
  0x00, 0xb8, 0x00, 0x00, 0x00, 0x40, 0x00, 0x00, 0x00, 0x00, 0x00, 0x42,
  0x00, 0x00, 0x00, 0x00, 0xdc, 0x00, 0x00, 0x00, 0xcf, 0x00, 0x00, 0x00,
  0x00, 0x00, 0x00, 0x00, 0x00, 0xda, 0x00, 0x00, 0x00, 0xc8, 0x00, 0x00,
  0x00, 0x00, 0x00, 0x00, 0x00, 0x00, 0x00, 0x4e, 0x00, 0x00, 0x00, 0x00,
  0x00, 0x00, 0x00, 0x00, 0x00, 0x00, 0x00, 0x00, 0xce, 0x00, 0x00, 0x00,
  0x00, 0x00, 0x00, 0x00, 0x00, 0x00, 0x00, 0x00, 0x00, 0x00, 0x00, 0x00,
  0x00, 0x00, 0xd4, 0x00, 0x00, 0x00, 0x5d, 0x00, 0x00, 0xae, 0x00, 0x00,
  0x00, 0x00, 0x00, 0x00, 0x00, 0x00, 0x40, 0x00, 0xc5, 0x00, 0x00, 0x00,
  0x00, 0x00, 0x00, 0x00, 0x00, 0x00, 0x00, 0xd1, 0x00, 0x00, 0x00, 0xcd,
  0x00, 0x00, 0x45, 0x6c, 0x00, 0x00, 0xbc, 0xbd, 0xa0, 0x00, 0x00, 0x00,
  0x00, 0x00, 0xc0, 0x00, 0x00, 0x00, 0x00, 0x00, 0x00, 0x00, 0x00, 0x91,
  0x00, 0x00, 0x00, 0x00, 0x00, 0x00, 0xc5, 0x38, 0x00, 0xaf, 0x00, 0x00,
  0xa4, 0x67, 0xff, 0xff, 0x4e, 0x68, 0xff, 0xff, 0x04, 0x00, 0x00, 0x00,
  0x00, 0x01, 0x00, 0x00, 0xdb, 0x01, 0x00, 0x00, 0x75, 0x03, 0x00, 0x00,
  0x94, 0x04, 0x00, 0x00, 0x16, 0x00, 0x00, 0x00, 0x4b, 0x08, 0x00, 0x00,
  0x99, 0x03, 0x00, 0x00, 0x08, 0x0f, 0x00, 0x00, 0xf1, 0x08, 0x00, 0x00,
  0xe4, 0x07, 0x00, 0x00, 0x90, 0x0a, 0x00, 0x00, 0xf4, 0xff, 0xff, 0xff,
  0xa2, 0x0c, 0x00, 0x00, 0x7c, 0x00, 0x00, 0x00, 0xe0, 0x06, 0x00, 0x00,
  0x1c, 0xff, 0xff, 0xff, 0x8e, 0x0b, 0x00, 0x00, 0x4d, 0x0b, 0x00, 0x00,
  0xde, 0x0b, 0x00, 0x00, 0x99, 0x10, 0x00, 0x00, 0x23, 0x0a, 0x00, 0x00,
  0x3b, 0x0b, 0x00, 0x00, 0x69, 0x00, 0x00, 0x00, 0x6c, 0x05, 0x00, 0x00,
  0xc3, 0x0a, 0x00, 0x00, 0xf6, 0x04, 0x00, 0x00, 0xc8, 0x0b, 0x00, 0x00,
  0x93, 0x02, 0x00, 0x00, 0x96, 0x06, 0x00, 0x00, 0xcb, 0x01, 0x00, 0x00,
  0x31, 0x09, 0x00, 0x00, 0x4e, 0x05, 0x00, 0x00, 0xee, 0xff, 0xff, 0xff,
  0x75, 0x01, 0x00, 0x00, 0x68, 0x04, 0x00, 0x00, 0xab, 0xff, 0xff, 0xff,
  0xca, 0x07, 0x00, 0x00, 0x70, 0x04, 0x00, 0x00, 0xec, 0x03, 0x00, 0x00,
  0x95, 0xff, 0xff, 0xff, 0x5e, 0xff, 0xff, 0xff, 0x3f, 0x00, 0x00, 0x00,
  0xa0, 0x09, 0x00, 0x00, 0x3b, 0x08, 0x00, 0x00, 0xa0, 0x01, 0x00, 0x00,
  0x3f, 0x04, 0x00, 0x00, 0xb0, 0xfd, 0xff, 0xff, 0xbb, 0x01, 0x00, 0x00,
  0x94, 0x05, 0x00, 0x00, 0x9d, 0x05, 0x00, 0x00, 0x71, 0x06, 0x00, 0x00,
  0x37, 0x0a, 0x00, 0x00, 0x83, 0x03, 0x00, 0x00, 0x83, 0x0c, 0x00, 0x00,
  0x7c, 0x0c, 0x00, 0x00, 0x4d, 0x05, 0x00, 0x00, 0x02, 0x0a, 0x00, 0x00,
  0x76, 0x04, 0x00, 0x00, 0x42, 0xfb, 0xff, 0xff, 0x71, 0x0c, 0x00, 0x00,
  0x47, 0xfc, 0xff, 0xff, 0x84, 0x03, 0x00, 0x00, 0x2a, 0x08, 0x00, 0x00,
  0x03, 0x09, 0x00, 0x00, 0xf6, 0x05, 0x00, 0x00, 0x5a, 0x69, 0xff, 0xff,
  0x04, 0x00, 0x00, 0x00, 0x00, 0x96, 0x00, 0x00, 0x00, 0x00, 0x00, 0x1d,
  0x00, 0x00, 0x00, 0x00, 0x00, 0x00, 0x00, 0x00, 0x00, 0x00, 0x00, 0x00,
  0x00, 0x00, 0x00, 0x00, 0x1d, 0x00, 0x00, 0x00, 0x00, 0x00, 0x1e, 0x00,
  0x00, 0x00, 0x00, 0x00, 0x21, 0x00, 0x00, 0x00, 0x00, 0x00, 0x00, 0x00,
  0x00, 0x00, 0x00, 0x00, 0x00, 0x17, 0x00, 0x00, 0x00, 0x00, 0x00, 0x00,
  0xdb, 0x00, 0x00, 0x00, 0x00, 0x00, 0x00, 0x00, 0x00, 0x00, 0x00, 0x00,
  0x00, 0x00, 0x00, 0xcc, 0x00, 0x00, 0x00, 0x00, 0x00, 0x00, 0x00, 0x00,
  0xdb, 0xdd, 0x00, 0x00, 0x00, 0x00, 0xe3, 0x00, 0x00, 0x00, 0x00, 0x00,
  0x00, 0x00, 0x00, 0x00, 0x00, 0x00, 0x00, 0x00, 0x00, 0x00, 0x00, 0x00,
  0x00, 0x00, 0x00, 0x00, 0x00, 0x00, 0x00, 0x00, 0x00, 0x00, 0x00, 0x00,
  0x00, 0x00, 0x00, 0x00, 0x00, 0x00, 0x00, 0xd4, 0x00, 0x00, 0x00, 0x00,
  0x00, 0x00, 0xe7, 0x00, 0x00, 0x00, 0x00, 0xd3, 0x00, 0x00, 0x00, 0x00,
  0x00, 0x00, 0x00, 0x00, 0x00, 0x00, 0xf9, 0x00, 0x00, 0x00, 0x00, 0x00,
  0x00, 0xc0, 0x00, 0x00, 0x00, 0x1d, 0x00, 0xd5, 0x00, 0x00, 0x00, 0x28,
  0x00, 0x00, 0x0c, 0x00, 0x00, 0x00, 0x00, 0xca, 0x00, 0x00, 0xd5, 0x23,
  0x00, 0xda, 0x00, 0x00, 0x00, 0x2d, 0x00, 0x00, 0x00, 0x00, 0x00, 0x2c,
  0x00, 0x00, 0x00, 0x00, 0x00, 0x00, 0xde, 0x00, 0x0f, 0x00, 0x00, 0x00,
  0xd1, 0x00, 0x00, 0x00, 0xdc, 0x27, 0x00, 0x13, 0x00, 0x00, 0x00, 0x00,
  0x00, 0x14, 0x00, 0x00, 0x00, 0x25, 0xd8, 0x00, 0x00, 0xde, 0x00, 0x1a,
  0x00, 0x00, 0x00, 0x00, 0x00, 0x19, 0x00, 0x00, 0x00, 0x00, 0x00, 0x0e,
  0xd6, 0x00, 0x00, 0x28, 0x00, 0x12, 0x00, 0x17, 0x00, 0x00, 0x00, 0x00,
  0x00, 0x00, 0x00, 0x00, 0x00, 0x00, 0xd7, 0x24, 0x00, 0x00, 0x00, 0x00,
  0x00, 0x00, 0x00, 0xe2, 0x00, 0x00, 0x00, 0x00, 0x00, 0x00, 0x00, 0x1f,
  0x00, 0x00, 0x00, 0x00, 0x00, 0x00, 0xd4, 0x00, 0x00, 0xd0, 0x00, 0x00,
  0x00, 0x00, 0x00, 0x00, 0x23, 0x00, 0x00, 0x00, 0x00, 0x00, 0x26, 0x00,
  0x00, 0xde, 0x00, 0x00, 0x00, 0x28, 0x00, 0x00, 0x00, 0xdd, 0x00, 0x00,
  0x00, 0x00, 0x00, 0x00, 0x00, 0x24, 0x00, 0x00, 0x00, 0x00, 0x00, 0x00,
  0x00, 0x00, 0x00, 0x00, 0x00, 0x2c, 0x00, 0x00, 0x00, 0x00, 0x2a, 0x26,
  0x00, 0x00, 0x00, 0x1e, 0x2c, 0x29, 0x00, 0x00, 0x00, 0x00, 0x00, 0x00,
  0x00, 0x00, 0x00, 0x00, 0x00, 0x00, 0xdc, 0x00, 0x00, 0x00, 0x00, 0x18,
  0xe1, 0x00, 0x00, 0x00, 0x00, 0x00, 0xe4, 0xc9, 0xd3, 0x00, 0x00, 0x00,
  0xdb, 0x00, 0x00, 0x00, 0x00, 0x21, 0x00, 0x00, 0x00, 0x00, 0x00, 0x21,
  0x00, 0xcf, 0x00, 0x00, 0x00, 0x00, 0xd2, 0x00, 0x00, 0x00, 0x00, 0x1f,
  0xeb, 0x00, 0x00, 0x00, 0x00, 0x00, 0xe9, 0x00, 0x00, 0x00, 0xea, 0x00,
  0x00, 0x00, 0x00, 0xc6, 0x00, 0x16, 0x00, 0xd8, 0x00, 0xd0, 0x00, 0x00,
  0xe5, 0x00, 0x00, 0x00, 0xca, 0x00, 0x00, 0x00, 0xde, 0x00, 0x00, 0x1c,
  0x00, 0x00, 0x1e, 0xcc, 0x00, 0x00, 0x00, 0x00, 0x1a, 0xb2, 0xec, 0x00,
  0x00, 0x00, 0x00, 0xaf, 0x00, 0x00, 0x00, 0x00, 0x00, 0xc6, 0x00, 0x17,
  0x00, 0x00, 0x00, 0xd0, 0x00, 0x00, 0xf2, 0x00, 0x00, 0x00, 0x00, 0x00,
  0x00, 0x00, 0x00, 0x00, 0x00, 0x00, 0x00, 0x0e, 0x00, 0x0f, 0xd9, 0x00,
  0x00, 0x13, 0x00, 0x00, 0xd8, 0x00, 0x00, 0x19, 0x00, 0x0d, 0x00, 0x00,
  0x00, 0x00, 0x00, 0x00, 0x00, 0x00, 0x00, 0x1a, 0x00, 0x00, 0x00, 0x00,
  0x00, 0x00, 0x00, 0x00, 0x1e, 0x00, 0x00, 0x00, 0x00, 0x00, 0x00, 0x00,
  0xe7, 0x00, 0xec, 0x00, 0x00, 0x1f, 0x00, 0x00, 0x00, 0x00, 0x00, 0x00,
  0x00, 0x00, 0x00, 0x00, 0x00, 0x00, 0x00, 0x00, 0x00, 0x00, 0x00, 0x00,
  0xd9, 0x00, 0x00, 0x00, 0x00, 0x00, 0x00, 0x00, 0x00, 0x00, 0x00, 0x25,
  0x00, 0x10, 0x00, 0x00, 0x00, 0x29, 0x00, 0x19, 0x00, 0x00, 0x00, 0x29,
  0x00, 0x00, 0x00, 0x00, 0x00, 0x2a, 0x00, 0x00, 0x00, 0x00, 0x00, 0x00,
  0x00, 0xe6, 0x00, 0x00, 0x00, 0x35, 0xcd, 0xdc, 0x00, 0x00, 0x00, 0x00,
  0x00, 0x00, 0x00, 0xda, 0x00, 0x00, 0x00, 0x00, 0x00, 0x00, 0x00, 0x34,
  0xe8, 0x00, 0x00, 0x00, 0x00, 0x00, 0x00, 0x00, 0x00, 0x00, 0x00, 0x00,
  0x00, 0xfb, 0x00, 0x00, 0x00, 0xea, 0x1b, 0x00, 0x00, 0x00, 0xe6, 0x00,
  0x00, 0x00, 0x00, 0x00, 0xd8, 0xe6, 0x00, 0xf8, 0x00, 0x00, 0xef, 0x00,
  0x00, 0x00, 0x00, 0x00, 0x00, 0x00, 0x00, 0x00, 0x00, 0x00, 0x00, 0x00,
  0x00, 0x00, 0x00, 0x9e, 0xe4, 0x00, 0x00, 0x00, 0x00, 0xac, 0x00, 0xef,
  0xe2, 0x00, 0x00, 0xae, 0xf2, 0x00, 0x00, 0x00, 0x00, 0xd6, 0x00, 0x00,
  0x00, 0x00, 0x00, 0xc9, 0x00, 0x00, 0x00, 0x00, 0x00, 0xcd, 0x00, 0x00,
  0x00, 0x00, 0x00, 0x00, 0xfc, 0x00, 0x00, 0x00, 0x00, 0x00, 0x00, 0xf3,
  0x00, 0xf9, 0x17, 0x00, 0x00, 0x00, 0x12, 0xfb, 0x00, 0x00, 0x00, 0x00,
  0x00, 0x00, 0x00, 0x00, 0x00, 0x00, 0x16, 0xf9, 0x00, 0x00, 0x08, 0x00,
  0x13, 0x00, 0xe8, 0x00, 0x00, 0x1f, 0x00, 0x00, 0x00, 0x00, 0x00, 0x00,
  0x11, 0x00, 0x00, 0x00, 0x00, 0x00, 0x00, 0xe6, 0x00, 0xa9, 0x00, 0x00,
  0x00, 0x00, 0x00, 0x00, 0x0a, 0xf4, 0x00, 0xe4, 0x00, 0x00, 0x04, 0x00,
  0x00, 0x00, 0x00, 0x00, 0x00, 0x00, 0x00, 0x00, 0x00, 0x00, 0x00, 0x00,
  0x00, 0xf1, 0x00, 0x00, 0x00, 0x00, 0x00, 0xee, 0x00, 0x00, 0x00, 0x00,
  0x00, 0x00, 0x00, 0x00, 0x05, 0x00, 0x18, 0x00, 0x00, 0x00, 0x00, 0x00,
  0x00, 0xef, 0x00, 0x00, 0x00, 0xf2, 0x00, 0x00, 0x00, 0xa8, 0x00, 0x00,
  0x13, 0x00, 0x00, 0x98, 0x00, 0x00, 0x00, 0xee, 0x00, 0x00, 0x00, 0x00,
  0x1f, 0x00, 0x00, 0xad, 0x00, 0x00, 0x00, 0x00, 0x00, 0xaa, 0x00, 0x00,
  0x00, 0x00, 0x00, 0x99, 0x00, 0xf1, 0x00, 0x00, 0x00, 0x00, 0x00, 0x00,
  0x00, 0x00, 0x00, 0x00, 0x00, 0x00, 0x00, 0xf0, 0x00, 0x00, 0x00, 0x00,
  0x00, 0xeb, 0x00, 0xac, 0x00, 0x00, 0x00, 0x00, 0x00, 0xb6, 0x00, 0x00,
  0x00, 0xf2, 0x00, 0x00, 0x00, 0x00, 0x00, 0x00, 0x00, 0x00, 0x00, 0x00,
  0x00, 0x00, 0x00, 0x9c, 0x00, 0xf8, 0x00, 0xf4, 0x00, 0xa0, 0x00, 0xec,
  0x00, 0xfb, 0x00, 0x00, 0x00, 0x00, 0x12, 0x00, 0x00, 0x00, 0x00, 0x00,
  0x00, 0x00, 0xec, 0x00, 0x00, 0x00, 0x1c, 0x00, 0x00, 0x00, 0x00, 0x00,
  0x27, 0x00, 0x00, 0x00, 0x00, 0x00, 0x1e, 0xfc, 0x00, 0x00, 0x00, 0x00,
  0x00, 0x00, 0x00, 0x00, 0x00, 0x00, 0x00, 0x00, 0xea, 0x00, 0x00, 0x00,
  0x1a, 0x00, 0x00, 0x00, 0x00, 0x00, 0x00, 0xf9, 0x00, 0xa7, 0x00, 0x00,
  0x00, 0xf3, 0x00, 0xab, 0x00, 0x00, 0x00, 0x00, 0x00, 0xbe, 0x05, 0x00,
  0x00, 0x00, 0x00, 0x00, 0x00, 0x00, 0xd8, 0x00, 0xec, 0x00, 0x00, 0x00,
  0x00, 0x00, 0x00, 0x00, 0x00, 0x00, 0xd5, 0x00, 0x00, 0x00, 0x00, 0x00,
  0xe4, 0x2e, 0x00, 0xba, 0x00, 0xf6, 0xe7, 0x00, 0x00, 0x00, 0x00, 0x00,
  0x00, 0x00, 0xe9, 0x00, 0x00, 0x00, 0x00, 0x2a, 0x00, 0x00, 0x00, 0x00,
  0x00, 0x25, 0x15, 0xbe, 0x00, 0x00, 0xe8, 0x00, 0x00, 0xb9, 0x00, 0x00,
  0x00, 0x00, 0xe6, 0xb5, 0x00, 0x00, 0x00, 0x00, 0x00, 0xd2, 0x36, 0x00,
  0x00, 0x00, 0x00, 0xd1, 0x00, 0x00, 0x19, 0x00, 0x00, 0xc4, 0x00, 0x00,
  0x00, 0x24, 0x00, 0x00, 0x00, 0x00, 0x00, 0x00, 0x00, 0x00, 0xfc, 0x00,
  0x00, 0x00, 0x00, 0x00, 0x00, 0x00, 0x00, 0x00, 0x00, 0xc9, 0x00, 0x00,
  0x00, 0x00, 0x00, 0xd7, 0x00, 0x00, 0x00, 0x00, 0x00, 0xc4, 0x29, 0x00,
  0x00, 0xeb, 0x00, 0x00, 0x00, 0x00, 0x1a, 0xea, 0xf1, 0xc5, 0x00, 0x00,
  0x00, 0x00, 0x00, 0x00, 0x00, 0x00, 0x00, 0x00, 0x00, 0xbd, 0x00, 0x00,
  0x00, 0x00, 0x00, 0xc3, 0x00, 0x00, 0x20, 0x00, 0x00, 0xbf, 0xf2, 0x00,
  0x1a, 0x00, 0x00, 0x00, 0x00, 0x00, 0x1e, 0x00, 0x00, 0x00, 0x00, 0x00,
  0x2b, 0x00, 0x00, 0xd0, 0x00, 0x00, 0x22, 0x00, 0x00, 0x00, 0x00, 0x00,
  0x00, 0x00, 0x00, 0x00, 0x00, 0x2e, 0x00, 0x00, 0xe5, 0x00, 0x00, 0x29,
  0x00, 0x00, 0x00, 0x00, 0x00, 0x00, 0x00, 0x00, 0x00, 0xbe, 0x00, 0x00,
  0x1f, 0xe1, 0x00, 0x00, 0x00, 0x30, 0x00, 0xeb, 0x17, 0xb7, 0x00, 0x2c,
  0x00, 0x00, 0x00, 0x00, 0x00, 0x00, 0x00, 0xe8, 0x00, 0x00, 0x00, 0x00,
  0x00, 0xea, 0x20, 0xb4, 0x00, 0x32, 0x00, 0xf0, 0x24, 0x98, 0x00, 0x00,
  0x00, 0x00, 0x00, 0xa0, 0x00, 0x00, 0x00, 0xe7, 0x00, 0x00, 0x00, 0x00,
  0xc7, 0x00, 0x0f, 0x00, 0x00, 0x00, 0x00, 0x00, 0x00, 0x00, 0x41, 0x00,
  0x00, 0x00, 0x1c, 0xed, 0x4d, 0x00, 0x00, 0x00, 0x00, 0x00, 0x35, 0x00,
  0x00, 0x00, 0x0e, 0x00, 0x38, 0x00, 0x00, 0x19, 0x00, 0xda, 0x34, 0x00,
  0x00, 0x00, 0x00, 0x00, 0x44, 0x00, 0xc8, 0x00, 0x00, 0x00, 0x44, 0x00,
  0x00, 0x00, 0x14, 0x00, 0x25, 0x00, 0x00, 0xdb, 0x1f, 0x00, 0x00, 0x00,
  0x00, 0xe4, 0x00, 0x00, 0x27, 0x00, 0xf7, 0xdf, 0x16, 0x00, 0x39, 0xed,
  0xfa, 0x00, 0x00, 0x27, 0x30, 0x00, 0x00, 0x00, 0x00, 0x00, 0x3f, 0x00,
  0x00, 0xea, 0x00, 0x00, 0x33, 0x00, 0x00, 0x00, 0x00, 0x00, 0x00, 0x00,
  0x00, 0xdf, 0x00, 0x1e, 0x00, 0x00, 0xfa, 0x00, 0x22, 0x00, 0x00, 0xf2,
  0x00, 0x00, 0x00, 0x00, 0x00, 0x00, 0x00, 0x00, 0x17, 0x00, 0x00, 0x00,
  0x00, 0x00, 0x2c, 0xce, 0x00, 0x00, 0x00, 0x00, 0x00, 0x00, 0xf9, 0x00,
  0x00, 0x00, 0x00, 0x00, 0x04, 0x00, 0x00, 0x00, 0x21, 0x00, 0x00, 0x00,
  0x00, 0x00, 0x28, 0x00, 0x00, 0x00, 0x00, 0x00, 0x1e, 0x00, 0x00, 0x00,
  0x00, 0x00, 0x00, 0xd3, 0x00, 0x00, 0x00, 0x00, 0x00, 0x00, 0x00, 0x00,
  0x00, 0x00, 0x00, 0x00, 0x00, 0x00, 0x00, 0x18, 0x00, 0x00, 0x00, 0x00,
  0x00, 0x1d, 0x1d, 0x00, 0x00, 0x2c, 0x00, 0x00, 0x00, 0x00, 0x00, 0x00,
  0x00, 0x00, 0x00, 0x00, 0x00, 0x00, 0xcd, 0x00, 0x00, 0x00, 0x62, 0x00,
  0xcf, 0xe7, 0x00, 0x00, 0x00, 0x00, 0x00, 0x00, 0x09, 0x00, 0x00, 0x00,
  0x00, 0x00, 0x00, 0xc5, 0x00, 0x00, 0x00, 0x00, 0x00, 0x00, 0x00, 0x00,
  0x00, 0x00, 0x00, 0x00, 0x00, 0x00, 0x00, 0x00, 0x00, 0xf3, 0x00, 0x00,
  0x00, 0x00, 0x22, 0x00, 0x00, 0x00, 0x00, 0x00, 0x00, 0x00, 0x00, 0x00,
  0x00, 0x00, 0x00, 0xf7, 0x00, 0x00, 0x00, 0x00, 0x00, 0x00, 0x00, 0x00,
  0xc6, 0xf6, 0x20, 0x00, 0x00, 0x00, 0x00, 0x00, 0x00, 0x00, 0x00, 0x00,
  0xc1, 0xf4, 0x00, 0x00, 0x0a, 0x00, 0x00, 0x00, 0x00, 0x00, 0x00, 0x00,
  0x00, 0xf7, 0x00, 0xab, 0x00, 0x00, 0xbd, 0x00, 0x00, 0x00, 0x00, 0x00,
  0x00, 0x00, 0x10, 0x00, 0x00, 0x00, 0xbd, 0x00, 0x00, 0x00, 0x00, 0x00,
  0x00, 0x00, 0x00, 0x00, 0xeb, 0x00, 0x00, 0x00, 0x19, 0x00, 0xed, 0x30,
  0xbd, 0x00, 0x00, 0x00, 0x00, 0x36, 0xc3, 0x00, 0x1c, 0x00, 0x00, 0x38,
  0xce, 0x00, 0x1f, 0x00, 0x00, 0x00, 0xcb, 0x00, 0x00, 0x00, 0x00, 0x00,
  0xc8, 0x00, 0x00, 0x00, 0x00, 0x00, 0x00, 0x00, 0x30, 0x00, 0x00, 0x00,
  0xd7, 0x00, 0x34, 0xbf, 0x00, 0x00, 0x00, 0x00, 0x1e, 0x00, 0x09, 0x00,
  0x00, 0x00, 0x00, 0x00, 0x00, 0x00, 0x00, 0x00, 0x16, 0x00, 0x00, 0x00,
  0x00, 0x00, 0x00, 0x00, 0x00, 0x00, 0x1b, 0x00, 0x3b, 0x00, 0x48, 0x00,
  0x00, 0x00, 0x00, 0x00, 0x00, 0x00, 0x00, 0x00, 0x00, 0x00, 0x00, 0x00,
  0x00, 0x00, 0x23, 0x00, 0x00, 0x00, 0x18, 0x00, 0x00, 0x00, 0x00, 0x00,
  0x00, 0xb7, 0x00, 0x00, 0x00, 0x00, 0x1e, 0xb4, 0x10, 0x00, 0x00, 0x33,
  0x00, 0xba, 0x00, 0x00, 0x00, 0x00, 0x00, 0xc5, 0x14, 0x00, 0x00, 0x00,
  0x1c, 0xbe, 0x00, 0x00, 0x00, 0x00, 0x2e, 0xbe, 0x00, 0x00, 0x00, 0x00,
  0x00, 0xc0, 0x00, 0xd9, 0x00, 0x00, 0xef, 0x00, 0x00, 0x00, 0x00, 0x00,
  0xef, 0x00, 0x26, 0x00, 0x00, 0xfd, 0x00, 0x00, 0x34, 0xbb, 0xe0, 0x00,
  0xea, 0x00, 0x26, 0xc0, 0xdc, 0x00, 0xe8, 0x00, 0x00, 0x00, 0x00, 0x00,
  0x00, 0x00, 0x00, 0xb8, 0x00, 0x00, 0x1c, 0x00, 0x00, 0xd2, 0x00, 0x01,
  0x00, 0x00, 0x00, 0xd7, 0x00, 0x00, 0x00, 0x00, 0x21, 0xe2, 0x00, 0x00,
  0x00, 0x00, 0x1a, 0x00, 0x00, 0x00, 0x00, 0x00, 0x00, 0x00, 0x00, 0x00,
  0x1b, 0x00, 0x00, 0x00, 0x00, 0x00, 0x26, 0x00, 0x00, 0x00, 0x00, 0xf6,
  0x00, 0x00, 0x00, 0x00, 0x3a, 0x00, 0x00, 0x00, 0x1e, 0x00, 0x3e, 0x00,
  0x00, 0x00, 0x00, 0x00, 0x00, 0x00, 0x00, 0x00, 0x00, 0x00, 0x00, 0x00,
  0x00, 0x00, 0x11, 0xe5, 0x33, 0x00, 0x00, 0x00, 0x23, 0xe2, 0x00, 0x00,
  0x00, 0x00, 0x00, 0x00, 0x00, 0x00, 0xcf, 0x00, 0x00, 0x00, 0x00, 0x00,
  0xbf, 0x00, 0x00, 0x00, 0x00, 0xf6, 0xd0, 0x1b, 0x00, 0x34, 0x00, 0x00,
  0x00, 0x00, 0x00, 0x00, 0x00, 0x00, 0x00, 0x00, 0x07, 0x00, 0x00, 0x00,
  0x00, 0x00, 0x00, 0x31, 0x2e, 0xc9, 0x00, 0x00, 0x00, 0x2c, 0x00, 0x00,
  0x00, 0x00, 0x00, 0x00, 0x1d, 0x00, 0x00, 0x00, 0x00, 0x00, 0x00, 0x00,
  0x00, 0x00, 0x00, 0x2e, 0x00, 0x00, 0x00, 0x00, 0x00, 0x00, 0x00, 0x00,
  0xe0, 0x00, 0x00, 0x36, 0x00, 0x00, 0x00, 0x00, 0x00, 0x00, 0x00, 0x00,
  0x00, 0x00, 0x00, 0x00, 0x00, 0x00, 0x00, 0x00, 0xd7, 0x33, 0x00, 0xd4,
  0x00, 0x00, 0x00, 0x28, 0x00, 0x00, 0x0e, 0x00, 0x00, 0x00, 0x00, 0x00,
  0x00, 0x00, 0xd1, 0x35, 0x11, 0x00, 0x00, 0xf6, 0x00, 0x00, 0x1b, 0x00,
  0x00, 0x00, 0x00, 0x3b, 0x00, 0x00, 0x00, 0x00, 0xda, 0x2a, 0x1d, 0x00,
  0x00, 0x00, 0xd9, 0x00, 0x00, 0xd5, 0x00, 0x00, 0x00, 0x46, 0x12, 0x00,
  0x00, 0x00, 0x00, 0x00, 0x20, 0x00, 0x00, 0x00, 0x00, 0x40, 0x00, 0x00,
  0x00, 0x00, 0x00, 0x3d, 0x00, 0x00, 0x00, 0x00, 0x00, 0x32, 0x00, 0x00,
  0x00, 0x00, 0x00, 0x3c, 0x00, 0x00, 0x00, 0x00, 0x00, 0x00, 0x00, 0x06,
  0x00, 0x00, 0x00, 0x00, 0x11, 0x00, 0x00, 0x00, 0x00, 0x00, 0x00, 0xdf,
  0x00, 0x00, 0x00, 0x00, 0x00, 0x00, 0x00, 0x00, 0x00, 0x00, 0xdc, 0x00,
  0x00, 0x00, 0x00, 0x00, 0x00, 0x00, 0x00, 0x00, 0x09, 0x4d, 0x00, 0x00,
  0x00, 0x00, 0x18, 0x00, 0x00, 0x00, 0x00, 0x00, 0x1c, 0x00, 0x00, 0x00,
  0x00, 0x00, 0x00, 0x00, 0x00, 0x00, 0x00, 0x00, 0x00, 0x00, 0x00, 0x0d,
  0x00, 0x00, 0x0a, 0x00, 0x00, 0x00, 0x00, 0x00, 0x00, 0x00, 0x00, 0x00,
  0x1d, 0x00, 0x00, 0x2c, 0x00, 0x00, 0x00, 0x00, 0x00, 0x34, 0x00, 0x00,
  0x00, 0x00, 0x00, 0x00, 0x00, 0x00, 0x19, 0x00, 0x1a, 0x00, 0xe0, 0x00,
  0x00, 0x00, 0x12, 0x00, 0x00, 0x00, 0x00, 0x00, 0x00, 0x00, 0x00, 0x16,
  0x00, 0x00, 0x00, 0x00, 0x0f, 0x00, 0x00, 0x00, 0x00, 0x1e, 0x10, 0x00,
  0x00, 0xeb, 0x00, 0x00, 0x00, 0x00, 0x00, 0x00, 0x00, 0x15, 0x00, 0x00,
  0x00, 0x00, 0x1b, 0x00, 0x00, 0x00, 0x00, 0x00, 0x00, 0x00, 0x00, 0x00,
  0x00, 0x00, 0x00, 0x0f, 0x00, 0x00, 0x1d, 0xed, 0x00, 0x00, 0x00, 0x00,
  0x00, 0x00, 0x00, 0x14, 0x00, 0x00, 0x1d, 0x00, 0x00, 0x00, 0x09, 0x00,
  0x00, 0xec, 0x00, 0x15, 0x10, 0x00, 0x00, 0xe9, 0x00, 0x1c, 0x00, 0xe0,
  0x00, 0xea, 0x00, 0x10, 0x00, 0x00, 0x20, 0x00, 0x21, 0x00, 0x00, 0x00,
  0x00, 0x00, 0x00, 0x00, 0x00, 0xe2, 0x00, 0x00, 0x00, 0x00, 0x00, 0xda,
  0x00, 0x00, 0x00, 0x12, 0x0a, 0x00, 0x00, 0x00, 0x00, 0x24, 0x06, 0x00,
  0x00, 0x00, 0x00, 0x00, 0x0f, 0x00, 0x1f, 0x00, 0x14, 0x19, 0x00, 0xda,
  0x00, 0x00, 0x00, 0x00, 0x00, 0x00, 0x21, 0xee, 0x00, 0x00, 0x00, 0x00,
  0x22, 0xe7, 0x00, 0x20, 0x00, 0x00, 0x00, 0x00, 0x00, 0x1a, 0x00, 0x00,
  0x23, 0x00, 0x00, 0x00, 0x10, 0xde, 0x00, 0x00, 0x00, 0x00, 0x00, 0x00,
  0x00, 0x00, 0x00, 0x2d, 0x00, 0x00, 0x00, 0x00, 0x00, 0x00, 0x17, 0xe0,
  0x1e, 0x00, 0x00, 0x00, 0x00, 0x00, 0x21, 0x00, 0x00, 0x00, 0x1e, 0xde,
  0xf3, 0x00, 0x00, 0x19, 0x00, 0xdb, 0x00, 0x00, 0x00, 0x1f, 0x00, 0xd6,
  0x00, 0x00, 0x00, 0x00, 0x00, 0x00, 0x00, 0x00, 0x00, 0x00, 0x00, 0x00,
  0x00, 0x00, 0x00, 0x00, 0x00, 0x00, 0xe9, 0xf0, 0x00, 0x00, 0x00, 0x00,
  0xec, 0x00, 0x00, 0x00, 0x1f, 0xd4, 0x00, 0x00, 0x00, 0x00, 0x2b, 0xd3,
  0x00, 0x00, 0xd1, 0x2e, 0x00, 0x00, 0x00, 0x00, 0x00, 0x00, 0x00, 0x00,
  0x00, 0x00, 0x00, 0x00, 0x00, 0xdb, 0xea, 0xf3, 0x00, 0x00, 0x29, 0x00,
  0x00, 0x00, 0x00, 0x00, 0x00, 0x00, 0x00, 0x28, 0x00, 0x00, 0x00, 0x00,
  0x00, 0x00, 0x00, 0x00, 0x00, 0xd3, 0x00, 0x00, 0x00, 0x00, 0x00, 0xd7,
  0x00, 0x00, 0x00, 0x00, 0x30, 0x00, 0x00, 0x00, 0x00, 0x00, 0x00, 0xd3,
  0x00, 0x28, 0x00, 0x00, 0x00, 0x00, 0x00, 0x00, 0x00, 0x2b, 0x00, 0x00,
  0x00, 0x00, 0x00, 0x36, 0x00, 0xd5, 0x00, 0x00, 0x00, 0x42, 0x35, 0x00,
  0x00, 0x00, 0xd4, 0x26, 0x38, 0x00, 0x00, 0x00, 0xd4, 0x29, 0x00, 0xe2,
  0xe5, 0x00, 0x00, 0x2f, 0x3c, 0x00, 0x00, 0x00, 0x00, 0x00, 0x00, 0x00,
  0x00, 0x00, 0x00, 0x00, 0x00, 0x00, 0x00, 0x00, 0x00, 0x00, 0x00, 0x00,
  0x00, 0x00, 0x00, 0x00, 0x00, 0x00, 0x00, 0xf0, 0x00, 0x10, 0x00, 0x1f,
  0x00, 0x00, 0x00, 0x00, 0xd9, 0x00, 0x00, 0x00, 0x00, 0x00, 0x00, 0x00,
  0x00, 0x00, 0x00, 0x00, 0x00, 0x00, 0x00, 0x00, 0x00, 0x00, 0x00, 0x00,
  0x00, 0x00, 0x00, 0x00, 0x00, 0x00, 0x00, 0x00, 0x00, 0x00, 0x00, 0x00,
  0x00, 0x00, 0x00, 0x00, 0x00, 0x00, 0x00, 0x00, 0x00, 0x00, 0x00, 0x00,
  0x00, 0xfa, 0x00, 0x00, 0x00, 0x00, 0x00, 0x00, 0x00, 0x2a, 0xcf, 0x00,
  0x00, 0x00, 0x00, 0x12, 0x00, 0x00, 0x00, 0x00, 0x00, 0x00, 0x00, 0x00,
  0x00, 0x00, 0x00, 0x00, 0x00, 0x00, 0x00, 0x00, 0x00, 0x00, 0xe9, 0x00,
  0x00, 0x36, 0x00, 0x00, 0xe4, 0x00, 0x00, 0x00, 0xcf, 0xd3, 0x00, 0x00,
  0x00, 0x00, 0x00, 0x00, 0x00, 0x00, 0xde, 0x00, 0x00, 0xdd, 0xc8, 0x00,
  0x00, 0x00, 0x00, 0xda, 0xbf, 0xeb, 0x00, 0x00, 0x00, 0x00, 0xd7, 0x00,
  0x00, 0x3a, 0x00, 0x00, 0x00, 0x00, 0x00, 0x00, 0xdb, 0x00, 0x00, 0x00,
  0x00, 0x35, 0x00, 0x00, 0xe5, 0x00, 0x00, 0x00, 0x00, 0x00, 0xde, 0x00,
  0xcd, 0x48, 0xdd, 0x00, 0x00, 0x00, 0xd8, 0x46, 0x00, 0x00, 0x00, 0xf0,
  0xda, 0x42, 0x00, 0x00, 0x00, 0x00, 0xd4, 0x00, 0x00, 0x00, 0x00, 0x00,
  0xe1, 0x38, 0x00, 0x00, 0xe9, 0xef, 0xc8, 0x00, 0x00, 0x00, 0x00, 0x00,
  0xd2, 0x00, 0x00, 0x00, 0xe4, 0x21, 0xe3, 0x00, 0x00, 0x00, 0x00, 0x00,
  0x00, 0x00, 0x00, 0x00, 0x00, 0x00, 0x00, 0x00, 0x00, 0xf2, 0x00, 0x00,
  0x00, 0x00, 0x00, 0x00, 0x00, 0x29, 0xe3, 0x35, 0x00, 0x00, 0xe6, 0x00,
  0x00, 0x00, 0xe0, 0x00, 0x00, 0x00, 0xe9, 0x00, 0x00, 0x00, 0x00, 0x00,
  0x00, 0x00, 0x00, 0x00, 0x00, 0x00, 0x00, 0x00, 0xd9, 0x00, 0x00, 0x00,
  0x00, 0x00, 0x00, 0x00, 0x00, 0x00, 0x00, 0x00, 0x00, 0xd6, 0x00, 0x00,
  0x00, 0x00, 0x00, 0xd1, 0x00, 0x00, 0x00, 0x00, 0x00, 0xd5, 0x00, 0x00,
  0x00, 0x00, 0x00, 0xdc, 0x00, 0xf2, 0x00, 0x00, 0x00, 0x00, 0x00, 0x00,
  0x00, 0x00, 0x00, 0xec, 0x00, 0x00, 0xe9, 0x00, 0x00, 0xe7, 0x00, 0x00,
  0x00, 0x00, 0x00, 0x00, 0x00, 0x00, 0xed, 0x00, 0x00, 0x00, 0x00, 0x00,
  0x00, 0x00, 0x00, 0xe5, 0x00, 0x00, 0x00, 0x00, 0xd8, 0xe2, 0x00, 0x00,
  0xf4, 0x00, 0x00, 0x00, 0x00, 0x00, 0x00, 0x00, 0x00, 0xdb, 0x00, 0x00,
  0x21, 0x00, 0x00, 0x00, 0x00, 0x00, 0x21, 0x00, 0xd6, 0x00, 0x00, 0xe9,
  0x00, 0x00, 0x00, 0x00, 0x00, 0x00, 0x00, 0x33, 0x00, 0x00, 0x00, 0x00,
  0x27, 0x00, 0x00, 0x00, 0x00, 0x00, 0x00, 0x00, 0x00, 0x00, 0x00, 0x00,
  0x2e, 0x00, 0xd7, 0x00, 0x11, 0xf5, 0x00, 0x00, 0x00, 0x00, 0x00, 0x00,
  0x00, 0x00, 0x00, 0x00, 0x00, 0x00, 0x00, 0x00, 0x00, 0xe7, 0x00, 0x00,
  0x00, 0x00, 0x00, 0xeb, 0x00, 0x00, 0x00, 0x00, 0x00, 0x00, 0x00, 0x00,
  0x00, 0x00, 0x00, 0x00, 0xd6, 0x00, 0x00, 0x00, 0x00, 0x00, 0xd7, 0x00,
  0x20, 0x00, 0x13, 0x00, 0xce, 0x00, 0x1f, 0x00, 0x00, 0x00, 0xdb, 0x00,
  0x00, 0x34, 0x00, 0x00, 0x00, 0x00, 0x00, 0x33, 0x00, 0x00, 0xce, 0x00,
  0x00, 0x00, 0x00, 0x00, 0x00, 0x00, 0x00, 0x2f, 0x00, 0xdf, 0x00, 0x00,
  0x00, 0x00, 0x00, 0xde, 0x00, 0x00, 0x00, 0x00, 0x00, 0x00, 0xe3, 0x00,
  0x00, 0x00, 0x00, 0x00, 0xd3, 0x00, 0xe6, 0x00, 0x00, 0xdc, 0xe4, 0x00,
  0xe1, 0x00, 0x00, 0x00, 0xdb, 0x00, 0x00, 0x00, 0x00, 0x00, 0xcf, 0x00,
  0xec, 0x00, 0x00, 0x00, 0xd8, 0x00, 0xdc, 0x00, 0x00, 0x00, 0xdf, 0x00,
  0xe8, 0x00, 0x00, 0x00, 0x00, 0x00, 0xd0, 0x31, 0x00, 0x00, 0x00, 0x00,
  0x00, 0x00, 0x00, 0x00, 0xdb, 0x00, 0x00, 0x2f, 0x00, 0x00, 0xde, 0x00,
  0xd2, 0x00, 0x00, 0x00, 0xe5, 0x00, 0xed, 0x00, 0x00, 0x00, 0x00, 0x00,
  0x00, 0x2c, 0x00, 0x00, 0x00, 0x00, 0x00, 0x00, 0x00, 0x00, 0x00, 0x00,
  0x00, 0x00, 0x00, 0x00, 0x00, 0x00, 0x00, 0x00, 0x00, 0x00, 0x00, 0x00,
  0x00, 0x00, 0x00, 0x00, 0x00, 0x00, 0x00, 0x00, 0x00, 0x00, 0x00, 0x00,
  0x27, 0x00, 0x00, 0x00, 0xcb, 0x00, 0x00, 0x00, 0xe0, 0x00, 0x00, 0x00,
  0x00, 0x00, 0x00, 0x00, 0x00, 0x00, 0x00, 0x00, 0xdd, 0x00, 0x00, 0x00,
  0x00, 0x00, 0x00, 0x00, 0x00, 0xe3, 0x00, 0x00, 0x00, 0xdd, 0x02, 0x00,
  0x00, 0x00, 0x00, 0x00, 0xf8, 0x00, 0x00, 0x00, 0x00, 0x00, 0x00, 0x00,
  0x00, 0x00, 0x00, 0x00, 0x00, 0x00, 0x00, 0x00, 0xd9, 0x00, 0x00, 0x00,
  0x00, 0x00, 0x00, 0xe2, 0x00, 0x00, 0x00, 0x00, 0x00, 0xe3, 0xf0, 0x00,
  0xe6, 0x00, 0x00, 0x00, 0x00, 0x1a, 0xe6, 0x0c, 0x00, 0x00, 0x00, 0x00,
  0x00, 0x00, 0x00, 0x00, 0x00, 0x00, 0x00, 0x00, 0x00, 0x00, 0x00, 0x00,
  0x00, 0x00, 0x00, 0x00, 0x00, 0x00, 0x00, 0x00, 0xd7, 0x00, 0x00, 0x00,
  0x00, 0x00, 0x00, 0x1b, 0x22, 0x00, 0x00, 0x00, 0x00, 0x00, 0x00, 0x00,
  0x00, 0x00, 0x00, 0x00, 0x00, 0x00, 0x00, 0x00, 0x00, 0x00, 0x00, 0x00,
  0x00, 0x00, 0x00, 0x00, 0x00, 0x00, 0x00, 0x00, 0x00, 0x00, 0x00, 0xdc,
  0x00, 0x00, 0x00, 0x00, 0x00, 0xd8, 0x00, 0x00, 0x00, 0x00, 0x00, 0x00,
  0x00, 0x00, 0xe4, 0x00, 0x00, 0x00, 0x00, 0x00, 0x00, 0x00, 0x00, 0x00,
  0x00, 0x00, 0x00, 0x00, 0x00, 0xdc, 0x00, 0x00, 0x00, 0xe8, 0x00, 0x00,
  0x00, 0x00, 0x00, 0xdd, 0x00, 0x00, 0x00, 0x00, 0x00, 0x00, 0x00, 0x00,
  0x00, 0x00, 0x00, 0x00, 0x00, 0x00, 0x00, 0x00, 0x00, 0x00, 0x00, 0xdc,
  0x00, 0x00, 0x00, 0x00, 0x00, 0x00, 0x00, 0x00, 0x00, 0x00, 0x00, 0x00,
  0x00, 0x00, 0x00, 0x00, 0xd0, 0x00, 0x00, 0x00, 0x00, 0x2f, 0x00, 0x00,
  0x00, 0x00, 0xd8, 0x29, 0x00, 0x00, 0x34, 0x00, 0xdb, 0x00, 0x00, 0x00,
  0x00, 0x00, 0x00, 0x00, 0x00, 0x00, 0x00, 0x00, 0x00, 0x00, 0xc4, 0x00,
  0x29, 0xcd, 0x00, 0x00, 0x00, 0x00, 0x00, 0x00, 0xd8, 0x00, 0xc6, 0x00,
  0x00, 0x00, 0xde, 0x33, 0x00, 0x00, 0x00, 0x00, 0xdd, 0x00, 0x00, 0x00,
  0x00, 0x00, 0x00, 0x00, 0x00, 0x00, 0x00, 0x00, 0x00, 0x00, 0x00, 0x00,
  0x00, 0x00, 0x00, 0x00, 0x00, 0x00, 0x00, 0x00, 0x00, 0x00, 0x00, 0x00,
  0x00, 0x00, 0x00, 0x00, 0x00, 0x00, 0x00, 0x00, 0xdb, 0x00, 0xd3, 0x00,
  0x00, 0x00, 0xe2, 0x00, 0x00, 0x00, 0x00, 0x00, 0xdc, 0xfe, 0x00, 0x00,
  0x00, 0x00, 0xe0, 0x00, 0x00, 0x00, 0x00, 0x00, 0x00, 0x00, 0x00, 0x00,
  0x00, 0x00, 0xe3, 0x00, 0x00, 0x00, 0x00, 0x00, 0x00, 0x00, 0x00, 0x00,
  0x00, 0x00, 0x00, 0xf4, 0x00, 0x00, 0x00, 0xd0, 0x00, 0x00, 0x00, 0x00,
  0x00, 0x00, 0x00, 0x00, 0x00, 0x00, 0x00, 0x00, 0x00, 0x00, 0x00, 0x00,
  0x00, 0x00, 0x00, 0x00, 0x00, 0x00, 0x00, 0x00, 0x00, 0x00, 0x00, 0x00,
  0x00, 0x00, 0x00, 0x00, 0x00, 0x00, 0x1b, 0x00, 0x00, 0x00, 0x00, 0x00,
  0x00, 0xce, 0x00, 0x00, 0x00, 0x00, 0x00, 0xcc, 0x00, 0x00, 0x12, 0x00,
  0x00, 0x00, 0x00, 0x00, 0x00, 0x00, 0x00, 0xcb, 0xca, 0x00, 0x00, 0x00,
  0x00, 0x00, 0xe6, 0x26, 0x00, 0x00, 0x00, 0x00, 0x00, 0x00, 0x00, 0x00,
  0x00, 0x00, 0x00, 0x00, 0x00, 0x00, 0x00, 0x00, 0x00, 0x00, 0x00, 0x00,
  0x00, 0x00, 0x00, 0x00, 0x00, 0x00, 0x00, 0x00, 0x00, 0x00, 0x00, 0xde,
  0x00, 0x00, 0x00, 0x00, 0x00, 0x00, 0x00, 0x00, 0x00, 0x00, 0x00, 0x00,
  0x00, 0x00, 0x00, 0x00, 0x00, 0x00, 0x00, 0x00, 0xd9, 0xd5, 0x00, 0xde,
  0xd7, 0x00, 0xec, 0x00, 0x00, 0x00, 0x00, 0x00, 0x00, 0x00, 0x00, 0x00,
  0x00, 0x00, 0x00, 0x00, 0x00, 0xd7, 0x00, 0xd8, 0x00, 0x00, 0x00, 0xe1,
  0x00, 0xd2, 0x00, 0x00, 0x00, 0x00, 0x00, 0x00, 0x00, 0x00, 0x00, 0x00,
  0x00, 0x00, 0xd3, 0x00, 0x00, 0x00, 0x00, 0xdb, 0xdb, 0x00, 0x00, 0x00,
  0x00, 0x00, 0xcd, 0x00, 0x00, 0x00, 0x0b, 0xd4, 0xe0, 0x00, 0x00, 0x00,
  0x00, 0x00, 0x00, 0x00, 0x00, 0xcd, 0x0d, 0x00, 0x00, 0x00, 0x00, 0x00,
  0x00, 0x00, 0xdf, 0x00, 0x00, 0xd1, 0x0d, 0x00, 0x00, 0x00, 0xd2, 0x00,
  0x00, 0x00, 0x00, 0x00, 0xe3, 0x00, 0x00, 0x00, 0x00, 0x1b, 0x00, 0xe5,
  0x10, 0x00, 0x00, 0x23, 0xde, 0xd6, 0x00, 0x00, 0x00, 0x00, 0x00, 0x00,
  0x00, 0x00, 0x00, 0x00, 0x00, 0x00, 0x00, 0x00, 0x00, 0x00, 0x00, 0xdc,
  0x00, 0x00, 0x00, 0x00, 0x00, 0xde, 0x00, 0x00, 0x00, 0x00, 0xba, 0x00,
  0x00, 0x00, 0x00, 0x00, 0xd7, 0x00, 0x00, 0x00, 0x00, 0x00, 0x00, 0x00,
  0x00, 0x00, 0x00, 0x00, 0xce, 0x00, 0x00, 0x00, 0x00, 0x00, 0x00, 0x00,
  0x00, 0x00, 0x00, 0x00, 0x00, 0x00, 0x00, 0x00, 0xd5, 0x00, 0xc9, 0x00,
  0x00, 0x00, 0x00, 0x00, 0x00, 0x00, 0x00, 0x00, 0x00, 0x00, 0xc6, 0x00,
  0x00, 0x00, 0x00, 0x00, 0xdd, 0x00, 0x00, 0x00, 0x13, 0x00, 0xdd, 0x00,
  0x00, 0x00, 0x00, 0x00, 0x00, 0x00, 0x00, 0xc9, 0x00, 0x00, 0xda, 0x00,
  0x00, 0x00, 0x00, 0x00, 0x00, 0x00, 0x00, 0xc8, 0x00, 0x00, 0x00, 0x00,
  0x00, 0x00, 0x00, 0x00, 0x00, 0x00, 0x00, 0x00, 0x00, 0x00, 0x00, 0x00,
  0x00, 0xc6, 0x09, 0xf2, 0xe9, 0x00, 0x00, 0x00, 0x00, 0xe6, 0xe6, 0x00,
  0x00, 0x00, 0x00, 0x00, 0xec, 0x00, 0x00, 0x00, 0x0e, 0x00, 0xe9, 0x00,
  0x00, 0x00, 0x00, 0xed, 0xe2, 0x00, 0x00, 0x00, 0x00, 0x00, 0x00, 0x00,
  0x00, 0x00, 0x00, 0x00, 0x00, 0x00, 0x00, 0x00, 0x00, 0xf5, 0x00, 0x00,
  0x00, 0x00, 0x00, 0x00, 0xf4, 0x00, 0x00, 0x00, 0xd4, 0x00, 0x00, 0x00,
  0x00, 0xc9, 0x00, 0x00, 0xeb, 0x00, 0x00, 0x00, 0x18, 0xd9, 0xe7, 0x00,
  0x00, 0x00, 0x08, 0x00, 0x00, 0x00, 0x00, 0x00, 0x00, 0x00, 0x00, 0x00,
  0x00, 0x00, 0x00, 0x00, 0x00, 0x00, 0x00, 0x00, 0x0f, 0x00, 0x00, 0x00,
  0x00, 0x00, 0x00, 0xe0, 0xf2, 0x00, 0x00, 0x00, 0x00, 0x00, 0x00, 0x00,
  0x00, 0xbf, 0x00, 0x00, 0xec, 0x00, 0x00, 0xba, 0x00, 0x00, 0xe5, 0x00,
  0x00, 0x00, 0x23, 0xdc, 0x00, 0x00, 0x00, 0x00, 0x00, 0xda, 0x00, 0x00,
  0x1a, 0x00, 0x00, 0x00, 0x00, 0x00, 0x00, 0x00, 0x14, 0xd8, 0x00, 0x00,
  0x10, 0x00, 0x00, 0xd7, 0x00, 0x00, 0x00, 0x00, 0x00, 0x00, 0x00, 0x00,
  0x00, 0x00, 0x10, 0x00, 0x00, 0x00, 0x00, 0x00, 0x00, 0x00, 0xdf, 0x00,
  0x00, 0xd1, 0x00, 0x00, 0xdb, 0x00, 0x00, 0x00, 0x00, 0x00, 0xdd, 0x00,
  0x00, 0xd0, 0x00, 0x00, 0x00, 0x00, 0x00, 0xc3, 0x00, 0xdc, 0xd0, 0x00,
  0x00, 0xcc, 0x00, 0x00, 0x00, 0x00, 0x00, 0xca, 0x00, 0x00, 0xd9, 0x00,
  0x00, 0x00, 0x00, 0x00, 0x00, 0x00, 0x00, 0x00, 0x0b, 0x00, 0xe9, 0x00,
  0x00, 0x00, 0x02, 0xc5, 0xe9, 0x00, 0x00, 0x00, 0xd0, 0x00, 0xde, 0x00,
  0x00, 0x00, 0x0c, 0x04, 0xd6, 0x00, 0x00, 0x00, 0x00, 0x00, 0xe0, 0x00,
  0x00, 0x00, 0x00, 0x00, 0x00, 0x00, 0x00, 0x00, 0x00, 0x00, 0x00, 0x00,
  0x00, 0xcb, 0xe5, 0x00, 0xd3, 0x00, 0x14, 0xc9, 0xe8, 0x00, 0x00, 0x00,
  0x00, 0x00, 0x00, 0x00, 0xce, 0x00, 0x00, 0x00, 0x00, 0x00, 0x00, 0x00,
  0x00, 0xc5, 0x00, 0x00, 0xd8, 0x00, 0x00, 0x00, 0x00, 0x00, 0xda, 0x00,
  0x00, 0x00, 0x00, 0x00, 0x00, 0x00, 0x00, 0x00, 0x00, 0x00, 0x00, 0x00,
  0x00, 0x00, 0x00, 0x00, 0x00, 0x00, 0x00, 0x00, 0x00, 0x00, 0x00, 0x00,
  0x00, 0x00, 0x00, 0x00, 0x00, 0x00, 0x00, 0x00, 0x00, 0x00, 0x00, 0x00,
  0xda, 0xbc, 0x00, 0x24, 0xd2, 0x00, 0xe4, 0xc5, 0x00, 0x00, 0x00, 0x00,
  0xce, 0x00, 0x00, 0x00, 0x00, 0x00, 0x00, 0x00, 0xdb, 0x00, 0x00, 0x30,
  0x00, 0xc8, 0x00, 0x1e, 0x00, 0x00, 0x00, 0x00, 0x00, 0xec, 0x00, 0x00,
  0x00, 0x00, 0xd0, 0x00, 0x00, 0x00, 0x00, 0x00, 0x00, 0x00, 0x20, 0x00,
  0x00, 0x00, 0x00, 0x00, 0x00, 0x00, 0x00, 0x00, 0xd7, 0x00, 0x00, 0x00,
  0x00, 0x00, 0x00, 0x00, 0xe1, 0x00, 0xe5, 0x00, 0x00, 0x00, 0x00, 0x00,
  0x00, 0x00, 0x00, 0x00, 0x00, 0x00, 0x00, 0x00, 0x00, 0x00, 0xee, 0x00,
  0xdf, 0x00, 0x00, 0x00, 0x00, 0x00, 0x00, 0x00, 0x00, 0x00, 0x00, 0x00,
  0x00, 0x00, 0x00, 0xf4, 0x00, 0x00, 0xf0, 0x00, 0x17, 0x01, 0x00, 0x00,
  0x00, 0x00, 0x00, 0x00, 0x00, 0x00, 0xf2, 0x00, 0xe1, 0x28, 0x00, 0x00,
  0xee, 0x00, 0x1a, 0x00, 0x00, 0x00, 0xe7, 0x00, 0x00, 0x00, 0x00, 0x00,
  0x00, 0x00, 0x00, 0x00, 0x1c, 0x00, 0x00, 0x00, 0x00, 0x00, 0x00, 0x00,
  0xf2, 0x00, 0xdf, 0x00, 0x00, 0x00, 0x00, 0x00, 0x00, 0x00, 0x00, 0x00,
  0x00, 0x00, 0x00, 0x00, 0x00, 0x00, 0xfa, 0x00, 0x00, 0x00, 0x00, 0x00,
  0x00, 0x00, 0x00, 0xf9, 0xd7, 0x00, 0x00, 0x00, 0x00, 0x00, 0x00, 0x3b,
  0x00, 0xf0, 0x00, 0x00, 0x00, 0x00, 0x00, 0x00, 0x27, 0x00, 0x00, 0x00,
  0x00, 0x00, 0x00, 0x00, 0x00, 0x00, 0x00, 0xec, 0x00, 0x00, 0x00, 0x34,
  0x00, 0x00, 0x2f, 0xd9, 0x00, 0x00, 0x00, 0x00, 0x00, 0xd1, 0x00, 0x00,
  0x00, 0x00, 0x00, 0xdc, 0x00, 0x00, 0x00, 0x00, 0x00, 0x00, 0x00, 0x00,
  0x00, 0x00, 0x00, 0x00, 0x00, 0x00, 0x00, 0x00, 0x36, 0xcc, 0x00, 0x00,
  0x00, 0x00, 0x34, 0xd1, 0x00, 0x00, 0x00, 0x00, 0x00, 0xdf, 0x00, 0x00,
  0x00, 0x00, 0x00, 0x00, 0x00, 0x00, 0x00, 0x00, 0x00, 0x00, 0x00, 0xfa,
  0x00, 0x00, 0x00, 0xd1, 0x00, 0x00, 0xe3, 0x00, 0x00, 0xe9, 0x00, 0x00,
  0x00, 0x00, 0x00, 0x00, 0x00, 0x00, 0x00, 0x00, 0x00, 0xe5, 0x00, 0x00,
  0x00, 0xf1, 0x00, 0xe6, 0x00, 0x00, 0x14, 0xf0, 0x00, 0x00, 0x00, 0x00,
  0x00, 0xf5, 0x00, 0x00, 0x00, 0x00, 0x00, 0x00, 0x00, 0x00, 0x00, 0x00,
  0x1d, 0x00, 0x1c, 0x00, 0x00, 0xef, 0x00, 0xf5, 0x00, 0x00, 0x00, 0x00,
  0x2a, 0x00, 0x00, 0x00, 0x00, 0x00, 0x00, 0x00, 0x26, 0xea, 0x00, 0x00,
  0x19, 0xed, 0xe9, 0x00, 0x00, 0x00, 0x00, 0x00, 0x10, 0x00, 0x00, 0x00,
  0x00, 0x00, 0x00, 0xde, 0x00, 0xdf, 0x00, 0xe3, 0x00, 0xdf, 0x00, 0x00,
  0x11, 0x00, 0x20, 0x00, 0x00, 0x00, 0x00, 0x00, 0x00, 0x00, 0x00, 0x00,
  0x22, 0x00, 0x00, 0x00, 0x00, 0x00, 0x00, 0xf3, 0x00, 0xd8, 0x00, 0x00,
  0x21, 0x00, 0x00, 0x00, 0x00, 0x00, 0x00, 0x00, 0x00, 0x00, 0x00, 0x00,
  0x00, 0x00, 0x00, 0x00, 0xdc, 0x00, 0x00, 0x2a, 0x00, 0x00, 0xda, 0x00,
  0xeb, 0x2f, 0x00, 0x00, 0xe1, 0xe4, 0x00, 0x00, 0x2a, 0x00, 0xd9, 0x00,
  0xeb, 0x00, 0x00, 0xc6, 0xed, 0x00, 0x00, 0x00, 0xe7, 0x00, 0x00, 0x00,
  0x00, 0x00, 0x1f, 0xce, 0x00, 0x00, 0x00, 0x00, 0x00, 0xd9, 0x00, 0x00,
  0x00, 0x00, 0x00, 0x00, 0x00, 0x00, 0x00, 0x24, 0x2a, 0x00, 0xe7, 0x00,
  0x00, 0x34, 0x00, 0x28, 0x00, 0x00, 0x00, 0x00, 0x00, 0x33, 0xe5, 0x00,
  0x00, 0x21, 0x1a, 0x00, 0x00, 0x00, 0xe9, 0x00, 0x00, 0x00, 0x00, 0x00,
  0xe7, 0x22, 0x00, 0x00, 0x00, 0x00, 0xef, 0x00, 0x00, 0x00, 0x00, 0x13,
  0xf4, 0x00, 0x00, 0x00, 0x00, 0x00, 0x00, 0x00, 0xdf, 0x00, 0x00, 0x0e,
  0x00, 0x00, 0x00, 0x00, 0x00, 0x12, 0xe8, 0x00, 0x00, 0x00, 0x00, 0x00,
  0x00, 0x00, 0x1e, 0x00, 0x00, 0x15, 0x00, 0x1e, 0x00, 0x00, 0x00, 0x00,
  0x00, 0x00, 0xe6, 0x27, 0x00, 0x00, 0x00, 0x00, 0xcd, 0x2f, 0x00, 0x10,
  0x00, 0x00, 0x22, 0x14, 0x00, 0x00, 0x00, 0x23, 0x1e, 0x00, 0x00, 0x00,
  0x00, 0x00, 0x00, 0x21, 0x00, 0x00, 0x00, 0x00, 0x1e, 0x1e, 0x00, 0x0f,
  0x00, 0x00, 0x00, 0x00, 0x00, 0x00, 0xea, 0x00, 0x13, 0x00, 0x00, 0x00,
  0x00, 0x1b, 0x00, 0xe6, 0x00, 0x00, 0x00, 0x1b, 0x00, 0x00, 0x00, 0x00,
  0x00, 0x00, 0x12, 0x00, 0x00, 0x1e, 0x00, 0x00, 0x19, 0xe8, 0x00, 0x00,
  0x00, 0x00, 0x00, 0x00, 0x00, 0x00, 0x00, 0x00, 0x00, 0x00, 0xef, 0x00,
  0x00, 0x32, 0x00, 0x00, 0xe1, 0xe4, 0x00, 0x26, 0x00, 0x00, 0x00, 0x00,
  0x00, 0x28, 0x00, 0x00, 0x00, 0x00, 0x00, 0x00, 0x2a, 0x00, 0x00, 0x00,
  0x00, 0x00, 0x00, 0x00, 0x00, 0x00, 0x00, 0x00, 0x00, 0x00, 0x00, 0x00,
  0x00, 0x00, 0x22, 0xea, 0x00, 0x00, 0x29, 0x00, 0x00, 0xf6, 0x00, 0x00,
  0x00, 0x00, 0x1b, 0x00, 0x00, 0x00, 0x00, 0x00, 0x45, 0x00, 0x00, 0x00,
  0x00, 0x22, 0x00, 0x00, 0x00, 0x00, 0x00, 0x00, 0x00, 0x00, 0xc8, 0x00,
  0x00, 0x00, 0x00, 0x00, 0x00, 0x00, 0x00, 0x00, 0x00, 0x00, 0x00, 0x00,
  0x00, 0x00, 0x22, 0x00, 0x00, 0x00, 0x00, 0x00, 0x22, 0x00, 0x00, 0x00,
  0x00, 0x00, 0x00, 0x00, 0x00, 0x00, 0x00, 0x00, 0x00, 0x00, 0xe3, 0x00,
  0x00, 0x00, 0x00, 0x00, 0x00, 0x00, 0x00, 0x00, 0x00, 0x00, 0xe4, 0x25,
  0x00, 0x00, 0x00, 0xea, 0x00, 0x19, 0x00, 0x00, 0x1e, 0x00, 0x00, 0x24,
  0x00, 0x2e, 0x00, 0xeb, 0xe7, 0x00, 0xe4, 0x00, 0x00, 0xe2, 0x00, 0x19,
  0xd6, 0x00, 0x29, 0x00, 0x00, 0x00, 0xdf, 0x00, 0xd8, 0x00, 0x00, 0x00,
  0x00, 0x00, 0x00, 0x00, 0xf8, 0x24, 0xd5, 0x00, 0x00, 0x00, 0x00, 0x00,
  0x00, 0xd8, 0x00, 0x00, 0x00, 0x00, 0x00, 0x00, 0x00, 0x18, 0x00, 0x00,
  0x00, 0x0e, 0x00, 0x00, 0x00, 0x00, 0x00, 0x00, 0x00, 0x00, 0x00, 0x00,
  0x00, 0x00, 0x00, 0x00, 0x00, 0x00, 0x00, 0x00, 0x00, 0x00, 0xdd, 0x00,
  0x25, 0x00, 0x26, 0x00, 0x00, 0x00, 0x00, 0x00, 0x00, 0x00, 0xcf, 0x00,
  0x00, 0x00, 0x00, 0x00, 0xd8, 0x00, 0x00, 0x00, 0x24, 0x00, 0xd4, 0x00,
  0x00, 0x00, 0x20, 0x00, 0xdf, 0x00, 0x00, 0x00, 0x28, 0x00, 0x00, 0x00,
  0x00, 0x00, 0x00, 0x00, 0x00, 0x00, 0x00, 0x00, 0x00, 0x00, 0xbd, 0x00,
  0x00, 0x00, 0x00, 0x00, 0xc0, 0x00, 0x00, 0x00, 0x00, 0x00, 0x00, 0xc8,
  0xe6, 0x00, 0x1c, 0x00, 0xd1, 0x00, 0x00, 0x00, 0x00, 0x00, 0xc0, 0x00,
  0x00, 0x00, 0x00, 0x00, 0xcc, 0x00, 0x00, 0x00, 0x00, 0xf1, 0x00, 0x00,
  0x00, 0x00, 0x00, 0x00, 0x00, 0x00, 0x2c, 0x00, 0x25, 0xfa, 0x00, 0x00,
  0x00, 0x00, 0x00, 0xf8, 0x00, 0x00, 0x00, 0x00, 0x00, 0x00, 0x00, 0x00,
  0x00, 0x00, 0x00, 0x00, 0xbe, 0x00, 0x00, 0x00, 0x00, 0x00, 0xd2, 0x00,
  0x00, 0x00, 0x28, 0x00, 0xb7, 0x00, 0x00, 0x00, 0x16, 0x00, 0xce, 0x00,
  0x16, 0x00, 0x00, 0x00, 0x00, 0x00, 0x00, 0x1e, 0x00, 0x21, 0x00, 0x00,
  0x00, 0x1c, 0x00, 0x21, 0x00, 0x00, 0x00, 0x00, 0x00, 0x00, 0x00, 0xc9,
  0x00, 0x00, 0x00, 0x00, 0x00, 0x00, 0x00, 0x00, 0x00, 0x00, 0x00, 0x00,
  0x00, 0x00, 0x00, 0x00, 0x00, 0xd5, 0x00, 0x00, 0x00, 0xeb, 0x00, 0x00,
  0x00, 0x00, 0x00, 0x00, 0x00, 0x00, 0x00, 0x00, 0x00, 0x00, 0x00, 0x00,
  0x00, 0x00, 0x00, 0x00, 0x00, 0x00, 0x00, 0x00, 0x00, 0x00, 0x00, 0x00,
  0x00, 0x00, 0x00, 0x00, 0x00, 0x00, 0x00, 0x00, 0x00, 0xef, 0x00, 0x00,
  0x00, 0x00, 0x00, 0x00, 0x00, 0x00, 0x00, 0x00, 0x00, 0xf1, 0xe3, 0x00,
  0xd8, 0x00, 0x1c, 0xf4, 0xe2, 0x05, 0x00, 0x00, 0x00, 0xdc, 0xe8, 0x00,
  0xd8, 0x00, 0x20, 0x00, 0x00, 0x00, 0x00, 0x00, 0x00, 0x00, 0x00, 0x00,
  0x00, 0x28, 0x00, 0x00, 0x00, 0x00, 0x00, 0x00, 0x1c, 0x00, 0xee, 0x00,
  0xd6, 0x00, 0x00, 0x00, 0x00, 0x00, 0x00, 0x2f, 0x00, 0x00, 0x00, 0xd0,
  0x00, 0x00, 0x00, 0x00, 0xe0, 0x00, 0x00, 0x2a, 0x00, 0x00, 0x00, 0x00,
  0x00, 0x00, 0x15, 0x00, 0x00, 0x00, 0x00, 0x24, 0x00, 0x00, 0x00, 0x00,
  0x00, 0x00, 0x00, 0x00, 0x00, 0x00, 0x00, 0x00, 0x25, 0xdc, 0x00, 0x00,
  0x00, 0x00, 0x00, 0xe2, 0x00, 0x00, 0x00, 0x00, 0x00, 0xea, 0x00, 0x00,
  0x00, 0x00, 0x00, 0x00, 0x00, 0x00, 0x00, 0x00, 0x00, 0x00, 0x00, 0x00,
  0x00, 0x00, 0x00, 0x00, 0xd5, 0x00, 0x00, 0x25, 0x00, 0x00, 0x00, 0x00,
  0x00, 0x27, 0xe9, 0x00, 0x00, 0xc8, 0x00, 0x26, 0x00, 0x00, 0x00, 0x00,
  0x00, 0x00, 0x00, 0xd8, 0x00, 0x00, 0x00, 0x00, 0x00, 0xde, 0x00, 0x00,
  0x00, 0x00, 0x00, 0x00, 0x00, 0x00, 0x00, 0x00, 0x00, 0x00, 0x00, 0x00,
  0x00, 0x2a, 0x14, 0xd1, 0x00, 0xc3, 0x01, 0x00, 0x00, 0x00, 0x00, 0xca,
  0x00, 0x00, 0x00, 0x00, 0x00, 0x00, 0x00, 0x00, 0x19, 0x00, 0x00, 0x00,
  0x04, 0x00, 0x00, 0x00, 0x00, 0x00, 0x00, 0x00, 0x00, 0x00, 0x00, 0x00,
  0x0a, 0x00, 0x00, 0x00, 0x00, 0x00, 0x00, 0x00, 0x00, 0x00, 0x00, 0x00,
  0x00, 0x00, 0x1a, 0x00, 0x00, 0x00, 0x00, 0x00, 0x00, 0x00, 0x00, 0x00,
  0x00, 0x00, 0x00, 0xe2, 0x00, 0x00, 0x00, 0x00, 0x00, 0xe3, 0x00, 0x00,
  0x00, 0x00, 0x00, 0xdf, 0x00, 0x00, 0xdc, 0x00, 0x00, 0x00, 0x00, 0x00,
  0xe2, 0x00, 0x00, 0x00, 0xec, 0x00, 0x00, 0x00, 0x00, 0x00, 0xe7, 0xd2,
  0x00, 0x25, 0x00, 0x00, 0xf2, 0x00, 0x00, 0x00, 0x21, 0x00, 0xde, 0xcd,
  0x22, 0x1b, 0x00, 0x00, 0xe3, 0x00, 0x00, 0x16, 0x00, 0x00, 0x00, 0x00,
  0x2d, 0x13, 0x00, 0xf6, 0x00, 0x00, 0x00, 0x00, 0x00, 0x00, 0x00, 0x00,
  0x00, 0x00, 0x1a, 0xf3, 0x00, 0x00, 0x00, 0x00, 0x00, 0xe8, 0x00, 0x00,
  0x00, 0x00, 0x00, 0x00, 0x00, 0x00, 0x00, 0x00, 0x00, 0x00, 0x00, 0x00,
  0x00, 0x00, 0x00, 0x00, 0x00, 0x00, 0x00, 0x00, 0x1b, 0x00, 0x00, 0x00,
  0xee, 0x00, 0x00, 0x00, 0x00, 0x00, 0xf5, 0x00, 0x3f, 0x00, 0x00, 0x29,
  0x00, 0x22, 0x29, 0xd7, 0x00, 0x31, 0x00, 0x00, 0x3e, 0x00, 0x00, 0x29,
  0x00, 0x00, 0x00, 0x00, 0x00, 0x26, 0x12, 0x27, 0x00, 0x00, 0x23, 0x39,
  0x00, 0x00, 0x29, 0x00, 0x00, 0x00, 0x0e, 0x1f, 0x00, 0x00, 0x00, 0x00,
  0x19, 0x00, 0x28, 0x00, 0x00, 0x00, 0x0a, 0x00, 0x33, 0x00, 0x00, 0x00,
  0x14, 0x00, 0x00, 0x00, 0x00, 0x00, 0x0c, 0x00, 0x3f, 0x00, 0x06, 0x00,
  0x00, 0x00, 0x00, 0x00, 0x00, 0x00, 0x00, 0x00, 0x00, 0x00, 0x04, 0x00,
  0x00, 0xf0, 0x00, 0xd0, 0x00, 0x3c, 0x15, 0x00, 0x3e, 0x00, 0x00, 0x26,
  0x0b, 0x00, 0x00, 0x00, 0x00, 0x00, 0x0b, 0x00, 0x00, 0x00, 0x00, 0x00,
  0x00, 0x00, 0x2e, 0x00, 0x00, 0x00, 0x00, 0x00, 0x4d, 0x00, 0x00, 0x00,
  0x11, 0x20, 0x3b, 0x00, 0x00, 0x00, 0x0c, 0x00, 0x00, 0x00, 0x00, 0x00,
  0x07, 0x00, 0x00, 0x08, 0x00, 0x38, 0x00, 0x00, 0x00, 0x00, 0x00, 0x00,
  0x06, 0x00, 0x00, 0x00, 0x00, 0x00, 0x03, 0x00, 0x30, 0x00, 0x00, 0x00,
  0x00, 0x00, 0x00, 0x00, 0x00, 0x2c, 0x0b, 0x00, 0x38, 0x00, 0x00, 0x00,
  0x07, 0x00, 0x00, 0x00, 0x00, 0x00, 0x00, 0x00, 0x00, 0x00, 0xe3, 0x00,
  0x11, 0x00, 0x4a, 0x00, 0x00, 0x00, 0x1a, 0x00, 0x55, 0x00, 0x00, 0x00,
  0x12, 0x00, 0x34, 0x00, 0x00, 0x2f, 0x00, 0x27, 0x00, 0x00, 0x00, 0x00,
  0x00, 0x00, 0x43, 0x00, 0x00, 0x32, 0x17, 0x00, 0x00, 0x00, 0x00, 0x2f,
  0x00, 0x00, 0x50, 0x00, 0x00, 0x00, 0x00, 0x00, 0x00, 0x00, 0x00, 0x00,
  0x00, 0x00, 0x00, 0x00, 0x00, 0x00, 0x00, 0x0e, 0x3f, 0x00, 0x00, 0x00,
  0x00, 0x00, 0x00, 0x00, 0x0e, 0x00, 0x00, 0x00, 0x4d, 0x00, 0x06, 0x00,
  0x00, 0x00, 0x00, 0x00, 0x08, 0x00, 0x00, 0x00, 0x00, 0x00, 0x00, 0x29,
  0x00, 0x00, 0x4a, 0x00, 0x00, 0x00, 0x00, 0x0e, 0x00, 0x00, 0x00, 0x00,
  0x23, 0x00, 0x00, 0x00, 0x00, 0x00, 0x00, 0x00, 0x00, 0x00, 0xf9, 0x00,
  0x19, 0x00, 0x00, 0x00, 0x02, 0x00, 0x00, 0x00, 0x00, 0x00, 0x06, 0x00,
  0x00, 0x00, 0x00, 0x00, 0x01, 0x00, 0x00, 0x00, 0x00, 0x00, 0x00, 0x00,
  0x00, 0x00, 0x00, 0x00, 0x00, 0x00, 0x00, 0x00, 0x30, 0x00, 0x00, 0x00,
  0x00, 0x00, 0x44, 0x00, 0x00, 0x00, 0x00, 0x00, 0x32, 0x00, 0x00, 0x00,
  0x00, 0x00, 0x4f, 0x00, 0x00, 0x00, 0x00, 0x00, 0x4c, 0x00, 0x00, 0x00,
  0x00, 0x00, 0x4e, 0x00, 0x00, 0x00, 0x1c, 0x00, 0x00, 0x00, 0x00, 0x00,
  0x00, 0x00, 0x00, 0x12, 0x00, 0x00, 0x16, 0x00, 0x00, 0x00, 0x00, 0x00,
  0x00, 0x00, 0x00, 0x00, 0x00, 0x00, 0x00, 0x00, 0x3b, 0x00, 0x00, 0x00,
  0x18, 0x00, 0x00, 0x00, 0x00, 0x00, 0x1c, 0x00, 0x41, 0x00, 0x00, 0x00,
  0x00, 0x00, 0x00, 0x00, 0x00, 0x00, 0x00, 0x00, 0x00, 0x00, 0x00, 0x00,
  0x1b, 0x00, 0x00, 0x00, 0x00, 0x00, 0x26, 0x00, 0x4d, 0x00, 0x00, 0x00,
  0x00, 0x0c, 0x3d, 0x00, 0x00, 0x00, 0x00, 0x05, 0x3e, 0x00, 0x00, 0x00,
  0x27, 0x10, 0x00, 0x00, 0x00, 0x00, 0x00, 0x00, 0x00, 0x00, 0x00, 0x00,
  0x00, 0x00, 0x43, 0x00, 0x00, 0x00, 0x00, 0x0f, 0x3b, 0x00, 0x00, 0x00,
  0x00, 0x0a, 0x00, 0x00, 0x0f, 0x00, 0x00, 0x05, 0x48, 0x00, 0x00, 0x00,
  0x00, 0x00, 0x00, 0x00, 0x00, 0x00, 0x00, 0x00, 0x4a, 0x00, 0x00, 0x00,
  0x00, 0x00, 0x33, 0x00, 0x00, 0x00, 0x00, 0x00, 0x00, 0x00, 0x00, 0x00,
  0x00, 0x00, 0x00, 0x00, 0x00, 0x00, 0x00, 0x00, 0x00, 0x00, 0x00, 0x00,
  0x00, 0x09, 0x00, 0x00, 0x00, 0x00, 0x00, 0x08, 0x00, 0xd7, 0x00, 0x00,
  0x12, 0x00, 0x00, 0x00, 0x00, 0x00, 0x16, 0x00, 0x00, 0x00, 0x00, 0x00,
  0x00, 0x00, 0x00, 0x00, 0x00, 0x00, 0x12, 0xd3, 0x00, 0x00, 0x00, 0x00,
  0x00, 0x00, 0x00, 0x00, 0x00, 0x00, 0x00, 0x00, 0x3c, 0x00, 0x00, 0x00,
  0x00, 0x00, 0x00, 0x00, 0x00, 0x00, 0x00, 0x00, 0x30, 0x00, 0x00, 0x00,
  0x13, 0x00, 0x00, 0x00, 0x00, 0x00, 0x00, 0x00, 0x00, 0x00, 0x00, 0x00,
  0x00, 0xd2, 0x35, 0x00, 0x00, 0x00, 0x19, 0xd6, 0x00, 0x00, 0x00, 0x00,
  0x0f, 0x00, 0x00, 0xfa, 0x00, 0x00, 0x00, 0x00, 0x2a, 0x00, 0x00, 0x00,
  0x00, 0x00, 0x00, 0x00, 0x00, 0x26, 0x0f, 0x0b, 0x00, 0x00, 0x00, 0x00,
  0xde, 0x2a, 0xe7, 0x00, 0x00, 0x28, 0x00, 0x24, 0x00, 0x00, 0x00, 0x00,
  0x00, 0x00, 0x00, 0x00, 0xe8, 0x00, 0x00, 0x00, 0x00, 0xf1, 0x00, 0x00,
  0x00, 0x00, 0x00, 0xd2, 0x00, 0x00, 0x00, 0x00, 0x00, 0xd6, 0x00, 0x00,
  0x00, 0x00, 0x00, 0xdc, 0x00, 0x00, 0x00, 0xee, 0x00, 0xdc, 0x00, 0x00,
  0x00, 0x00, 0x00, 0xe1, 0x00, 0x00, 0xde, 0x00, 0x00, 0xe3, 0x00, 0x00,
  0x00, 0x00, 0x00, 0x00, 0x00, 0x00, 0x00, 0x00, 0x00, 0x00, 0xe5, 0x00,
  0x00, 0x00, 0x00, 0x00, 0x00, 0x00, 0x00, 0x00, 0x00, 0x00, 0x00, 0x00,
  0x00, 0xf1, 0x00, 0x00, 0x00, 0x00, 0x00, 0xf4, 0xd2, 0x00, 0x00, 0x1e,
  0x00, 0x00, 0x00, 0x00, 0x00, 0x00, 0x00, 0xf2, 0x00, 0x00, 0x00, 0x00,
  0x14, 0x00, 0x00, 0x00, 0xd6, 0x00, 0x00, 0x00, 0x00, 0x20, 0xcb, 0x00,
  0x16, 0x00, 0x00, 0x00, 0xd1, 0x00, 0x00, 0x00, 0x00, 0x00, 0xcb, 0x25,
  0x00, 0x00, 0x00, 0x00, 0xcd, 0x00, 0x15, 0x00, 0x00, 0x19, 0xcb, 0x00,
  0x00, 0x00, 0x00, 0x00, 0xc1, 0x00, 0x00, 0x00, 0x00, 0x00, 0xd8, 0x00,
  0x15, 0x00, 0x00, 0x00, 0x00, 0x00, 0x00, 0x00, 0x00, 0x00, 0x00, 0x00,
  0x00, 0x00, 0x00, 0x00, 0xdb, 0x00, 0x00, 0x00, 0x1b, 0x00, 0xd7, 0x00,
  0x00, 0x00, 0x00, 0xe5, 0xe6, 0x2d, 0x00, 0x00, 0x00, 0x00, 0xde, 0x3a,
  0x00, 0x00, 0x00, 0x00, 0x00, 0x2d, 0x00, 0x00, 0x00, 0x00, 0x00, 0x32,
  0x00, 0x21, 0x00, 0x00, 0x00, 0x2b, 0x00, 0x00, 0x00, 0x00, 0x00, 0x00,
  0x00, 0x2a, 0x00, 0x00, 0x00, 0x00, 0x00, 0x00, 0x00, 0x00, 0x00, 0x1a,
  0x00, 0x22, 0x15, 0x00, 0x00, 0x00, 0x00, 0x1e, 0x00, 0x00, 0x00, 0x00,
  0x00, 0x2a, 0x00, 0x00, 0x00, 0x00, 0x00, 0x00, 0x00, 0x00, 0x00, 0x00,
  0x00, 0x29, 0x00, 0x00, 0x00, 0x00, 0x00, 0x00, 0x00, 0x00, 0x00, 0x20,
  0x00, 0x28, 0x00, 0x00, 0x00, 0x2b, 0x00, 0x00, 0x00, 0x00, 0x00, 0x00,
  0x00, 0x00, 0x00, 0x00, 0x00, 0x00, 0x00, 0x00, 0x00, 0x00, 0x00, 0x1d,
  0x00, 0x00, 0x00, 0x00, 0x00, 0x00, 0x00, 0x00, 0x00, 0x00, 0x00, 0x1b,
  0x00, 0x00, 0x00, 0x00, 0x00, 0x21, 0x00, 0x00, 0x00, 0x00, 0x00, 0x2d,
  0x00, 0x00, 0x00, 0xe0, 0x00, 0x28, 0x00, 0x00, 0xe8, 0xdf, 0x00, 0x00,
  0x00, 0x00, 0xe6, 0x00, 0xd5, 0x00, 0x00, 0xf5, 0x00, 0x00, 0x00, 0x2b,
  0x00, 0x00, 0x00, 0xd4, 0xd4, 0x00, 0x00, 0x00, 0x00, 0xe8, 0x00, 0x2a,
  0x00, 0x00, 0x00, 0x00, 0xcd, 0x2f, 0x00, 0x36, 0x29, 0xe5, 0x00, 0x26,
  0x00, 0x35, 0x00, 0xe6, 0xcc, 0x00, 0x00, 0x34, 0x00, 0x00, 0x00, 0x00,
  0x00, 0x00, 0x00, 0x00, 0x00, 0x00, 0x00, 0x00, 0x00, 0x00, 0x00, 0x00,
  0x00, 0x00, 0x1e, 0x00, 0xcd, 0x2a, 0x00, 0x00, 0x00, 0x28, 0xd9, 0x00,
  0x00, 0x2b, 0x00, 0x00, 0x00, 0x00, 0x00, 0x2e, 0x14, 0x00, 0x00, 0x33,
  0x00, 0x00, 0x00, 0x00, 0x00, 0x00, 0x00, 0x00, 0x00, 0x00, 0x00, 0x2f,
  0x00, 0x38, 0x00, 0x00, 0x00, 0x31, 0x00, 0x00, 0x00, 0x00, 0x00, 0x00,
  0x00, 0x00, 0x00, 0x00, 0x00, 0x00, 0x00, 0x00, 0x00, 0x00, 0x00, 0x00,
  0x00, 0x2c, 0x00, 0x00, 0x00, 0x00, 0x00, 0x45, 0x00, 0x00, 0x00, 0x00,
  0xe2, 0x00, 0x00, 0xd0, 0x00, 0x00, 0xe4, 0x33, 0x00, 0x00, 0x00, 0x00,
  0x00, 0x00, 0x00, 0xd7, 0x00, 0x00, 0x00, 0x00, 0x00, 0x00, 0x00, 0x00,
  0x00, 0x22, 0x00, 0x00, 0x00, 0x00, 0x00, 0x27, 0x00, 0xd4, 0x00, 0x00,
  0x00, 0x00, 0x00, 0xe5, 0x00, 0x00, 0x00, 0x00, 0x00, 0xdf, 0x00, 0x00,
  0x23, 0x00, 0x00, 0x00, 0x00, 0x00, 0x00, 0x00, 0x00, 0xc7, 0x00, 0x00,
  0x2a, 0x00, 0x00, 0xde, 0x00, 0x00, 0x00, 0x00, 0x00, 0x00, 0x00, 0x00,
  0x00, 0xea, 0x00, 0xf1, 0x00, 0x00, 0x00, 0xed, 0x00, 0x00, 0x00, 0x00,
  0x00, 0xea, 0x00, 0x00, 0x00, 0x00, 0x00, 0x00, 0xdd, 0x00, 0x00, 0x30,
  0x00, 0x00, 0x00, 0x00, 0xdd, 0x00, 0xe5, 0x00, 0x00, 0x00, 0xe2, 0x2e,
  0x00, 0x00, 0x00, 0x33, 0x00, 0x00, 0x00, 0x00, 0x00, 0x00, 0xde, 0x00,
  0x00, 0x21, 0xdb, 0x00, 0xdf, 0x00, 0x00, 0x00, 0x00, 0x00, 0xe3, 0x00,
  0x00, 0x3a, 0x00, 0x00, 0xd5, 0x00, 0x00, 0x2f, 0x00, 0xda, 0x00, 0x00,
  0xe9, 0x00, 0x00, 0xd4, 0x00, 0x20, 0x00, 0x02, 0x00, 0x00, 0x1a, 0x00,
  0x22, 0x07, 0x00, 0x00, 0x00, 0x00, 0x00, 0x00, 0xf2, 0xd6, 0x00, 0x00,
  0x00, 0x00, 0x23, 0xc4, 0x00, 0x1d, 0x2e, 0x00, 0x1d, 0xb1, 0x00, 0x00,
  0x00, 0x00, 0x00, 0x00, 0x00, 0x00, 0x1f, 0x00, 0x00, 0x00, 0x00, 0x00,
  0x1c, 0x00, 0x00, 0x00, 0x00, 0x16, 0x34, 0x00, 0x00, 0x00, 0x00, 0x00,
  0x37, 0x00, 0x29, 0xc6, 0x00, 0x00, 0x00, 0x00, 0x00, 0x00, 0x00, 0x00,
  0x00, 0x00, 0x00, 0x00, 0x00, 0x00, 0x00, 0x00, 0x00, 0x00, 0x00, 0x14,
  0x1f, 0x00, 0x00, 0xbc, 0x00, 0x00, 0x00, 0x00, 0x16, 0xbb, 0x00, 0x00,
  0x00, 0xd2, 0x00, 0x00, 0x00, 0x00, 0x00, 0x00, 0xd1, 0x00, 0x1e, 0x00,
  0x00, 0x00, 0x00, 0x00, 0x25, 0x00, 0x00, 0x00, 0x00, 0xd5, 0x00, 0x00,
  0x00, 0x00, 0x00, 0x00, 0x00, 0xdc, 0x28, 0x00, 0x00, 0x00, 0x00, 0x00,
  0x00, 0x02, 0x00, 0x00, 0x00, 0x00, 0x00, 0x00, 0x00, 0xe9, 0x13, 0x00,
  0x00, 0x00, 0x00, 0xbd, 0x00, 0x00, 0x00, 0x00, 0x00, 0x00, 0x00, 0x00,
  0x27, 0x00, 0xd7, 0x00, 0x00, 0x00, 0x00, 0x00, 0x00, 0xe2, 0x00, 0x00,
  0x20, 0x00, 0x00, 0x00, 0x00, 0x00, 0x00, 0x0b, 0x00, 0xd3, 0x00, 0x00,
  0x00, 0x00, 0x00, 0x00, 0x00, 0x00, 0x2a, 0x07, 0x00, 0x00, 0x00, 0x00,
  0x00, 0x00, 0xde, 0x00, 0x00, 0x00, 0x21, 0x00, 0xe8, 0x00, 0x00, 0x00,
  0x00, 0x00, 0x00, 0x00, 0x00, 0x00, 0x00, 0x00, 0x00, 0xcb, 0xe5, 0x11,
  0x00, 0x11, 0x00, 0xc9, 0x00, 0x00, 0x00, 0x00, 0x00, 0xd7, 0x00, 0x00,
  0x00, 0x00, 0xe7, 0x00, 0x00, 0x00, 0x00, 0x00, 0x00, 0xd6, 0x00, 0x00,
  0x00, 0x00, 0x10, 0xdc, 0x00, 0x00, 0x00, 0x00, 0xe5, 0xcc, 0x00, 0x00,
  0x00, 0x00, 0xc9, 0x00, 0x00, 0x00, 0x00, 0x00, 0x00, 0xe8, 0xef, 0x00,
  0x00, 0x00, 0x00, 0xd9, 0x00, 0x00, 0x00, 0x00, 0x00, 0xd6, 0x00, 0x0b,
  0x00, 0x08, 0x00, 0x00, 0xe7, 0x00, 0x00, 0x00, 0xcc, 0x00, 0xd2, 0x00,
  0x00, 0x00, 0x00, 0x00, 0x00, 0x00, 0x00, 0x00, 0x00, 0xf0, 0x00, 0x00,
  0x00, 0x00, 0x00, 0x00, 0x00, 0x0d, 0x00, 0x00, 0x26, 0x00, 0xe7, 0x00,
  0xe9, 0x00, 0x00, 0x00, 0x00, 0x00, 0x00, 0x00, 0xd6, 0x00, 0x1b, 0x00,
  0x00, 0xce, 0x00, 0x00, 0x10, 0x00, 0x00, 0x00, 0x00, 0x00, 0x00, 0x00,
  0xe5, 0x00, 0x00, 0x25, 0xd9, 0x0e, 0x00, 0x00, 0x00, 0x38, 0xe2, 0x00,
  0x00, 0x00, 0xd5, 0x2d, 0x00, 0x00, 0x00, 0x00, 0x00, 0x00, 0x11, 0x00,
  0x00, 0x00, 0x00, 0x00, 0x13, 0x00, 0x1c, 0x00, 0xd3, 0x39, 0x00, 0x00,
  0x00, 0x00, 0xbb, 0x32, 0x00, 0x00, 0x00, 0x00, 0x00, 0x00, 0x00, 0x00,
  0x21, 0xd9, 0x00, 0x00, 0x00, 0x00, 0x00, 0x00, 0x00, 0xee, 0x00, 0xe0,
  0x16, 0x00, 0x00, 0x00, 0x00, 0x00, 0x15, 0x00, 0xdf, 0x26, 0x00, 0x00,
  0x0d, 0x00, 0x00, 0x00, 0x00, 0xe7, 0x00, 0x00, 0x00, 0x00, 0x00, 0x00,
  0x00, 0x00, 0x0d, 0x00, 0xf2, 0x00, 0x00, 0x00, 0x00, 0x00, 0xd8, 0x00,
  0x00, 0xd9, 0x00, 0xed, 0x00, 0x00, 0x00, 0x00, 0x00, 0x00, 0x00, 0x00,
  0x00, 0x00, 0x00, 0xe9, 0xf8, 0x00, 0x00, 0x00, 0x1a, 0xde, 0x00, 0x00,
  0x00, 0x00, 0x13, 0xe1, 0xe3, 0x00, 0x00, 0x00, 0xe4, 0xe5, 0xf2, 0x15,
  0x00, 0x00, 0x00, 0x00, 0xf2, 0x00, 0x00, 0x0d, 0x00, 0xd5, 0xec, 0x00,
  0x00, 0x0a, 0x00, 0xce, 0x00, 0xe1, 0x00, 0x00, 0x1c, 0xdf, 0x00, 0x00,
  0x00, 0x13, 0x00, 0xec, 0x00, 0x00, 0x00, 0x06, 0xf0, 0x00, 0x00, 0x00,
  0x00, 0x00, 0x20, 0x00, 0x00, 0x00, 0xe2, 0x00, 0x00, 0xd9, 0xea, 0x00,
  0x00, 0x09, 0x00, 0x00, 0xe6, 0x00, 0x00, 0x00, 0x32, 0xd1, 0xe1, 0x00,
  0x00, 0x00, 0xe1, 0x00, 0x00, 0x00, 0x00, 0x0b, 0x00, 0x00, 0x1b, 0x00,
  0x00, 0x1b, 0x17, 0xb6, 0x00, 0x00, 0x00, 0x00, 0x00, 0x00, 0x00, 0x00,
  0xe7, 0x00, 0x00, 0x00, 0x00, 0x00, 0x00, 0x00, 0x00, 0x00, 0x00, 0x00,
  0x00, 0x0f, 0x00, 0x00, 0x10, 0x00, 0x00, 0x00, 0x00, 0x00, 0x0b, 0x00,
  0x00, 0x00, 0x00, 0x00, 0x0a, 0x00, 0x00, 0x00, 0xe7, 0x00, 0x15, 0xda,
  0x00, 0x00, 0xe0, 0x00, 0x14, 0xdc, 0x00, 0x00, 0x00, 0x00, 0x00, 0xc4,
  0x00, 0x00, 0x00, 0x00, 0x00, 0x00, 0x00, 0x00, 0x00, 0x00, 0x00, 0x00,
  0x00, 0x00, 0x00, 0x11, 0xc1, 0x00, 0x00, 0x00, 0x00, 0x00, 0x00, 0x00,
  0x00, 0x24, 0x00, 0x00, 0x00, 0x00, 0x00, 0x00, 0x00, 0x00, 0x00, 0x00,
  0x00, 0x00, 0x00, 0x00, 0x00, 0x00, 0x00, 0x00, 0x00, 0x00, 0x00, 0x00,
  0x00, 0x24, 0x00, 0x00, 0x00, 0x00, 0x00, 0x00, 0x00, 0x00, 0x00, 0x00,
  0x00, 0x00, 0x00, 0x00, 0x00, 0x00, 0x00, 0x00, 0x00, 0x00, 0x00, 0x00,
  0x00, 0x00, 0x38, 0x00, 0x00, 0x00, 0x00, 0x1c, 0x00, 0xd7, 0x00, 0x00,
  0x00, 0x20, 0x00, 0x00, 0x00, 0x00, 0x00, 0x00, 0x00, 0x00, 0x00, 0x00,
  0x00, 0x21, 0x00, 0x00, 0x00, 0x00, 0x00, 0x00, 0x2c, 0x00, 0x00, 0x00,
  0x00, 0x00, 0x00, 0x00, 0x00, 0x00, 0x00, 0x00, 0x00, 0x00, 0x00, 0xc7,
  0x00, 0x00, 0x00, 0x00, 0x00, 0xc2, 0x00, 0x00, 0x00, 0x00, 0x00, 0x00,
  0x00, 0x00, 0x00, 0x00, 0x11, 0x00, 0x37, 0x00, 0x00, 0xd7, 0x04, 0x00,
  0x00, 0xe7, 0x00, 0xe8, 0x00, 0x00, 0x00, 0x00, 0x00, 0xdb, 0xfc, 0x00,
  0x00, 0x00, 0x00, 0xd3, 0x00, 0x00, 0x00, 0x00, 0x00, 0xd9, 0x00, 0xc1,
  0x00, 0x00, 0x1f, 0x00, 0xc6, 0xbe, 0x00, 0x00, 0x27, 0x00, 0x00, 0x00,
  0x00, 0x26, 0x25, 0x00, 0x00, 0xbe, 0x00, 0x00, 0x20, 0xc5, 0x00, 0x00,
  0x00, 0x00, 0x00, 0xbc, 0x00, 0x00, 0x2b, 0x00, 0x00, 0x00, 0x00, 0x00,
  0x2e, 0x00, 0x00, 0x00, 0x00, 0xd0, 0x24, 0x00, 0x00, 0x00, 0x00, 0xc7,
  0x34, 0x00, 0x00, 0x00, 0x00, 0x00, 0x33, 0x00, 0x00, 0x00, 0x00, 0x00,
  0x2c, 0x00, 0x00, 0x20, 0x00, 0xbd, 0x00, 0x00, 0x00, 0x00, 0x00, 0xcf,
  0x28, 0x00, 0x00, 0x00, 0x00, 0xc1, 0x29, 0x00, 0x00, 0x00, 0x00, 0x00,
  0x00, 0x00, 0x00, 0x00, 0x00, 0x00, 0x00, 0x00, 0x00, 0x00, 0x00, 0x00,
  0x00, 0x00, 0x00, 0x00, 0x00, 0x00, 0x00, 0xeb, 0x00, 0x00, 0x00, 0x00,
  0x00, 0x00, 0x00, 0x00, 0x00, 0x00, 0x00, 0x00, 0x00, 0x00, 0xdb, 0x00,
  0x00, 0x22, 0x24, 0xc9, 0x00, 0x00, 0x00, 0x22, 0x00, 0xd2, 0x00, 0x00,
  0x00, 0x2e, 0x00, 0x00, 0x00, 0x00, 0x00, 0x00, 0x00, 0x00, 0x00, 0x00,
  0x00, 0x2a, 0x00, 0x00, 0x00, 0x00, 0x00, 0x39, 0x24, 0xc0, 0x00, 0x00,
  0x00, 0x38, 0x00, 0x00, 0x00, 0xbc, 0x00, 0x00, 0x00, 0x08, 0x00, 0x00,
  0x2a, 0x2b, 0x00, 0x00, 0x00, 0x00, 0x00, 0x00, 0x00, 0x00, 0x09, 0x00,
  0x00, 0x00, 0x00, 0x00, 0x11, 0x00, 0x00, 0x00, 0x00, 0x00, 0x0b, 0x00,
  0x36, 0x00, 0x00, 0x00, 0x00, 0x00, 0x00, 0x00, 0x00, 0xd2, 0x0a, 0xbe,
  0x00, 0x00, 0x00, 0x00, 0x00, 0x00, 0x00, 0x31, 0x00, 0x00, 0x00, 0x00,
  0x2a, 0x00, 0x1b, 0x00, 0xb9, 0xbf, 0x00, 0x00, 0x00, 0x00, 0x00, 0x00,
  0x00, 0x00, 0x00, 0x00, 0xf5, 0xc6, 0x00, 0x00, 0x13, 0xc1, 0x00, 0xbc,
  0x00, 0x32, 0x00, 0xbf, 0x00, 0x00, 0x00, 0x00, 0x00, 0x00, 0x00, 0x00,
  0x00, 0x00, 0x00, 0x00, 0x00, 0x00, 0x39, 0x00, 0x00, 0x00, 0x01, 0xc7,
  0x22, 0x00, 0x00, 0x00, 0x00, 0x00, 0x2c, 0x00, 0x00, 0x00, 0x00, 0x00,
  0x22, 0x00, 0x00, 0xff, 0x00, 0x00, 0x00, 0x00, 0x00, 0x00, 0x00, 0x00,
  0x20, 0x00, 0x00, 0x00, 0x00, 0x00, 0x00, 0x00, 0x00, 0x00, 0x00, 0x00,
  0x28, 0x00, 0x00, 0x00, 0x00, 0xbc, 0x00, 0x00, 0x00, 0x00, 0x00, 0x00,
  0x00, 0x00, 0x00, 0x00, 0x00, 0x00, 0x00, 0x00, 0x00, 0x00, 0x00, 0x00,
  0x00, 0x00, 0x13, 0x00, 0x00, 0x00, 0x00, 0xed, 0x2a, 0x00, 0x00, 0x00,
  0x00, 0x00, 0x00, 0xe6, 0x00, 0x00, 0x00, 0x00, 0x00, 0x00, 0x09, 0x00,
  0x00, 0x00, 0x00, 0x00, 0xfd, 0x00, 0xe3, 0x00, 0x00, 0x00, 0x00, 0x00,
  0x00, 0x00, 0x00, 0xc9, 0x00, 0x00, 0x00, 0x00, 0x00, 0xc9, 0x03, 0x00,
  0x00, 0x00, 0x00, 0x00, 0x00, 0x00, 0x00, 0x00, 0x00, 0x00, 0x00, 0xaf,
  0x2e, 0x00, 0xeb, 0x00, 0x00, 0x00, 0x00, 0x00, 0x00, 0x00, 0x00, 0xc1,
  0x00, 0x00, 0x00, 0x00, 0xf9, 0x00, 0x26, 0x00, 0x00, 0xd5, 0xfc, 0xbb,
  0x00, 0x00, 0x00, 0xd2, 0x00, 0x00, 0x00, 0x00, 0x00, 0xd7, 0xfc, 0xaf,
  0x00, 0x00, 0x00, 0x00, 0x00, 0xb1, 0x00, 0x00, 0x00, 0x00, 0x00, 0x00,
  0x2a, 0x00, 0x00, 0x00, 0x00, 0x1c, 0x25, 0x00, 0x00, 0x00, 0x00, 0x00,
  0x1c, 0x00, 0x27, 0x00, 0x00, 0x00, 0x00, 0x00, 0x00, 0x00, 0x00, 0x00,
  0x00, 0x00, 0x00, 0x00, 0x00, 0x00, 0x00, 0x00, 0x00, 0x00, 0x00, 0xec,
  0x18, 0x00, 0x00, 0xbf, 0x00, 0xea, 0x00, 0x00, 0x00, 0xbb, 0x00, 0x00,
  0x00, 0x00, 0x00, 0x00, 0x00, 0x00, 0x00, 0x00, 0x00, 0xc7, 0x00, 0x00,
  0x00, 0x00, 0x00, 0x00, 0x00, 0x00, 0x00, 0x00, 0x00, 0x00, 0x00, 0x00,
  0x00, 0x00, 0x00, 0x00, 0x00, 0xe8, 0x00, 0x00, 0x00, 0x00, 0x00, 0x00,
  0x00, 0x00, 0x00, 0x00, 0x00, 0x00, 0x1e, 0x00, 0x00, 0x00, 0x00, 0xec,
  0x00, 0x00, 0x00, 0x00, 0xd5, 0x00, 0x00, 0x00, 0x00, 0x00, 0xdf, 0x00,
  0x00, 0x00, 0x00, 0xc7, 0xe3, 0x00, 0x00, 0x00, 0x00, 0xc7, 0x00, 0x00,
  0x00, 0x00, 0x00, 0x00, 0x00, 0x00, 0x00, 0xd2, 0x00, 0xc2, 0xd8, 0x00,
  0x00, 0x00, 0x00, 0xc3, 0x00, 0x00, 0x00, 0x00, 0x19, 0x00, 0x00, 0xec,
  0x00, 0x01, 0x00, 0xd7, 0x00, 0x00, 0xe5, 0xd5, 0x00, 0x00, 0x00, 0x00,
  0x00, 0xd4, 0x1c, 0x00, 0x00, 0xed, 0x00, 0x00, 0x00, 0xd3, 0x00, 0x00,
  0x00, 0x00, 0x00, 0x00, 0x00, 0x00, 0x00, 0x00, 0x00, 0x00, 0x00, 0x00,
  0x00, 0x00, 0x00, 0x00, 0x00, 0x00, 0x00, 0x00, 0x00, 0xc6, 0x00, 0x1b,
  0x00, 0x00, 0x00, 0xba, 0x00, 0x00, 0x00, 0xcf, 0x11, 0xc8, 0x00, 0x00,
  0x00, 0x00, 0x00, 0x00, 0x00, 0x00, 0x00, 0x00, 0x00, 0x00, 0xcd, 0x00,
  0xe3, 0x00, 0x00, 0x00, 0xca, 0x00, 0xe4, 0x08, 0x00, 0x00, 0xcc, 0x00,
  0x00, 0x00, 0x00, 0xdc, 0x00, 0xdd, 0x00, 0x00, 0x00, 0xde, 0xd0, 0xe1,
  0x00, 0x00, 0x00, 0xdc, 0x00, 0x00, 0x00, 0x00, 0x00, 0xde, 0x00, 0x00,
  0x00, 0x00, 0x00, 0xd9, 0x00, 0xca, 0x00, 0x06, 0x00, 0xd2, 0x00, 0xdb,
  0x00, 0x00, 0x00, 0xdb, 0xe3, 0x00, 0x00, 0x04, 0x00, 0xde, 0x00, 0x00,
  0x00, 0x00, 0x00, 0x00, 0x00, 0xe4, 0x00, 0x00, 0x00, 0x00, 0x00, 0xe1,
  0x00, 0x00, 0x00, 0x00, 0xd7, 0x00, 0x00, 0x00, 0x00, 0x00, 0xcf, 0x00,
  0x00, 0x00, 0x00, 0x00, 0xd2, 0x00, 0x00, 0x00, 0x00, 0x00, 0xd4, 0x00,
  0x2c, 0xc6, 0x00, 0x00, 0xd1, 0x00, 0x27, 0xbd, 0x00, 0x00, 0xcf, 0x00,
  0x00, 0xc2, 0x00, 0x00, 0xd2, 0x00, 0x00, 0x00, 0x00, 0xe7, 0x00, 0x00,
  0x00, 0x00, 0x00, 0x00, 0x00, 0x00, 0x00, 0x00, 0x00, 0x00, 0xbf, 0x00,
  0x00, 0x00, 0x00, 0x00, 0x00, 0x00, 0x00, 0x00, 0x00, 0x00, 0xdb, 0x00,
  0x00, 0x00, 0x00, 0x00, 0xc8, 0x00, 0x00, 0x00, 0x0c, 0x00, 0xd8, 0x00,
  0x00, 0xd1, 0x05, 0x00, 0xdc, 0x00, 0x00, 0x00, 0x00, 0x00, 0x00, 0x00,
  0x00, 0x00, 0x00, 0x00, 0x00, 0x00, 0x00, 0x00, 0x00, 0xeb, 0xc6, 0x00,
  0x00, 0xd0, 0x00, 0xf3, 0x00, 0x00, 0x00, 0x00, 0x00, 0xd6, 0x00, 0x00,
  0x00, 0x00, 0x00, 0xf1, 0x00, 0x00, 0x29, 0x00, 0x00, 0x00, 0xcd, 0x00,
  0x00, 0x00, 0x00, 0x00, 0x00, 0x00, 0x00, 0x00, 0x00, 0x00, 0x00, 0x00,
  0x00, 0x00, 0x00, 0x00, 0x00, 0x00, 0x00, 0xd7, 0x0e, 0x00, 0xbf, 0x00,
  0x19, 0x00, 0x11, 0x00, 0xc7, 0x00, 0x00, 0xd1, 0x00, 0xdc, 0x00, 0x00,
  0x00, 0xcd, 0x00, 0xe3, 0x00, 0x00, 0x00, 0xc9, 0x00, 0x00, 0x00, 0x00,
  0x1f, 0xd7, 0x00, 0x00, 0x00, 0x00, 0x2a, 0xcc, 0x00, 0x00, 0x00, 0x00,
  0x00, 0x00, 0x00, 0x00, 0x00, 0x00, 0x23, 0xca, 0x00, 0x00, 0x00, 0x00,
  0x2a, 0x00, 0x11, 0x00, 0x00, 0x00, 0x1d, 0xc8, 0x00, 0x00, 0xca, 0xe2,
  0x00, 0xcd, 0x00, 0x00, 0xce, 0xe7, 0x00, 0xce, 0x00, 0x00, 0x00, 0x00,
  0x24, 0x00, 0x00, 0x00, 0x00, 0x00, 0x29, 0xc6, 0x00, 0x00, 0xbc, 0x00,
  0x00, 0xb5, 0x00, 0x00, 0xc5, 0x00, 0x00, 0xc0, 0x00, 0xd3, 0xd3, 0x00,
  0x00, 0x00, 0x00, 0xca, 0x00, 0x00, 0x00, 0xc6, 0x00, 0x00, 0xdc, 0x00,
  0x00, 0xcc, 0x00, 0x00, 0xd9, 0x38, 0x00, 0x00, 0x00, 0x00, 0x00, 0x00,
  0xef, 0x00, 0x00, 0x00, 0x00, 0x00, 0x00, 0x00, 0x00, 0x00, 0xca, 0x00,
  0xed, 0x00, 0x00, 0x00, 0xd2, 0x00, 0xf4, 0x00, 0x00, 0x00, 0xcf, 0x00,
  0x00, 0x00, 0x00, 0x00, 0xd7, 0x00, 0xf0, 0x00, 0x00, 0x00, 0x00, 0x00,
  0xf3, 0x00, 0xda, 0x00, 0x00, 0x00, 0x00, 0x00, 0x00, 0x00, 0x00, 0x00,
  0x00, 0x00, 0x00, 0x00, 0x00, 0x00, 0x00, 0x00, 0x00, 0x00, 0x00, 0x00,
  0x00, 0x37, 0x00, 0x00, 0x00, 0xe7, 0xf4, 0x2d, 0x00, 0x00, 0x00, 0xeb,
  0x00, 0x00, 0x00, 0x00, 0x1b, 0x00, 0x00, 0x36, 0xea, 0x00, 0x1a, 0xe6,
  0x00, 0x00, 0x00, 0x00, 0x00, 0xe2, 0x00, 0x00, 0x00, 0x00, 0x00, 0xd1,
  0x00, 0x00, 0x00, 0x00, 0x00, 0x00, 0x00, 0x00, 0x00, 0x00, 0x00, 0x00,
  0x00, 0x00, 0x00, 0xe4, 0x00, 0x00, 0x00, 0x00, 0x00, 0x00, 0x00, 0x00,
  0x00, 0x00, 0x00, 0xe6, 0x1c, 0x00, 0x00, 0x00, 0x00, 0xe2, 0x1f, 0x00,
  0xf0, 0x00, 0x00, 0xde, 0x00, 0xe9, 0x00, 0x00, 0x00, 0x00, 0x00, 0xe6,
  0x00, 0x00, 0x00, 0x00, 0x00, 0x00, 0x23, 0x00, 0xe3, 0x24, 0x00, 0xe9,
  0x00, 0x00, 0x00, 0x00, 0x00, 0x00, 0x00, 0x00, 0x00, 0x00, 0x00, 0xef,
  0x26, 0x00, 0x00, 0x00, 0x00, 0x00, 0x00, 0x00, 0x00, 0x00, 0x00, 0x00,
  0x00, 0x00, 0xe8, 0x00, 0x00, 0x00, 0x00, 0x30, 0x00, 0x00, 0x00, 0xf2,
  0x00, 0x00, 0x00, 0x00, 0x00, 0x00, 0x00, 0x00, 0x00, 0x00, 0x00, 0x00,
  0x00, 0x00, 0x00, 0x00, 0x00, 0x00, 0x00, 0x00, 0x00, 0x00, 0x00, 0x00,
  0x00, 0x33, 0x00, 0x00, 0x00, 0x00, 0x00, 0x00, 0xe8, 0x00, 0x00, 0x00,
  0xf0, 0x00, 0x00, 0x22, 0x00, 0x00, 0x00, 0x00, 0x00, 0x00, 0x00, 0x00,
  0x00, 0x00, 0x00, 0x00, 0x00, 0x00, 0x00, 0x00, 0x00, 0x00, 0x00, 0x00,
  0xed, 0x00, 0xdb, 0x00, 0x00, 0x00, 0x00, 0x27, 0x00, 0x00, 0x00, 0x00,
  0x00, 0x00, 0x00, 0xe8, 0x00, 0x00, 0x00, 0x00, 0xe1, 0x00, 0x00, 0x00,
  0x00, 0x00, 0x00, 0x00, 0x00, 0x00, 0x00, 0x20, 0x00, 0x00, 0x00, 0x00,
  0x00, 0x00, 0x00, 0x00, 0x33, 0x00, 0x00, 0x00, 0x00, 0x00, 0x3b, 0xed,
  0x00, 0x00, 0x00, 0x00, 0x00, 0x00, 0x00, 0x22, 0x00, 0x00, 0x00, 0xf2,
  0x00, 0x00, 0xdf, 0x00, 0x00, 0x00, 0x00, 0x00, 0x00, 0x00, 0x34, 0xeb,
  0x00, 0x00, 0x14, 0x00, 0x00, 0xf1, 0x00, 0x00, 0x00, 0x00, 0x00, 0x00,
  0x00, 0x00, 0x00, 0x00, 0x33, 0x00, 0x00, 0x00, 0x00, 0x00, 0x00, 0x00,
  0x00, 0x00, 0x00, 0xde, 0x00, 0x00, 0x00, 0x00, 0x00, 0xea, 0x00, 0x00,
  0x00, 0x00, 0x00, 0x00, 0x33, 0xe8, 0x00, 0x00, 0xe5, 0x00, 0x00, 0xeb,
  0x00, 0x00, 0x00, 0x00, 0x00, 0x00, 0x26, 0x00, 0x00, 0xcf, 0x00, 0x00,
  0x00, 0x00, 0x00, 0x00, 0x00, 0x00, 0x00, 0x00, 0x00, 0x00, 0x00, 0x00,
  0x00, 0x28, 0x00, 0x00, 0x00, 0x00, 0x2d, 0x00, 0xe9, 0x00, 0x00, 0xe8,
  0x00, 0x2b, 0x00, 0x00, 0x00, 0x00, 0x00, 0x00, 0x00, 0x00, 0x00, 0x00,
  0x00, 0x00, 0x00, 0x00, 0x00, 0x00, 0x00, 0x00, 0x00, 0x00, 0x00, 0x00,
  0x00, 0x00, 0xf0, 0x00, 0x00, 0x00, 0xeb, 0x00, 0x00, 0x00, 0x00, 0xeb,
  0xf4, 0x00, 0x00, 0x00, 0x00, 0x00, 0x00, 0x00, 0x00, 0xdf, 0x30, 0x00,
  0x00, 0x00, 0xdf, 0x00, 0x00, 0x00, 0xe1, 0x00, 0xe2, 0x00, 0x00, 0x00,
  0xe8, 0x00, 0x00, 0x00, 0x00, 0x00, 0xe4, 0x00, 0x00, 0x00, 0x00, 0x00,
  0xe9, 0x00, 0xe9, 0x00, 0x00, 0x00, 0x00, 0x00, 0xdc, 0x00, 0x00, 0x00,
  0x00, 0x1c, 0x00, 0x00, 0x00, 0x00, 0x00, 0x00, 0x00, 0x00, 0x34, 0x00,
  0x00, 0x1f, 0x00, 0x00, 0x00, 0x00, 0x00, 0x00, 0x00, 0x00, 0x00, 0x00,
  0xf1, 0x27, 0x00, 0x00, 0x00, 0x00, 0x00, 0x1c, 0x00, 0x00, 0x00, 0x00,
  0x00, 0x18, 0x00, 0x00, 0x00, 0x00, 0x27, 0x19, 0x00, 0x00, 0x00, 0x00,
  0x00, 0x00, 0x00, 0x00, 0x00, 0xd8, 0x00, 0x17, 0x00, 0x00, 0x00, 0x00,
  0x00, 0x00, 0x00, 0x00, 0x2e, 0xe7, 0x00, 0x00, 0x00, 0xec, 0x00, 0xe7,
  0x00, 0x00, 0x00, 0x00, 0x00, 0x00, 0x00, 0x00, 0x00, 0x00, 0x00, 0xde,
  0x00, 0x00, 0x00, 0x00, 0x00, 0x00, 0x00, 0xda, 0x00, 0x00, 0x24, 0x00,
  0x00, 0x00, 0x00, 0x00, 0x2a, 0x00, 0x00, 0x00, 0x00, 0x00, 0x00, 0xe5,
  0x00, 0x00, 0x00, 0x00, 0x00, 0x00, 0x00, 0x10, 0x00, 0x00, 0x00, 0x00,
  0xf0, 0x00, 0xe3, 0x00, 0x00, 0xdb, 0x00, 0x00, 0x00, 0x00, 0x00, 0x00,
  0x00, 0x00, 0x00, 0x00, 0x00, 0xe3, 0x00, 0x00, 0x00, 0x00, 0xce, 0x00,
  0x00, 0x00, 0x00, 0x00, 0xdd, 0x0a, 0x00, 0x00, 0x00, 0x00, 0x00, 0x00,
  0x00, 0x00, 0x00, 0x00, 0xd3, 0x00, 0x00, 0x0a, 0x00, 0x00, 0xea, 0x00,
  0x00, 0x00, 0x00, 0x00, 0xdc, 0x09, 0xf1, 0x00, 0xcc, 0x00, 0xdc, 0x00,
  0x00, 0x00, 0x00, 0x00, 0xe3, 0x0a, 0xec, 0xdc, 0x00, 0x00, 0xcb, 0x00,
  0x00, 0x00, 0xc4, 0x00, 0xe0, 0x00, 0x00, 0x00, 0x00, 0x00, 0x00, 0x00,
  0x00, 0x00, 0x00, 0x00, 0x00, 0x00, 0x00, 0x00, 0xd4, 0x00, 0x00, 0x00,
  0x00, 0x00, 0x00, 0x00, 0x00, 0x00, 0xf5, 0x00, 0x00, 0xdb, 0x00, 0x00,
  0x00, 0x00, 0x00, 0xd2, 0x00, 0x00, 0x00, 0x00, 0x00, 0xd6, 0x00, 0x00,
  0xf4, 0x00, 0x00, 0x00, 0x00, 0x00, 0x00, 0x00, 0xe1, 0x00, 0x00, 0x00,
  0x00, 0x00, 0x00, 0x00, 0x00, 0x00, 0x00, 0x08, 0x00, 0x00, 0x00, 0x00,
  0x00, 0xdc, 0x00, 0x00, 0x00, 0x00, 0x00, 0x00, 0x00, 0x00, 0x00, 0x00,
  0x2d, 0x00, 0x00, 0x00, 0x00, 0x00, 0x00, 0xda, 0xcc, 0x00, 0x00, 0x00,
  0x00, 0x00, 0x00, 0x00, 0x00, 0x00, 0x00, 0x00, 0xcc, 0x00, 0x00, 0x00,
  0x00, 0x00, 0x00, 0x00, 0x00, 0x00, 0x00, 0x00, 0x00, 0x00, 0x00, 0x00,
  0xf3, 0xd6, 0xd7, 0x00, 0x00, 0x00, 0x00, 0xde, 0x00, 0x00, 0x00, 0x00,
  0x00, 0x00, 0xbf, 0x00, 0x00, 0x00, 0x00, 0x00, 0x00, 0x00, 0x00, 0x00,
  0x00, 0x00, 0x00, 0x00, 0x00, 0x00, 0x00, 0x00, 0xdf, 0xf0, 0x00, 0x07,
  0x00, 0xdc, 0x00, 0xfb, 0x00, 0x00, 0x00, 0x00, 0xdc, 0x00, 0x00, 0x00,
  0x00, 0x00, 0xe0, 0xf7, 0x00, 0x00, 0x00, 0x00, 0x00, 0x00, 0x00, 0x00,
  0x00, 0x00, 0x00, 0x00, 0xda, 0x00, 0x00, 0x00, 0x00, 0x00, 0xd6, 0x0f,
  0x00, 0x00, 0x00, 0x00, 0xc6, 0x00, 0x00, 0x00, 0x00, 0x00, 0x00, 0x00,
  0xe5, 0x00, 0x0e, 0x03, 0x00, 0x00, 0x00, 0x00, 0xc5, 0x02, 0x00, 0x00,
  0x00, 0x00, 0xc2, 0x00, 0x00, 0x00, 0xe6, 0x00, 0x00, 0x00, 0x00, 0xd7,
  0x00, 0x00, 0xcc, 0x00, 0x00, 0x00, 0x00, 0xde, 0xcc, 0x00, 0x00, 0x00,
  0x00, 0xd4, 0x00, 0x00, 0x00, 0x00, 0x00, 0x00, 0x00, 0x00, 0x00, 0x00,
  0x00, 0x00, 0xdb, 0x00, 0x00, 0x00, 0x00, 0x00, 0xd1, 0x00, 0x00, 0x00,
  0xe0, 0x00, 0xd5, 0x00, 0x00, 0x00, 0x00, 0x00, 0xd8, 0x00, 0x00, 0x00,
  0x00, 0x00, 0x00, 0xfc, 0x00, 0x00, 0x00, 0xdf, 0x00, 0xfd, 0x00, 0x00,
  0x00, 0x00, 0x00, 0xf7, 0x00, 0x00, 0x00, 0x00, 0x00, 0x00, 0x00, 0x00,
  0x00, 0x00, 0x00, 0x00, 0x00, 0x00, 0x00, 0x00, 0xcb, 0x00, 0x00, 0x00,
  0x00, 0x00, 0x00, 0x00, 0x00, 0x00, 0x00, 0x00, 0x00, 0x00, 0x00, 0x00,
  0x00, 0x00, 0x00, 0xf6, 0x00, 0x00, 0x00, 0x00, 0x00, 0xfc, 0x00, 0x00,
  0x00, 0x00, 0xd1, 0x00, 0x00, 0x00, 0xd5, 0x0f, 0xd0, 0x00, 0x00, 0x00,
  0x00, 0x00, 0xc6, 0x00, 0xd9, 0x00, 0x00, 0x00, 0x00, 0x00, 0xdf, 0x00,
  0x00, 0x00, 0x00, 0x00, 0xd3, 0x00, 0x00, 0x00, 0xd2, 0x00, 0x00, 0x00,
  0x00, 0x00, 0x00, 0x00, 0x00, 0x00, 0x00, 0x00, 0x00, 0x00, 0x00, 0x00,
  0x00, 0x00, 0xd4, 0x00, 0x00, 0x00, 0x00, 0x00, 0x00, 0x00, 0x00, 0x00,
  0x00, 0x00, 0xc1, 0x14, 0xda, 0x00, 0x00, 0x00, 0x00, 0x00, 0xdb, 0x0b,
  0x00, 0x00, 0x00, 0x00, 0xd0, 0x00, 0x00, 0x00, 0x00, 0x00, 0x00, 0x0b,
  0x00, 0x00, 0x00, 0x00, 0x00, 0x00, 0x0f, 0x00, 0xcb, 0x00, 0x00, 0x00,
  0x00, 0x00, 0x00, 0x00, 0x00, 0x00, 0x00, 0x00, 0x00, 0x00, 0x00, 0x00,
  0x00, 0x00, 0xc0, 0x00, 0x00, 0x00, 0x00, 0xf4, 0xe1, 0x0c, 0xc3, 0x00,
  0x00, 0xee, 0x00, 0x00, 0xd5, 0x00, 0x00, 0xee, 0x00, 0x00, 0x00, 0x00,
  0x00, 0x00, 0x00, 0x00, 0x00, 0x0b, 0x00, 0x00, 0x00, 0x00, 0x00, 0x00,
  0x0b, 0x00, 0xe6, 0x00, 0x00, 0x00, 0x00, 0xea, 0x00, 0x00, 0x00, 0x00,
  0x11, 0xef, 0x00, 0x00, 0x00, 0x00, 0x00, 0x00, 0x00, 0xd3, 0x00, 0x00,
  0x00, 0xdb, 0x00, 0xd8, 0x00, 0x00, 0x00, 0xdb, 0x00, 0x00, 0x00, 0x00,
  0x00, 0x00, 0xdd, 0x00, 0x00, 0x00, 0x00, 0x00, 0x00, 0x00, 0x00, 0x00,
  0x00, 0xe6, 0x00, 0x00, 0x00, 0x00, 0x00, 0xe3, 0x00, 0x00, 0xd7, 0x00,
  0x00, 0x00, 0x00, 0x00, 0x00, 0x00, 0x00, 0x00, 0x21, 0xd7, 0x00, 0x00,
  0xdb, 0x00, 0x00, 0xda, 0x00, 0x1b, 0x00, 0x00, 0x40, 0x00, 0x00, 0x00,
  0x00, 0x00, 0x33, 0xc9, 0x00, 0x00, 0xda, 0x00, 0x00, 0x00, 0x00, 0x00,
  0x00, 0x00, 0x00, 0x00, 0x00, 0x00, 0x18, 0x00, 0x00, 0x00, 0x00, 0x00,
  0x00, 0x00, 0x00, 0x00, 0x00, 0x17, 0x00, 0x00, 0x00, 0xc6, 0x00, 0x00,
  0x00, 0x00, 0x00, 0x00, 0x00, 0x00, 0x00, 0x00, 0x00, 0x00, 0x00, 0x00,
  0x00, 0x00, 0x00, 0x00, 0x00, 0x18, 0x00, 0x00, 0x00, 0xd4, 0x00, 0x00,
  0x00, 0x00, 0x00, 0xc5, 0x00, 0x00, 0x00, 0x00, 0x36, 0xca, 0xd7, 0x00,
  0x00, 0x00, 0x00, 0x00, 0xe0, 0x00, 0x00, 0x00, 0x00, 0x00, 0xe6, 0x00,
  0x00, 0x00, 0x2e, 0xd8, 0xd5, 0x00, 0x00, 0x00, 0x00, 0xd5, 0x00, 0x00,
  0xdb, 0xfe, 0x4b, 0x00, 0x00, 0x00, 0x00, 0x00, 0x00, 0x00, 0x00, 0x00,
  0x00, 0x00, 0x00, 0x00, 0x00, 0x00, 0xd7, 0x00, 0x00, 0x00, 0x00, 0x00,
  0xe3, 0x00, 0x2e, 0x00, 0x00, 0xe2, 0x00, 0x00, 0x00, 0xdb, 0x00, 0x00,
  0x00, 0x00, 0x00, 0xdc, 0x00, 0x00, 0x00, 0x00, 0x00, 0x00, 0x00, 0x00,
  0x00, 0xc4, 0x00, 0x00, 0x00, 0x00, 0x00, 0x00, 0x00, 0x00, 0x00, 0x20,
  0x00, 0xc5, 0x00, 0xc8, 0x00, 0x1d, 0x00, 0x00, 0x00, 0x00, 0x00, 0x00,
  0x00, 0x00, 0x00, 0xcd, 0x00, 0x00, 0x00, 0x00, 0x2c, 0x00, 0x00, 0x00,
  0x00, 0x00, 0x00, 0x00, 0x00, 0x00, 0xf6, 0x00, 0x29, 0x00, 0x00, 0x00,
  0x00, 0x00, 0x31, 0x00, 0x00, 0x00, 0xf7, 0x00, 0x00, 0xca, 0x00, 0x00,
  0x00, 0x00, 0x00, 0xd5, 0x00, 0x00, 0x00, 0x00, 0x00, 0xb6, 0x00, 0xe5,
  0x00, 0xfe, 0x00, 0x00, 0x00, 0xe5, 0x00, 0x00, 0x00, 0x00, 0x00, 0x00,
  0x00, 0x00, 0x00, 0x00, 0x00, 0x00, 0x19, 0x00, 0x00, 0x00, 0x00, 0x00,
  0x00, 0x00, 0x00, 0x00, 0x00, 0xe3, 0x00, 0x00, 0x00, 0x00, 0x00, 0x00,
  0x00, 0x00, 0x00, 0x00, 0x00, 0xe6, 0x00, 0x00, 0x00, 0x00, 0x00, 0x00,
  0x00, 0x00, 0x00, 0x00, 0x00, 0x00, 0x00, 0x00, 0x00, 0xce, 0x00, 0x00,
  0x00, 0x00, 0x00, 0x00, 0xe3, 0x00, 0x00, 0x00, 0x21, 0xd2, 0xd9, 0x1d,
  0x00, 0x00, 0x00, 0xca, 0xee, 0x00, 0x00, 0xff, 0x1e, 0xd5, 0xe9, 0x00,
  0xde, 0x00, 0x00, 0xc1, 0xd3, 0x00, 0x00, 0x00, 0x00, 0x00, 0x00, 0x00,
  0xe0, 0xfb, 0x3a, 0x00, 0x00, 0x28, 0x00, 0x01, 0x00, 0xce, 0x00, 0x00,
  0xd3, 0x14, 0x00, 0x00, 0x00, 0x00, 0x00, 0x01, 0x00, 0x00, 0xe3, 0x00,
  0xe6, 0x09, 0x00, 0x00, 0xe5, 0x00, 0xdb, 0x00, 0x00, 0xcd, 0x00, 0x00,
  0xe6, 0x00, 0x00, 0xd6, 0x00, 0x00, 0x00, 0xf9, 0x00, 0x00, 0xd3, 0x00,
  0xdd, 0x00, 0x00, 0xc9, 0x00, 0x00, 0xe3, 0x00, 0x26, 0xd0, 0x00, 0x00,
  0x00, 0x00, 0x00, 0x00, 0x00, 0x1f, 0x00, 0xfb, 0x00, 0x00, 0x00, 0x00,
  0xd7, 0x00, 0x00, 0x00, 0x00, 0x20, 0x00, 0x00, 0x00, 0x00, 0x00, 0x00,
  0x00, 0x00, 0x00, 0xcc, 0x00, 0x00, 0xe2, 0x00, 0x00, 0x00, 0x00, 0x00,
  0xcc, 0x00, 0x32, 0x00, 0xd3, 0x00, 0xc4, 0x00, 0x00, 0xcb, 0x00, 0x00,
  0xe6, 0x00, 0x29, 0xbd, 0x00, 0x00, 0xd8, 0x00, 0x00, 0xb8, 0x00, 0xdc,
  0x00, 0xcb, 0x00, 0xcb, 0x00, 0x00, 0xeb, 0x00, 0x00, 0x00, 0x00, 0x00,
  0x00, 0x00, 0x00, 0x00, 0x00, 0xe3, 0x00, 0x00, 0x00, 0x00, 0x00, 0x00,
  0x1d, 0x00, 0x2e, 0x00, 0x00, 0x00, 0x00, 0x00, 0x38, 0x00, 0x00, 0xe8,
  0x00, 0x00, 0x00, 0x00, 0x00, 0x00, 0x00, 0x00, 0x00, 0x00, 0x00, 0x00,
  0x00, 0x00, 0x00, 0x00, 0x00, 0x00, 0x1c, 0x00, 0x00, 0x00, 0xe0, 0x00,
  0x00, 0x00, 0x00, 0xc7, 0x00, 0x00, 0x00, 0x00, 0x00, 0xba, 0x00, 0x00,
  0x00, 0x00, 0x00, 0xc3, 0xee, 0x00, 0xe5, 0x00, 0x42, 0xd4, 0xdb, 0x00,
  0x00, 0xca, 0x2a, 0xbe, 0xe4, 0x00, 0xe5, 0x00, 0x46, 0xce, 0x00, 0x00,
  0x00, 0xff, 0x31, 0xcd, 0xe3, 0x00, 0x00, 0x00, 0x00, 0x00, 0x00, 0x00,
  0xe3, 0x00, 0x24, 0x00, 0x00, 0x00, 0x00, 0x00, 0x00, 0x00, 0xe9, 0x00,
  0x00, 0x04, 0x34, 0x00, 0x00, 0x00, 0x00, 0x00, 0x00, 0xc4, 0x00, 0x00,
  0x00, 0x00, 0x00, 0x00, 0x00, 0x00, 0x00, 0x0a, 0x00, 0x00, 0x00, 0x00,
  0x00, 0x00, 0x00, 0x00, 0x00, 0x00, 0x00, 0x00, 0x00, 0x17, 0xd9, 0x00,
  0x12, 0x0c, 0x00, 0x19, 0xd3, 0x29, 0x00, 0x00, 0x00, 0x00, 0x00, 0x29,
  0x00, 0x0e, 0xe0, 0x13, 0x00, 0x24, 0x00, 0x00, 0x00, 0x15, 0x00, 0x00,
  0x00, 0x00, 0x00, 0x14, 0x00, 0x3c, 0x00, 0x00, 0x00, 0x00, 0x00, 0x00,
  0x00, 0x00, 0x00, 0x00, 0x00, 0x2d, 0x00, 0x00, 0x00, 0x00, 0x00, 0x21,
  0x00, 0x00, 0x00, 0x00, 0x00, 0x00, 0x00, 0x00, 0x00, 0x00, 0x00, 0x1e,
  0x12, 0x00, 0x00, 0x00, 0x00, 0x00, 0x11, 0x00, 0x00, 0x00, 0x00, 0x00,
  0x18, 0x13, 0x00, 0x00, 0x00, 0x20, 0x00, 0x00, 0x00, 0x00, 0x00, 0x00,
  0x00, 0x00, 0x00, 0x00, 0x00, 0x00, 0x00, 0x00, 0x00, 0x00, 0x00, 0x00,
  0x00, 0x00, 0x00, 0x00, 0x00, 0x25, 0x14, 0x00, 0x00, 0x00, 0x00, 0x00,
  0x00, 0x00, 0x00, 0x00, 0x00, 0x22, 0x14, 0x00, 0x00, 0x00, 0xd9, 0x00,
  0x00, 0x00, 0x00, 0x08, 0xd8, 0x26, 0x00, 0x16, 0x00, 0x00, 0xe1, 0x21,
  0x19, 0x00, 0x00, 0x00, 0xe5, 0x00, 0x00, 0x00, 0x00, 0x00, 0x00, 0x00,
  0x00, 0x00, 0x00, 0x00, 0x00, 0x00, 0x00, 0x00, 0x26, 0x00, 0x00, 0x00,
  0x00, 0x1a, 0x00, 0x00, 0x00, 0xf5, 0x00, 0x00, 0x00, 0x00, 0x00, 0x2c,
  0x00, 0x00, 0x00, 0x00, 0xdb, 0x2e, 0xe3, 0x00, 0x00, 0x00, 0x00, 0x00,
  0x00, 0x00, 0x28, 0x00, 0x00, 0x00, 0xe2, 0x00, 0x00, 0x00, 0xe1, 0x27,
  0xe4, 0x00, 0x00, 0x00, 0xea, 0x00, 0x00, 0x00, 0x00, 0x00, 0xe9, 0x00,
  0x00, 0x00, 0x00, 0x00, 0xf0, 0x00, 0x00, 0x00, 0x00, 0x00, 0xf7, 0x00,
  0x00, 0x00, 0x00, 0x00, 0x00, 0x2a, 0x00, 0x11, 0x00, 0x00, 0xf8, 0x00,
  0xe5, 0x00, 0x00, 0x00, 0x00, 0x00, 0x00, 0x00, 0x00, 0x00, 0x00, 0x00,
  0x00, 0x00, 0x00, 0x00, 0x00, 0x00, 0x00, 0x00, 0x00, 0x00, 0x00, 0x00,
  0x00, 0x00, 0x00, 0x00, 0x00, 0x00, 0x00, 0x00, 0x00, 0x00, 0x00, 0x00,
  0x22, 0x0c, 0x00, 0x00, 0x00, 0x00, 0x00, 0x00, 0x00, 0x00, 0x00, 0x00,
  0x00, 0x00, 0x00, 0x00, 0x00, 0x00, 0x00, 0x00, 0x00, 0x00, 0x00, 0xe7,
  0x00, 0x00, 0x00, 0x00, 0x00, 0x00, 0x00, 0x00, 0x00, 0x00, 0x00, 0x00,
  0x00, 0x00, 0x00, 0x00, 0x00, 0x00, 0x00, 0x00, 0x00, 0x00, 0x00, 0x00,
  0x00, 0x00, 0x00, 0x00, 0x00, 0x00, 0x00, 0x13, 0x00, 0x00, 0x00, 0xe4,
  0x00, 0x13, 0x00, 0x00, 0x00, 0xe7, 0x00, 0x00, 0x00, 0x00, 0x00, 0x00,
  0x00, 0x00, 0x00, 0x00, 0x00, 0x00, 0x00, 0x19, 0x00, 0x00, 0x00, 0x00,
  0x00, 0x00, 0x00, 0x00, 0xce, 0x00, 0x00, 0x00, 0x00, 0x00, 0xdb, 0xed,
  0x00, 0x00, 0x19, 0x00, 0xde, 0x00, 0xe7, 0x00, 0x00, 0xd1, 0x00, 0xe8,
  0x00, 0x00, 0x00, 0xde, 0xd6, 0x00, 0x00, 0x00, 0x00, 0xe1, 0x00, 0x00,
  0xd5, 0x12, 0x00, 0xd2, 0xcd, 0xf1, 0xe1, 0x00, 0x00, 0xd5, 0x00, 0x00,
  0x00, 0x00, 0x00, 0x00, 0xe3, 0x00, 0x00, 0x00, 0x00, 0x00, 0xd4, 0x00,
  0x00, 0x00, 0x13, 0x22, 0xe5, 0x00, 0xd8, 0x00, 0x15, 0x00, 0xe3, 0x00,
  0x00, 0x14, 0xd9, 0x00, 0x00, 0x00, 0x00, 0x00, 0x00, 0x1f, 0xe9, 0x00,
  0x00, 0x00, 0x00, 0x00, 0xe9, 0x00, 0x00, 0x00, 0x00, 0x00, 0x00, 0xef,
  0x00, 0x00, 0x00, 0x00, 0x00, 0x00, 0x00, 0x00, 0x00, 0x1f, 0x00, 0x00,
  0x00, 0x00, 0x00, 0x26, 0xee, 0x00, 0x00, 0x00, 0x00, 0x18, 0xf4, 0x00,
  0x00, 0x00, 0x00, 0x00, 0x00, 0x00, 0x00, 0x00, 0x00, 0x00, 0x00, 0x00,
  0x00, 0x00, 0x00, 0x00, 0xe6, 0x00, 0xd8, 0x00, 0x00, 0x28, 0xe4, 0x00,
  0x00, 0x00, 0x00, 0x00, 0xe7, 0xf3, 0xd6, 0x00, 0x00, 0x00, 0x00, 0x00,
  0x00, 0x00, 0x00, 0x00, 0x00, 0x00, 0x00, 0x00, 0x00, 0x00, 0x00, 0x00,
  0x00, 0x00, 0x00, 0x00, 0x00, 0x00, 0x00, 0x00, 0x00, 0x00, 0x00, 0xe9,
  0xdf, 0x00, 0x00, 0x00, 0x00, 0x00, 0x00, 0x00, 0x00, 0x00, 0x00, 0x00,
  0x00, 0x00, 0x00, 0x00, 0xea, 0x00, 0x00, 0x00, 0x00, 0x00, 0x00, 0x00,
  0x00, 0x00, 0x00, 0x00, 0x00, 0x00, 0x00, 0x00, 0x00, 0x13, 0x00, 0x00,
  0x00, 0x00, 0x00, 0x00, 0xd1, 0x00, 0x00, 0x00, 0x00, 0x10, 0x00, 0x00,
  0x00, 0x00, 0x00, 0x00, 0xda, 0x00, 0x00, 0x00, 0x00, 0x00, 0x00, 0x00,
  0xda, 0x00, 0x00, 0x00, 0xda, 0x00, 0x00, 0x00, 0x00, 0x00, 0x00, 0x2f,
  0x00, 0x00, 0x00, 0x00, 0xf7, 0x39, 0x00, 0x00, 0x00, 0x00, 0x00, 0x00,
  0x00, 0x00, 0x00, 0x00, 0x00, 0x30, 0x24, 0x00, 0x00, 0x00, 0x00, 0x00,
  0x00, 0x00, 0x00, 0x28, 0x00, 0x2d, 0x2d, 0x1f, 0x00, 0x00, 0x00, 0x00,
  0x00, 0x00, 0x00, 0x00, 0x00, 0x00, 0x00, 0x1f, 0x35, 0x00, 0x00, 0x00,
  0x00, 0x00, 0x00, 0xc8, 0x00, 0x00, 0x25, 0x00, 0x00, 0x00, 0x00, 0x2f,
  0x00, 0x00, 0x24, 0xcc, 0xf2, 0x27, 0x00, 0x1e, 0x00, 0xb7, 0x00, 0x24,
  0x00, 0x00, 0x29, 0xd2, 0xeb, 0x27, 0x00, 0x00, 0x00, 0xd6, 0xea, 0x2d,
  0x00, 0x00, 0x00, 0x00, 0x00, 0x28, 0x00, 0x20, 0x38, 0xcb, 0x00, 0x00,
  0x00, 0x00, 0x00, 0xd6, 0x00, 0x00, 0x00, 0x00, 0x00, 0x00, 0x00, 0x00,
  0x00, 0x00, 0x00, 0x00, 0x00, 0x28, 0x00, 0x00, 0x00, 0x00, 0x00, 0x00,
  0x00, 0x00, 0x00, 0x00, 0x00, 0x00, 0x00, 0x00, 0x00, 0x00, 0x00, 0x00,
  0x00, 0x00, 0x00, 0x00, 0x00, 0x00, 0x00, 0x00, 0x00, 0x00, 0x00, 0x00,
  0x00, 0x00, 0x1e, 0x00, 0x1e, 0x00, 0xf0, 0x00, 0x21, 0xf0, 0x3a, 0x00,
  0x00, 0x00, 0x2e, 0xe5, 0x00, 0x00, 0x00, 0x00, 0x00, 0x00, 0x00, 0x26,
  0x29, 0x00, 0x00, 0x00, 0x00, 0x00, 0x00, 0x00, 0x00, 0x00, 0x00, 0x00,
  0x00, 0x00, 0x00, 0x00, 0x00, 0x00, 0x2c, 0x00, 0x00, 0x00, 0x00, 0x00,
  0x00, 0xe6, 0x00, 0x00, 0x00, 0x00, 0x00, 0x00, 0x00, 0x00, 0x00, 0x00,
  0x00, 0xe1, 0x00, 0x00, 0x00, 0x00, 0x00, 0x00, 0x00, 0x00, 0x00, 0x00,
  0x00, 0xe6, 0x00, 0x00, 0xe2, 0x00, 0x00, 0x00, 0x21, 0x00, 0x00, 0x00,
  0x35, 0x00, 0x00, 0x00, 0x00, 0x00, 0x00, 0x00, 0xe8, 0x00, 0x00, 0x00,
  0x00, 0x00, 0x26, 0x00, 0xe9, 0x00, 0x00, 0x00, 0x00, 0x00, 0x00, 0xd8,
  0x00, 0x00, 0x2d, 0x00, 0x00, 0x00, 0x00, 0x00, 0x2c, 0x00, 0xe8, 0x00,
  0x00, 0x00, 0x00, 0x00, 0xe3, 0x00, 0x00, 0x00, 0x3a, 0x00, 0x00, 0x00,
  0x00, 0x13, 0x1f, 0xef, 0xe6, 0x00, 0x00, 0x16, 0x00, 0xec, 0x00, 0x00,
  0x00, 0x00, 0x2e, 0x00, 0xe9, 0x00, 0x00, 0x00, 0x00, 0x00, 0xe9, 0x00,
  0x00, 0x0f, 0x3f, 0x00, 0xe7, 0x00, 0x34, 0x0e, 0x34, 0xef, 0x00, 0x00,
  0x00, 0x00, 0x00, 0x00, 0x00, 0x00, 0x00, 0x00, 0x00, 0x00, 0x00, 0x00,
  0x00, 0x00, 0x39, 0xfb, 0x00, 0x00, 0x00, 0x00, 0x00, 0xe5, 0x00, 0x00,
  0x00, 0x00, 0x00, 0xf4, 0x00, 0x00, 0x31, 0x00, 0x29, 0xff, 0xe5, 0x00,
  0x00, 0x00, 0x00, 0xe6, 0xdf, 0x00, 0x00, 0x00, 0x00, 0x00, 0xdb, 0x00,
  0x00, 0x00, 0x00, 0x00, 0x00, 0x00, 0x00, 0x00, 0x00, 0x00, 0xe5, 0xe4,
  0x00, 0x00, 0x3d, 0x00, 0xe6, 0x00, 0x00, 0x00, 0x00, 0x00, 0x00, 0x00,
  0x00, 0x00, 0x00, 0x00, 0x00, 0x00, 0x00, 0x00, 0x00, 0x00, 0x00, 0x00,
  0x00, 0x00, 0x00, 0x00, 0x00, 0x00, 0x00, 0x00, 0x00, 0x00, 0x00, 0x00,
  0x00, 0x00, 0x00, 0x00, 0x00, 0x00, 0x00, 0x00, 0x00, 0x39, 0x00, 0x21,
  0x00, 0x00, 0x00, 0x00, 0x00, 0x00, 0x00, 0x00, 0x00, 0x00, 0x00, 0x00,
  0x00, 0xdd, 0x00, 0x00, 0x00, 0x00, 0x00, 0x00, 0x00, 0x00, 0x00, 0x00,
  0x00, 0x00, 0x00, 0x00, 0x00, 0xdf, 0x00, 0x00, 0x00, 0x00, 0x00, 0x00,
  0x00, 0x00, 0x1c, 0x00, 0xe2, 0x00, 0x00, 0x00, 0x00, 0x00, 0xe1, 0x00,
  0x00, 0x00, 0x22, 0x00, 0xd9, 0x00, 0x00, 0x00, 0x00, 0x00, 0xd7, 0x00,
  0x00, 0x1e, 0x00, 0x00, 0x00, 0x00, 0x00, 0x00, 0x2b, 0x00, 0xe4, 0x00,
  0x00, 0x23, 0x00, 0xf4, 0x00, 0x00, 0x00, 0x00, 0x36, 0x00, 0x00, 0x00,
  0x00, 0x25, 0x29, 0x00, 0xe8, 0x00, 0x00, 0x00, 0x00, 0x00, 0x00, 0x00,
  0x00, 0x2a, 0x23, 0xd4, 0xec, 0x00, 0x00, 0x00, 0x00, 0xde, 0x00, 0x00,
  0x00, 0x00, 0x00, 0x00, 0xeb, 0x00, 0x00, 0x00, 0x00, 0xe9, 0x00, 0x00,
  0x00, 0x00, 0x29, 0x00, 0x00, 0x00, 0x00, 0x00, 0x00, 0x00, 0x00, 0x00,
  0x00, 0x00, 0x2b, 0x00, 0x00, 0x00, 0x1e, 0x00, 0x37, 0x00, 0xec, 0x00,
  0x00, 0x00, 0x00, 0x00, 0x00, 0x00, 0x00, 0x00, 0x00, 0x00, 0x00, 0x00,
  0x00, 0x00, 0x00, 0x00, 0x00, 0x00, 0x00, 0x00, 0x33, 0x00, 0xf5, 0x00,
  0xeb, 0x00, 0x24, 0x00, 0x00, 0x1e, 0x00, 0x00, 0xdc, 0x00, 0x00, 0x00,
  0xda, 0x00, 0xdf, 0x00, 0x00, 0x00, 0x00, 0x00, 0x00, 0x00, 0xc7, 0x00,
  0x00, 0x00, 0xda, 0x00, 0x00, 0x11, 0x00, 0x00, 0x00, 0xd0, 0xca, 0x00,
  0x00, 0x00, 0x00, 0xda, 0xcf, 0x00, 0x00, 0x00, 0xe0, 0xcb, 0x00, 0x00,
  0x00, 0x00, 0x00, 0xc7, 0x00, 0x00, 0x00, 0x00, 0x00, 0xcb, 0x00, 0x00,
  0x00, 0x00, 0x00, 0x00, 0x00, 0x00, 0x00, 0x00, 0x00, 0x00, 0x00, 0x00,
  0x00, 0x00, 0x00, 0x00, 0x00, 0x00, 0x00, 0x00, 0xd6, 0x00, 0x00, 0x00,
  0x00, 0x00, 0x00, 0x00, 0x00, 0x00, 0x00, 0x00, 0x00, 0x00, 0x00, 0x00,
  0x00, 0x00, 0xd8, 0x00, 0x00, 0x00, 0x00, 0x00, 0xe1, 0x00, 0x00, 0x00,
  0x11, 0x00, 0x00, 0x00, 0x00, 0x00, 0x00, 0x00, 0x00, 0x00, 0xd0, 0x00,
  0x12, 0x00, 0xd4, 0xe8, 0xbf, 0x00, 0x00, 0x00, 0xd7, 0x00, 0x00, 0x00,
  0x1b, 0x00, 0xcd, 0x00, 0xd2, 0x00, 0x00, 0x00, 0xcb, 0xfa, 0xcd, 0x00,
  0x00, 0x00, 0x00, 0xf7, 0x00, 0x0b, 0x00, 0x00, 0x00, 0xea, 0xcf, 0x00,
  0x00, 0x00, 0xd2, 0xee, 0xc0, 0x00, 0x00, 0x00, 0x00, 0x00, 0xc5, 0x0e,
  0xd3, 0x00, 0x00, 0x00, 0xc0, 0x00, 0xd9, 0x00, 0xc8, 0x00, 0xce, 0x00,
  0xc6, 0xfd, 0x00, 0xce, 0x00, 0x00, 0xd4, 0x06, 0xd0, 0x00, 0x00, 0x00,
  0xd5, 0x00, 0xc9, 0x00, 0xd1, 0x00, 0x00, 0x06, 0x00, 0x00, 0xc8, 0x00,
  0xb6, 0x06, 0x00, 0xd7, 0xd3, 0x00, 0xc9, 0xfe, 0x00, 0xdd, 0x00, 0x00,
  0x00, 0x00, 0x00, 0x00, 0xd2, 0x00, 0x00, 0x00, 0xe4, 0x00, 0x00, 0x00,
  0x00, 0x02, 0x00, 0x00, 0x00, 0x06, 0x00, 0x10, 0xcd, 0x00, 0xce, 0x0d,
  0x00, 0x00, 0xcf, 0x00, 0x00, 0x00, 0x00, 0x07, 0x00, 0x00, 0xc4, 0x00,
  0x00, 0x02, 0x00, 0x00, 0x00, 0x00, 0x00, 0x00, 0x00, 0x00, 0x00, 0x00,
  0x00, 0x00, 0x00, 0xf2, 0x00, 0x00, 0x00, 0x00, 0x00, 0xf5, 0x00, 0x00,
  0xc6, 0x00, 0xd1, 0x00, 0x00, 0x00, 0x00, 0x00, 0x00, 0x00, 0x00, 0x00,
  0xca, 0x00, 0xd4, 0x00, 0x00, 0x00, 0x00, 0x00, 0xca, 0x00, 0x00, 0x00,
  0x00, 0x00, 0x00, 0x00, 0x00, 0x00, 0xc7, 0x00, 0x00, 0x00, 0x00, 0x00,
  0xcc, 0x00, 0xd9, 0x00, 0x00, 0x00, 0xce, 0x00, 0x00, 0x00, 0x00, 0x00,
  0x00, 0xfd, 0x00, 0x00, 0x00, 0x00, 0x00, 0x00, 0x00, 0xef, 0x00, 0x00,
  0x00, 0x00, 0xda, 0xe4, 0x00, 0x00, 0x00, 0x00, 0xd7, 0xed, 0x00, 0x00,
  0x00, 0xc7, 0x00, 0xf1, 0x0a, 0x00, 0x00, 0x00, 0x00, 0xe9, 0x03, 0x00,
  0x00, 0x00, 0x00, 0x00, 0x06, 0x00, 0x00, 0x00, 0xc6, 0x00, 0x00, 0x00,
  0x00, 0x00, 0x00, 0x00, 0x00, 0x00, 0x00, 0x00, 0x00, 0xec, 0x11, 0x00,
  0x00, 0xb9, 0x00, 0xdd, 0x08, 0x00, 0x00, 0x00, 0xcd, 0x00, 0x00, 0x00,
  0x00, 0x00, 0x00, 0x00, 0x00, 0xc8, 0x00, 0x00, 0x00, 0x00, 0x00, 0x00,
  0x00, 0x00, 0x00, 0x00, 0x00, 0x00, 0x00, 0x00, 0x00, 0x00, 0x00, 0xd6,
  0x00, 0xc0, 0xdd, 0x00, 0x00, 0xd3, 0x00, 0x00, 0x00, 0x00, 0x00, 0xd7,
  0x00, 0x00, 0x00, 0x00, 0x06, 0xe0, 0x0e, 0xbf, 0x00, 0x00, 0x09, 0x00,
  0x08, 0x00, 0xdf, 0x00, 0x00, 0x00, 0x1b, 0x00, 0xd2, 0x00, 0x00, 0xe4,
  0x08, 0x00, 0x00, 0x00, 0x00, 0x00, 0x19, 0xbe, 0x00, 0x00, 0x00, 0x00,
  0x0d, 0x00, 0xed, 0x00, 0x00, 0x00, 0x00, 0x00, 0x00, 0x00, 0x00, 0x00,
  0x00, 0xb0, 0x00, 0x00, 0x00, 0x00, 0x00, 0xbb, 0x00, 0x00, 0x0a, 0x00,
  0x00, 0x00, 0xd0, 0xf8, 0x00, 0x16, 0xdb, 0x00, 0xd5, 0x00, 0x00, 0x00,
  0x00, 0xbe, 0xca, 0xe6, 0x00, 0x00, 0x00, 0x00, 0xdf, 0xf2, 0x00, 0x00,
  0x00, 0x00, 0x00, 0xe8, 0xd6, 0x00, 0xd4, 0x00, 0xc9, 0x00, 0xd5, 0x00,
  0xda, 0xfd, 0xce, 0x00, 0xce, 0x00, 0x00, 0x00, 0x00, 0x00, 0xd5, 0x00,
  0xdc, 0x00, 0x00, 0x00, 0x00, 0x00, 0x00, 0x00, 0xe3, 0x00, 0x00, 0x00,
  0x00, 0xf7, 0x00, 0x00, 0x00, 0x00, 0x00, 0x00, 0xf1, 0x00, 0x00, 0x00,
  0xb8, 0x00, 0xe1, 0xd5, 0x00, 0x00, 0xc0, 0xfb, 0xe7, 0xdd, 0x00, 0x00,
  0xc5, 0x00, 0x00, 0x00, 0x00, 0x00, 0xcf, 0x00, 0x00, 0xe9, 0x00, 0x00,
  0xcf, 0x00, 0x00, 0x00, 0x00, 0x00, 0xda, 0x00, 0x00, 0x00, 0x00, 0x00,
  0xc8, 0x00, 0xd2, 0x00, 0x00, 0x00, 0xe3, 0x00, 0x00, 0x00, 0x00, 0x00,
  0x00, 0x00, 0x2b, 0x00, 0x00, 0x00, 0xe0, 0x00, 0x00, 0x00, 0x00, 0x00,
  0x00, 0x00, 0x00, 0x00, 0x00, 0x00, 0x00, 0x00, 0x00, 0x00, 0x00, 0x00,
  0x00, 0xd5, 0x00, 0x00, 0x00, 0x00, 0xe3, 0xd4, 0x00, 0x00, 0x00, 0x00,
  0xe2, 0x00, 0x00, 0x00, 0x00, 0x00, 0x00, 0x00, 0x17, 0x00, 0xde, 0x00,
  0x00, 0x00, 0x1c, 0xca, 0xcc, 0x28, 0x00, 0x00, 0x2b, 0x00, 0x00, 0x00,
  0x00, 0x00, 0x00, 0x00, 0x00, 0x00, 0x00, 0x00, 0x00, 0x00, 0x00, 0x00,
  0x00, 0x00, 0x12, 0x00, 0x00, 0x00, 0x00, 0xe0, 0x00, 0x00, 0x00, 0x16,
  0x00, 0x00, 0x00, 0x00, 0xcf, 0x12, 0x00, 0xe7, 0x00, 0x00, 0xd6, 0x00,
  0x00, 0x00, 0x00, 0x1f, 0xb2, 0x00, 0x00, 0x00, 0x00, 0x00, 0xc7, 0xdc,
  0x00, 0x00, 0x3f, 0x00, 0x00, 0x00, 0x00, 0x00, 0x25, 0xe1, 0x00, 0x00,
  0xe1, 0x00, 0x00, 0xd9, 0x00, 0xd3, 0x00, 0x00, 0x00, 0xe2, 0x00, 0xde,
  0x00, 0x00, 0x00, 0xd2, 0x00, 0x00, 0x00, 0x00, 0x00, 0xe1, 0x00, 0x00,
  0x00, 0x00, 0x10, 0xd5, 0xd4, 0x00, 0x00, 0x00, 0x00, 0xda, 0x00, 0x00,
  0x00, 0x00, 0x00, 0x00, 0x00, 0x00, 0x00, 0x00, 0x00, 0x00, 0x00, 0x00,
  0x00, 0x00, 0x00, 0x00, 0x00, 0x00, 0x00, 0x00, 0x1d, 0xd1, 0x00, 0x00,
  0x00, 0x00, 0x00, 0xc8, 0x00, 0x00, 0x00, 0x00, 0x00, 0xc6, 0x00, 0x00,
  0x00, 0x00, 0x00, 0xbb, 0x00, 0x00, 0x00, 0x00, 0x00, 0x00, 0xc5, 0x00,
  0x00, 0x00, 0x00, 0x00, 0xbe, 0x00, 0xca, 0x00, 0x00, 0x00, 0xd4, 0x00,
  0x00, 0x00, 0x00, 0x00, 0xdd, 0x00, 0xce, 0x24, 0x00, 0x00, 0xdf, 0x00,
  0x00, 0x37, 0x00, 0x00, 0x00, 0x00, 0x00, 0x31, 0x00, 0x00, 0x00, 0x00,
  0x00, 0x00, 0x00, 0x00, 0x00, 0x00, 0xd5, 0x00, 0x00, 0x00, 0x00, 0x00,
  0x00, 0x25, 0x00, 0x00, 0x00, 0x00, 0x00, 0x00, 0x26, 0xe6, 0x00, 0x00,
  0x00, 0x00, 0x00, 0xdc, 0x00, 0x1a, 0x00, 0x00, 0x00, 0x00, 0x00, 0x1f,
  0x00, 0x00, 0x00, 0xb0, 0x00, 0x1c, 0x00, 0x00, 0x00, 0xd1, 0x00, 0x00,
  0x00, 0x00, 0x00, 0xc7, 0x00, 0x29, 0x00, 0x00, 0x00, 0x00, 0x00, 0x23,
  0x00, 0x15, 0x00, 0x00, 0x00, 0x19, 0xe5, 0x00, 0x00, 0x00, 0x00, 0x18,
  0x00, 0x1a, 0x30, 0x00, 0x00, 0x00, 0xec, 0x00, 0x00, 0xe0, 0x00, 0x00,
  0x00, 0x00, 0x18, 0x00, 0x00, 0x00, 0xf2, 0x00, 0x00, 0x00, 0x00, 0x00,
  0x00, 0x00, 0x00, 0x00, 0x00, 0x00, 0x00, 0x00, 0x18, 0xeb, 0x00, 0x00,
  0x00, 0x00, 0x00, 0xd6, 0x00, 0x00, 0x00, 0x00, 0x2d, 0xe9, 0x00, 0x00,
  0x00, 0x00, 0x00, 0xf2, 0x00, 0x00, 0x00, 0x00, 0x00, 0x00, 0x00, 0x00,
  0x00, 0x00, 0x21, 0x00, 0x00, 0x00, 0x00, 0x00, 0x00, 0xf3, 0x00, 0x00,
  0x26, 0x00, 0x29, 0xf5, 0x00, 0x00, 0x00, 0x00, 0x00, 0xe9, 0x00, 0x00,
  0x22, 0x00, 0x00, 0x00, 0x00, 0x00, 0x24, 0x00, 0x00, 0x00, 0x00, 0x00,
  0x00, 0x00, 0x00, 0xd5, 0x00, 0x00, 0x00, 0x00, 0x00, 0xd3, 0x00, 0x00,
  0x00, 0x00, 0x00, 0x00, 0xdc, 0x00, 0x00, 0x00, 0x00, 0x00, 0x00, 0x22,
  0x00, 0x00, 0x22, 0x00, 0xe0, 0x00, 0x00, 0x00, 0x21, 0x00, 0xd7, 0x00,
  0x00, 0x00, 0x1f, 0x00, 0xda, 0x00, 0x00, 0x00, 0x00, 0x00, 0x00, 0x00,
  0x00, 0x00, 0x00, 0x00, 0x00, 0x00, 0x00, 0x00, 0x00, 0x00, 0x00, 0x00,
  0x00, 0x00, 0x00, 0x00, 0x00, 0x00, 0x00, 0x00, 0x00, 0x00, 0x00, 0x2a,
  0x00, 0x00, 0x00, 0x00, 0x00, 0x1a, 0x00, 0xec, 0x00, 0x00, 0x00, 0x00,
  0x00, 0xe4, 0x00, 0x00, 0x00, 0x27, 0x00, 0x00, 0x00, 0x00, 0x00, 0x2d,
  0x00, 0x00, 0x00, 0x00, 0x00, 0x00, 0xdc, 0x00, 0x00, 0x00, 0xdf, 0x2d,
  0x00, 0x00, 0x00, 0x00, 0xe4, 0x25, 0xd7, 0x00, 0x00, 0x00, 0x00, 0x00,
  0x00, 0x00, 0x00, 0x00, 0x00, 0x00, 0x00, 0x00, 0x00, 0x00, 0x00, 0x00,
  0xd7, 0x00, 0x24, 0x00, 0x00, 0x00, 0xd9, 0x00, 0x00, 0x00, 0x00, 0x00,
  0x00, 0x29, 0x00, 0x00, 0x00, 0x00, 0x00, 0x00, 0x00, 0x00, 0xcb, 0x00,
  0x00, 0x29, 0x00, 0x00, 0xc4, 0x24, 0x00, 0x33, 0x40, 0x00, 0x00, 0x00,
  0x00, 0x00, 0x00, 0xda, 0x00, 0x00, 0x00, 0x00, 0x00, 0x00, 0x00, 0x00,
  0x00, 0x34, 0x00, 0x00, 0x00, 0x00, 0x00, 0x2d, 0x00, 0x00, 0x00, 0x00,
  0x00, 0x00, 0x00, 0x00, 0x00, 0x00, 0x00, 0x00, 0x00, 0x00, 0xcf, 0x00,
  0x12, 0x00, 0x00, 0x0a, 0x00, 0x00, 0x00, 0x00, 0x00, 0x00, 0x00, 0x00,
  0x00, 0x00, 0x00, 0x00, 0x00, 0x00, 0x00, 0x0e, 0x00, 0x00, 0x00, 0xdc,
  0x00, 0xdc, 0x00, 0x00, 0x00, 0x00, 0x1e, 0x00, 0x00, 0x00, 0x00, 0xd9,
  0x00, 0x00, 0xe8, 0x06, 0x00, 0xe5, 0x00, 0x00, 0x00, 0x00, 0x00, 0xe6,
  0x00, 0x00, 0x00, 0x00, 0x00, 0x00, 0xe4, 0x00, 0x00, 0x00, 0x00, 0x00,
  0xda, 0x00, 0x00, 0x00, 0x00, 0xde, 0x00, 0x00, 0x00, 0x00, 0x00, 0x00,
  0x00, 0x00, 0x00, 0x00, 0x00, 0x00, 0x00, 0x00, 0x00, 0x00, 0x00, 0xe9,
  0x00, 0x00, 0x00, 0x00, 0xe1, 0x00, 0x00, 0x00, 0x00, 0x00, 0x00, 0x00,
  0x00, 0x00, 0x00, 0x00, 0x00, 0xe9, 0x00, 0x00, 0xda, 0x00, 0x00, 0x00,
  0x00, 0x00, 0x00, 0x00, 0xe4, 0x00, 0x00, 0x00, 0x00, 0x00, 0x00, 0x00,
  0x00, 0x00, 0x00, 0x00, 0xd6, 0x00, 0x00, 0x00, 0xe6, 0x00, 0xd3, 0x1b,
  0x00, 0x00, 0x00, 0x00, 0x00, 0x00, 0x00, 0xd7, 0x00, 0x00, 0xc9, 0x00,
  0x00, 0x00, 0x00, 0x00, 0xd2, 0x00, 0x00, 0x00, 0x00, 0x00, 0xcd, 0xe9,
  0x00, 0x00, 0x00, 0x00, 0xd2, 0x00, 0x00, 0x00, 0x00, 0x00, 0xda, 0x00,
  0xe4, 0xdb, 0x1a, 0x00, 0x00, 0xe4, 0x00, 0xd8, 0x00, 0x00, 0x00, 0x00,
  0x00, 0x00, 0x00, 0x00, 0x00, 0x00, 0x00, 0x00, 0x00, 0x03, 0x00, 0x00,
  0x00, 0x00, 0x00, 0x0b, 0x00, 0x00, 0x00, 0x00, 0x00, 0x0e, 0x00, 0x00,
  0x1d, 0x00, 0xdd, 0x00, 0xde, 0x00, 0x00, 0x00, 0x00, 0x1f, 0xe1, 0x00,
  0x1f, 0x00, 0x00, 0x0e, 0xe8, 0x00, 0x00, 0x00, 0x00, 0x00, 0xeb, 0x00,
  0x00, 0x00, 0x00, 0x14, 0xe9, 0x00, 0x2d, 0x00, 0x00, 0x0e, 0x00, 0x00,
  0x00, 0x00, 0x00, 0x00, 0xeb, 0x00, 0x00, 0x00, 0x00, 0x00, 0x00, 0x00,
  0x00, 0xd1, 0xe2, 0x00, 0x00, 0x00, 0x1a, 0x00, 0x00, 0x00, 0x00, 0x00,
  0x00, 0x00, 0x00, 0x00, 0x00, 0x00, 0x00, 0x00, 0xd8, 0x00, 0x00, 0x00,
  0x00, 0x00, 0xd2, 0x12, 0x00, 0x00, 0x00, 0xd9, 0x00, 0x00, 0xd7, 0x00,
  0x00, 0xd6, 0x00, 0x00, 0xdf, 0x00, 0x00, 0xd1, 0x00, 0x00, 0x00, 0x00,
  0x00, 0xda, 0x00, 0x00, 0x00, 0x00, 0x00, 0x00, 0xde, 0x00, 0x00, 0x12,
  0x1d, 0x00, 0x00, 0x00, 0x00, 0x00, 0x00, 0xca, 0x00, 0x00, 0x00, 0x00,
  0x00, 0xd2, 0x00, 0x00, 0xdf, 0x00, 0x00, 0xd2, 0x00, 0x00, 0xd1, 0x16,
  0x18, 0xce, 0x00, 0x00, 0xcd, 0x00, 0x15, 0xcc, 0x00, 0x00, 0xcd, 0x00,
  0x00, 0x00, 0xe1, 0x00, 0xe0, 0x00, 0x00, 0xd7, 0x00, 0x00, 0xd9, 0x00,
  0x00, 0xdc, 0xd3, 0x00, 0xde, 0x00, 0x00, 0x00, 0x00, 0x10, 0xda, 0x00,
  0x00, 0x00, 0x00, 0x00, 0xdf, 0x00, 0x00, 0x00, 0x00, 0x00, 0xdc, 0x00,
  0x00, 0x00, 0x00, 0xcb, 0x00, 0x20, 0x00, 0x00, 0x00, 0x00, 0xdc, 0x00,
  0x00, 0x00, 0x00, 0x00, 0x00, 0x00, 0x00, 0x00, 0x00, 0x00, 0x00, 0x00,
  0x00, 0x00, 0x00, 0x10, 0x00, 0x00, 0x00, 0x00, 0x00, 0x14, 0x00, 0x00,
  0x00, 0x00, 0x00, 0x00, 0xdb, 0x00, 0x28, 0x00, 0x00, 0x00, 0xda, 0x00,
  0x24, 0x00, 0x00, 0x00, 0xeb, 0x00, 0x00, 0x00, 0xda, 0x00, 0x00, 0x00,
  0x00, 0x00, 0x00, 0x00, 0x00, 0x00, 0x00, 0x00, 0x00, 0xc8, 0xd3, 0x00,
  0x00, 0x00, 0x00, 0x00, 0xec, 0x00, 0x00, 0x00, 0x00, 0x00, 0x00, 0x00,
  0x00, 0x00, 0x00, 0x00, 0x00, 0x00, 0x00, 0x00, 0x00, 0x00, 0x00, 0xe3,
  0x00, 0x00, 0x00, 0x00, 0x00, 0x00, 0x00, 0x00, 0xde, 0x06, 0x00, 0x00,
  0xf0, 0x00, 0xe8, 0x17, 0x00, 0x00, 0x00, 0x00, 0x00, 0x15, 0x00, 0x00,
  0x00, 0x07, 0x00, 0x00, 0x00, 0x00, 0x00, 0x00, 0x00, 0x16, 0x00, 0x00,
  0x00, 0xd6, 0x00, 0x00, 0x00, 0x00, 0x00, 0x00, 0xdf, 0x00, 0x00, 0x00,
  0x1e, 0x00, 0xdc, 0x00, 0x00, 0x00, 0x00, 0x00, 0xcc, 0x00, 0x00, 0x00,
  0x00, 0x00, 0xd5, 0x00, 0x00, 0x00, 0x00, 0x00, 0x00, 0x00, 0x00, 0x00,
  0x00, 0x00, 0x00, 0xd6, 0x00, 0x00, 0x00, 0x00, 0xeb, 0x00, 0x00, 0x00,
  0x00, 0x00, 0x00, 0x00, 0x00, 0xe8, 0x00, 0x00, 0x00, 0x00, 0x00, 0x00,
  0x00, 0x00, 0x00, 0x00, 0x00, 0xda, 0x00, 0x09, 0x00, 0xef, 0x00, 0x00,
  0xc9, 0xe5, 0x00, 0x00, 0x00, 0x00, 0xbe, 0x00, 0x00, 0x00, 0x00, 0x00,
  0x00, 0x00, 0x00, 0x00, 0xf6, 0x00, 0xd6, 0x00, 0x00, 0x2b, 0x00, 0x00,
  0x00, 0x00, 0xe4, 0x00, 0x00, 0xcc, 0x00, 0x00, 0x00, 0x00, 0x00, 0x00,
  0x00, 0x00, 0xd1, 0x00, 0x00, 0x00, 0x0a, 0x00, 0x00, 0x00, 0x00, 0x00,
  0x00, 0xdf, 0x00, 0x00, 0x00, 0x00, 0x00, 0x00, 0x00, 0x00, 0x00, 0x00,
  0x00, 0x00, 0x00, 0x00, 0x00, 0xcf, 0x00, 0xd1, 0x00, 0x00, 0x00, 0x00,
  0x00, 0xe4, 0xe6, 0x00, 0x14, 0x00, 0x00, 0xda, 0xce, 0x00, 0x00, 0xd3,
  0xc2, 0xe0, 0x00, 0x00, 0x00, 0xcf, 0xc8, 0x00, 0x00, 0x00, 0x00, 0x00,
  0xd0, 0xe2, 0x00, 0x00, 0xec, 0x00, 0xc9, 0x00, 0x00, 0x00, 0x00, 0xc6,
  0x00, 0x00, 0x00, 0x00, 0x00, 0xce, 0x00, 0x00, 0xdc, 0x00, 0x00, 0xd1,
  0x03, 0x00, 0x00, 0x00, 0x00, 0x00, 0x00, 0x00, 0x00, 0x00, 0x20, 0x00,
  0x00, 0x00, 0xd7, 0x00, 0x00, 0x00, 0x00, 0x00, 0x00, 0x00, 0x00, 0xd3,
  0x00, 0xe3, 0x00, 0x00, 0x00, 0xdb, 0x00, 0x00, 0x00, 0x00, 0x00, 0xdb,
  0x00, 0x00, 0x00, 0x00, 0x00, 0x00, 0x00, 0x00, 0x00, 0x00, 0x00, 0x00,
  0x00, 0xe3, 0x00, 0x00, 0x00, 0x00, 0x00, 0x00, 0x00, 0x00, 0x00, 0x00,
  0x00, 0xe1, 0x00, 0x32, 0x00, 0xd8, 0x00, 0x00, 0x00, 0x00, 0x00, 0x00,
  0xe0, 0xdc, 0x00, 0x00, 0x00, 0x00, 0x00, 0xcd, 0xeb, 0x00, 0x00, 0xc2,
  0x00, 0x00, 0x00, 0x00, 0x00, 0xd4, 0x00, 0xe1, 0x00, 0x00, 0x00, 0x00,
  0x00, 0x00, 0x00, 0x00, 0xe1, 0x00, 0x00, 0xd7, 0x00, 0x23, 0x00, 0x00,
  0x00, 0x00, 0x00, 0x2a, 0xe7, 0x00, 0x00, 0x00, 0x00, 0x22, 0x00, 0x00,
  0x00, 0x00, 0x00, 0x00, 0x00, 0xdc, 0x00, 0x00, 0x00, 0x00, 0x00, 0x00,
  0x00, 0x00, 0xe5, 0x00, 0x00, 0x00, 0x00, 0xdf, 0x00, 0x00, 0xe5, 0x00,
  0x00, 0xdf, 0x00, 0x00, 0xd7, 0x00, 0x00, 0x00, 0x00, 0x00, 0xd3, 0x00,
  0xdd, 0x00, 0x00, 0x00, 0x00, 0x00, 0x00, 0xd5, 0x00, 0x00, 0x00, 0x00,
  0xdb, 0x00, 0xe6, 0x00, 0x00, 0x00, 0x00, 0xdd, 0xdf, 0x00, 0x00, 0x00,
  0xc4, 0x00, 0x00, 0x00, 0x00, 0x00, 0xcb, 0x00, 0x00, 0x00, 0xde, 0x00,
  0xc2, 0x12, 0x00, 0x00, 0x00, 0x00, 0xcb, 0x13, 0x00, 0x00, 0x00, 0x00,
  0xd6, 0x00, 0x00, 0x00, 0x00, 0x00, 0x00, 0x1e, 0xe9, 0x00, 0x00, 0x00,
  0xce, 0x00, 0x00, 0x00, 0x00, 0x00, 0x00, 0x00, 0xf3, 0x00, 0x00, 0x00,
  0xd9, 0x00, 0xf0, 0x00, 0x00, 0x00, 0x00, 0x00, 0x00, 0x00, 0x00, 0x00,
  0x00, 0x00, 0x00, 0x00, 0x00, 0x00, 0x00, 0x00, 0xec, 0x1e, 0x00, 0x00,
  0x00, 0x00, 0xf6, 0x20, 0x00, 0x0c, 0x00, 0x00, 0x00, 0x00, 0x00, 0x00,
  0x00, 0x00, 0x00, 0x00, 0x00, 0x00, 0x00, 0x15, 0x00, 0x00, 0x00, 0x00,
  0x00, 0x00, 0xf0, 0x00, 0x00, 0x00, 0x00, 0x00, 0x00, 0x00, 0xe7, 0x00,
  0x00, 0x00, 0x00, 0x00, 0x00, 0x00, 0x00, 0x00, 0x00, 0x00, 0x00, 0x07,
  0x00, 0x00, 0x00, 0x00, 0x00, 0x00, 0x00, 0x00, 0x00, 0x00, 0x00, 0x00,
  0xe4, 0x00, 0x00, 0x00, 0x00, 0x0b, 0x00, 0xdf, 0x00, 0x00, 0x00, 0x00,
  0x00, 0x00, 0x00, 0x00, 0xe0, 0x00, 0x00, 0x00, 0x00, 0x00, 0xe5, 0x00,
  0x00, 0x00, 0x00, 0x00, 0x00, 0x0c, 0x00, 0x00, 0x00, 0x00, 0x00, 0x00,
  0x00, 0x00, 0xe2, 0x00, 0xe1, 0x00, 0x00, 0x00, 0x00, 0x00, 0xe0, 0x00,
  0x00, 0x00, 0x00, 0x00, 0xdb, 0x12, 0x00, 0x00, 0x00, 0x00, 0x00, 0x00,
  0x00, 0x00, 0x00, 0xe0, 0x15, 0x00, 0x00, 0x00, 0x00, 0xe2, 0x00, 0x00,
  0x00, 0x00, 0x00, 0x00, 0x00, 0x00, 0x00, 0xdf, 0x00, 0xed, 0x00, 0x00,
  0x00, 0x00, 0x00, 0x00, 0x00, 0x00, 0x00, 0x00, 0x00, 0x00, 0xe9, 0x00,
  0x00, 0xe0, 0x14, 0x00, 0x00, 0x00, 0x00, 0x00, 0x00, 0x00, 0x00, 0x00,
  0x00, 0x00, 0x00, 0x00, 0x00, 0x00, 0x00, 0x00, 0x00, 0x00, 0x00, 0x00,
  0x00, 0x00, 0x00, 0x00, 0x00, 0x00, 0x00, 0xd8, 0x00, 0x00, 0x00, 0x00,
  0x00, 0x00, 0x00, 0x00, 0x00, 0x00, 0x00, 0x00, 0x00, 0x00, 0x00, 0x00,
  0x0e, 0x00, 0x00, 0x00, 0xf3, 0x00, 0x19, 0x00, 0x00, 0x00, 0x00, 0x07,
  0x19, 0x00, 0x00, 0x38, 0x00, 0x00, 0x00, 0xcb, 0x00, 0x00, 0x00, 0x00,
  0xe0, 0x00, 0x00, 0x00, 0xec, 0x00, 0x00, 0x00, 0x00, 0x00, 0xe9, 0x26,
  0x00, 0x00, 0x0e, 0x00, 0x00, 0x20, 0x00, 0x00, 0x00, 0x00, 0x00, 0x00,
  0x00, 0x00, 0xdf, 0x00, 0x00, 0x00, 0x00, 0x00, 0x00, 0x00, 0x00, 0x00,
  0x00, 0x00, 0x00, 0x00, 0x00, 0x00, 0x00, 0x00, 0xd8, 0x00, 0x00, 0x00,
  0x00, 0x00, 0x00, 0x00, 0x00, 0x27, 0x1f, 0x00, 0xcd, 0x45, 0xda, 0x00,
  0xf1, 0x00, 0x00, 0x00, 0xd0, 0x2d, 0x00, 0x00, 0x00, 0x00, 0x00, 0x00,
  0x00, 0x00, 0x00, 0x00, 0xd4, 0x2a, 0x00, 0x00, 0x00, 0x00, 0x00, 0x00,
  0x00, 0x00, 0xe2, 0x00, 0x00, 0x00, 0x00, 0x00, 0x00, 0x00, 0x00, 0x00,
  0x00, 0xd7, 0x00, 0x00, 0x00, 0x00, 0x00, 0x00, 0x00, 0x00, 0x00, 0x20,
  0x00, 0x00, 0x00, 0x00, 0xcf, 0x00, 0x00, 0x00, 0xda, 0x00, 0xd0, 0x00,
  0x00, 0x00, 0x00, 0x00, 0xcd, 0x00, 0x00, 0x00, 0x00, 0x00, 0x00, 0x00,
  0x00, 0x00, 0x00, 0x0d, 0x00, 0x00, 0x15, 0x00, 0x00, 0x00, 0x00, 0x00,
  0x19, 0xd8, 0xe3, 0x00, 0x00, 0x00, 0x00, 0xdc, 0x00, 0x00, 0x00, 0x00,
  0x00, 0xda, 0x00, 0x00, 0x00, 0x00, 0x00, 0x00, 0x00, 0x00, 0x00, 0x00,
  0x00, 0xc8, 0x00, 0x00, 0x00, 0x00, 0x1c, 0x00, 0x00, 0x00, 0xe0, 0x1e,
  0x00, 0xd4, 0x00, 0x00, 0xda, 0x00, 0x00, 0xda, 0x00, 0x00, 0x00, 0x00,
  0x1c, 0x00, 0x00, 0x00, 0x00, 0x00, 0x00, 0x00, 0x00, 0x00, 0x00, 0x24,
  0x00, 0x00, 0x00, 0x00, 0xde, 0x00, 0x00, 0x00, 0x00, 0x00, 0x00, 0x00,
  0xe9, 0x00, 0x00, 0x00, 0xd4, 0x00, 0x00, 0x00, 0x00, 0x00, 0xd5, 0x1a,
  0xe8, 0x00, 0x00, 0x00, 0xdf, 0x00, 0x00, 0x00, 0xd2, 0x00, 0xe5, 0x26,
  0x00, 0x00, 0x00, 0x00, 0x00, 0x00, 0xee, 0x00, 0x00, 0x04, 0x00, 0x00,
  0x00, 0x00, 0xd5, 0x00, 0x00, 0x00, 0xeb, 0x00, 0x00, 0x00, 0x00, 0x00,
  0x00, 0x00, 0x00, 0x00, 0x00, 0x00, 0xdd, 0x00, 0x00, 0x00, 0x00, 0x00,
  0xdd, 0x00, 0x00, 0x00, 0x00, 0x00, 0xdb, 0x00, 0xd2, 0x00, 0x00, 0x00,
  0x00, 0x00, 0x00, 0x00, 0x00, 0x00, 0x00, 0x15, 0x00, 0x00, 0x00, 0x00,
  0x00, 0x00, 0x00, 0x00, 0x00, 0x00, 0x00, 0x00, 0x00, 0x09, 0x00, 0x00,
  0x00, 0x00, 0x00, 0x00, 0x00, 0x00, 0x00, 0x00, 0xe2, 0x00, 0x00, 0x1d,
  0x00, 0x00, 0x00, 0x00, 0x00, 0x00, 0x00, 0x00, 0x00, 0x00, 0x00, 0x00,
  0x00, 0x00, 0x00, 0x00, 0x00, 0x00, 0x00, 0x00, 0x00, 0x00, 0x00, 0x00,
  0x00, 0x00, 0x00, 0x00, 0x00, 0x00, 0x00, 0x00, 0x00, 0x00, 0x00, 0x00,
  0x00, 0x00, 0x00, 0x00, 0x00, 0x00, 0x00, 0x00, 0x00, 0x00, 0x00, 0x00,
  0x00, 0x00, 0xe2, 0x00, 0x00, 0x00, 0x00, 0x00, 0xde, 0x00, 0x00, 0x13,
  0x00, 0x00, 0xdb, 0x00, 0x00, 0x00, 0x00, 0x00, 0x00, 0x00, 0x00, 0x16,
  0x00, 0x00, 0xe3, 0x00, 0x00, 0x00, 0x00, 0xdc, 0x00, 0x00, 0x00, 0x00,
  0x00, 0x00, 0x00, 0x00, 0x00, 0x00, 0x00, 0x08, 0x00, 0x00, 0x00, 0x00,
  0xd7, 0x00, 0x00, 0x00, 0x00, 0x00, 0xdc, 0x00, 0x00, 0x00, 0x00, 0x00,
  0x00, 0x00, 0x00, 0xf3, 0xdf, 0x00, 0xc6, 0x00, 0x00, 0x00, 0x00, 0x00,
  0xd2, 0x00, 0x00, 0x00, 0xe3, 0x00, 0x00, 0x00, 0xd8, 0x00, 0x00, 0x00,
  0xd3, 0x00, 0x00, 0x00, 0x00, 0x00, 0x00, 0x00, 0x00, 0x00, 0x00, 0x00,
  0x00, 0x00, 0xde, 0x00, 0x00, 0x00, 0x00, 0x00, 0x00, 0x00, 0x00, 0x00,
  0x00, 0x00, 0xdd, 0x00, 0x00, 0x00, 0x00, 0x00, 0x00, 0x00, 0x00, 0x00,
  0x00, 0x00, 0x00, 0x00, 0x00, 0x00, 0x00, 0x00, 0x00, 0x00, 0x00, 0x00,
  0x00, 0x00, 0x00, 0x00, 0x00, 0x00, 0x00, 0x00, 0xdc, 0x00, 0x00, 0x00,
  0x00, 0xd5, 0xdd, 0x00, 0x00, 0x00, 0x00, 0xd8, 0xd2, 0x00, 0x00, 0x00,
  0x00, 0xd6, 0x00, 0x00, 0x00, 0x00, 0x00, 0x00, 0x00, 0x00, 0x00, 0x00,
  0x00, 0xd3, 0x00, 0x00, 0x00, 0x00, 0x00, 0xd8, 0xe4, 0x00, 0xff, 0x00,
  0x00, 0x00, 0xe4, 0x00, 0x05, 0x00, 0x00, 0x00, 0x00, 0x00, 0x00, 0x00,
  0x00, 0x00, 0x00, 0x00, 0x00, 0x00, 0x00, 0x00, 0x00, 0x00, 0x00, 0x11,
  0xe2, 0x00, 0x00, 0x00, 0x00, 0x10, 0xe3, 0x00, 0x00, 0x00, 0xdc, 0x0e,
  0xc9, 0x00, 0x00, 0x00, 0x00, 0x06, 0xcb, 0x00, 0x00, 0x00, 0x00, 0x00,
  0x00, 0xda, 0x00, 0x00, 0x00, 0x00, 0x00, 0x00, 0x00, 0x00, 0x00, 0x00,
  0x00, 0xe4, 0x00, 0x17, 0x00, 0x00, 0x00, 0x00, 0x00, 0x00, 0x00, 0x00,
  0x00, 0xe8, 0x00, 0x00, 0x00, 0x00, 0x00, 0x00, 0x00, 0x00, 0x00, 0x00,
  0x00, 0x00, 0x00, 0x00, 0x00, 0x00, 0x00, 0xee, 0x00, 0x23, 0x00, 0x00,
  0x23, 0x00, 0x31, 0x1b, 0x00, 0x00, 0x00, 0x00, 0x00, 0x00, 0x00, 0x00,
  0x24, 0x00, 0x2b, 0x00, 0x00, 0x00, 0x00, 0x00, 0x3e, 0x00, 0x00, 0x00,
  0x2f, 0x00, 0x00, 0x00, 0x00, 0x00, 0x00, 0x00, 0x39, 0x00, 0x00, 0x00,
  0x00, 0xf2, 0x00, 0x00, 0x00, 0x00, 0x00, 0x00, 0x00, 0x00, 0x00, 0x00,
  0x00, 0x00, 0x45, 0xee, 0x00, 0x00, 0x00, 0x00, 0x00, 0xe9, 0x00, 0x00,
  0x00, 0x00, 0x00, 0x00, 0x00, 0x00, 0x00, 0x28, 0x00, 0x00, 0x26, 0x00,
  0x00, 0x00, 0x00, 0x00, 0x00, 0x00, 0x00, 0x22, 0x29, 0x00, 0x00, 0x00,
  0x18, 0x00, 0x32, 0x00, 0x00, 0x00, 0x00, 0x00, 0x00, 0x27, 0x00, 0x00,
  0x00, 0xf4, 0x00, 0x29, 0x00, 0x00, 0x00, 0x00, 0x23, 0x00, 0x00, 0x00,
  0x00, 0x00, 0x39, 0x00, 0x00, 0x00, 0x00, 0x00, 0x00, 0xde, 0x1f, 0x00,
  0x00, 0x00, 0x00, 0xe9, 0x1c, 0x00, 0x00, 0x00, 0x00, 0x00, 0x00, 0x00,
  0x00, 0x00, 0x41, 0x00, 0x00, 0x00, 0x00, 0x20, 0x45, 0x00, 0x00, 0x00,
  0x00, 0x00, 0x39, 0x00, 0x00, 0x00, 0x00, 0x00, 0x30, 0x00, 0x2b, 0x00,
  0x00, 0x00, 0x00, 0x00, 0x00, 0x00, 0x00, 0x00, 0x00, 0x19, 0x1e, 0xcf,
  0x00, 0x00, 0x34, 0x00, 0x30, 0x00, 0x0e, 0x00, 0x00, 0x00, 0x25, 0x00,
  0x00, 0xdf, 0x3b, 0x00, 0x00, 0x00, 0x00, 0x00, 0x00, 0x00, 0x00, 0x00,
  0x00, 0xe0, 0x00, 0x00, 0x00, 0x00, 0x00, 0x00, 0x24, 0x00, 0x00, 0x00,
  0x00, 0x00, 0x00, 0x00, 0x00, 0x00, 0x00, 0x00, 0x2b, 0x08, 0x00, 0x00,
  0x00, 0x00, 0x00, 0x00, 0x00, 0x00, 0x00, 0x22, 0x00, 0x17, 0x00, 0x00,
  0x29, 0x00, 0x54, 0x00, 0x20, 0x00, 0x35, 0x00, 0x33, 0x00, 0x00, 0x00,
  0x00, 0x2c, 0x00, 0x00, 0x35, 0x00, 0x00, 0x00, 0x3d, 0x00, 0x25, 0x00,
  0x1c, 0x00, 0x00, 0x00, 0x00, 0x00, 0x21, 0x00, 0x38, 0x00, 0x00, 0x00,
  0x00, 0x00, 0x2f, 0x00, 0x00, 0x00, 0x19, 0x00, 0x00, 0x00, 0x00, 0x00,
  0x1b, 0x20, 0x00, 0x00, 0x00, 0x00, 0x00, 0x00, 0x00, 0x00, 0x00, 0x00,
  0x17, 0x00, 0x00, 0xdc, 0x00, 0x00, 0x00, 0x21, 0x00, 0x00, 0x00, 0x07,
  0x00, 0x00, 0x00, 0x00, 0x00, 0x00, 0x00, 0x00, 0x00, 0x15, 0x00, 0x00,
  0x00, 0x00, 0x1e, 0x00, 0x00, 0x04, 0x18, 0x00, 0x26, 0x00, 0x00, 0x00,
  0x00, 0x00, 0x00, 0x00, 0x00, 0x00, 0x00, 0x00, 0x00, 0x00, 0x00, 0x08,
  0x00, 0x00, 0x00, 0x00, 0x00, 0x00, 0x00, 0x00, 0x00, 0xe1, 0x00, 0x00,
  0xeb, 0x00, 0x3d, 0xd7, 0x00, 0x00, 0x00, 0x00, 0x29, 0x00, 0x00, 0x00,
  0x00, 0x00, 0x3d, 0x13, 0x00, 0x00, 0x00, 0x00, 0x23, 0x00, 0x00, 0x00,
  0x00, 0x00, 0x00, 0x00, 0x28, 0x00, 0x00, 0x00, 0x00, 0x00, 0x00, 0x06,
  0x00, 0x00, 0x00, 0xe6, 0x00, 0x00, 0x00, 0x00, 0x00, 0x00, 0x00, 0x0f,
  0x00, 0x00, 0x2e, 0x0f, 0x00, 0x00, 0x33, 0x00, 0xf5, 0x10, 0x00, 0x00,
  0x00, 0x00, 0x00, 0x00, 0x00, 0x10, 0x00, 0x00, 0x2e, 0x00, 0x00, 0x19,
  0x00, 0x00, 0x00, 0x00, 0x00, 0x00, 0x00, 0x00, 0x00, 0x12, 0x00, 0x00,
  0x00, 0x00, 0x00, 0x00, 0x00, 0x00, 0x00, 0x00, 0x36, 0x00, 0x00, 0x07,
  0x00, 0x00, 0x3e, 0x00, 0xf0, 0x00, 0xe6, 0x00, 0x00, 0x00, 0x00, 0x00,
  0x00, 0x00, 0x00, 0x2a, 0x00, 0x00, 0x00, 0x00, 0x38, 0x00, 0x00, 0x00,
  0x00, 0x00, 0x00, 0x21, 0x00, 0x18, 0x00, 0x00, 0x3b, 0x00, 0x00, 0x23,
  0x00, 0x00, 0x00, 0xe9, 0x00, 0x23, 0x00, 0x32, 0x00, 0x00, 0x00, 0x00,
  0x00, 0x00, 0x00, 0x00, 0x00, 0x00, 0x00, 0x28, 0x00, 0x00, 0x00, 0x00,
  0x00, 0x00, 0x00, 0x00, 0x00, 0x00, 0x00, 0x31, 0x24, 0x00, 0x00, 0x1d,
  0x00, 0x00, 0x29, 0x00, 0x00, 0x0a, 0xe8, 0x00, 0x00, 0x00, 0x00, 0x13,
  0x00, 0x00, 0x00, 0x00, 0x00, 0x00, 0xea, 0x00, 0x00, 0x00, 0x00, 0x00,
  0x00, 0x00, 0x00, 0x00, 0x00, 0x00, 0x00, 0x00, 0x00, 0x00, 0x00, 0xef,
  0x00, 0xbf, 0x00, 0x00, 0xc4, 0x00, 0x31, 0xce, 0x00, 0x00, 0xb7, 0x00,
  0x00, 0x00, 0x00, 0x00, 0xb1, 0x00, 0x00, 0x00, 0x00, 0x00, 0xaf, 0xee,
  0x00, 0x00, 0x00, 0x00, 0xb6, 0x00, 0x31, 0x00, 0x00, 0x00, 0xbb, 0x00,
  0x00, 0x00, 0x00, 0x3c, 0xb6, 0x00, 0x00, 0x00, 0x00, 0x36, 0xb5, 0x00,
  0x00, 0x00, 0x00, 0x40, 0x00, 0x00, 0x00, 0x00, 0x00, 0x00, 0x00, 0x00,
  0x00, 0x00, 0x00, 0x00, 0x00, 0x00, 0x00, 0x00, 0x00, 0x00, 0xcc, 0x00,
  0x00, 0x00, 0x00, 0x00, 0x00, 0x00, 0x00, 0x00, 0x00, 0x00, 0x00, 0x00,
  0x00, 0x00, 0x00, 0x00, 0x00, 0x00, 0x00, 0xd0, 0x00, 0xeb, 0x00, 0x00,
  0x00, 0x00, 0x00, 0x00, 0x00, 0x1a, 0x00, 0x00, 0x00, 0x00, 0x00, 0x18,
  0x00, 0xd4, 0x00, 0xe4, 0x00, 0x00, 0x00, 0xcd, 0x00, 0x00, 0x00, 0x00,
  0x18, 0x00, 0x00, 0x00, 0x00, 0x00, 0x00, 0xd7, 0x00, 0x00, 0x06, 0x00,
  0x00, 0x00, 0x00, 0x00, 0x00, 0x00, 0x00, 0x00, 0x00, 0x00, 0x00, 0x00,
  0x00, 0xd9, 0x00, 0xea, 0x00, 0x00, 0x1b, 0xc6, 0x00, 0x00, 0x00, 0x00,
  0x00, 0xc3, 0x00, 0x00, 0x00, 0x00, 0x26, 0x00, 0x00, 0x28, 0x0f, 0x00,
  0x00, 0xdd, 0xee, 0x11, 0x00, 0x00, 0x1e, 0x00, 0x00, 0x2a, 0x00, 0x00,
  0x23, 0x00, 0x00, 0x1b, 0x00, 0x00, 0x00, 0xd8, 0x00, 0x31, 0x00, 0x00,
  0x00, 0x00, 0x00, 0x00, 0xe1, 0x00, 0x00, 0x00, 0x00, 0x2e, 0x00, 0xd4,
  0x00, 0x00, 0x00, 0x00, 0x00, 0x00, 0x00, 0x00, 0x00, 0x00, 0x00, 0xd3,
  0x00, 0x00, 0x00, 0x00, 0x00, 0x00, 0x00, 0x00, 0x00, 0x00, 0x00, 0x00,
  0x00, 0x00, 0x00, 0x00, 0x00, 0x00, 0x00, 0x00, 0x00, 0xef, 0x00, 0x00,
  0x00, 0x00, 0x00, 0xeb, 0xd6, 0x00, 0x00, 0x00, 0x00, 0xf7, 0xdb, 0x00,
  0x00, 0x00, 0x00, 0x00, 0x00, 0x00, 0x00, 0x00, 0x00, 0x00, 0xdc, 0x00,
  0x00, 0x00, 0xfc, 0x00, 0x00, 0xd8, 0x00, 0x00, 0x00, 0x00, 0xcc, 0x00,
  0x00, 0x00, 0x00, 0x00, 0xcd, 0x00, 0x00, 0x00, 0x00, 0x00, 0x00, 0x00,
  0x00, 0xca, 0x00, 0xe6, 0x00, 0x00, 0x00, 0x00, 0xeb, 0xf0, 0x00, 0x00,
  0x00, 0xce, 0x00, 0x00, 0x00, 0x00, 0x00, 0x00, 0x00, 0x00, 0x00, 0x00,
  0x00, 0x00, 0x00, 0x00, 0x00, 0x00, 0x00, 0x00, 0x00, 0x00, 0x00, 0x00,
  0x00, 0xd2, 0x00, 0x00, 0x00, 0x00, 0x00, 0xcd, 0x00, 0x00, 0x00, 0x00,
  0x00, 0x00, 0x00, 0xed, 0x00, 0x00, 0xe8, 0xcd, 0x00, 0xec, 0x00, 0x00,
  0x00, 0x00, 0x00, 0x00, 0x00, 0x00, 0x00, 0x00, 0x00, 0x00, 0x00, 0x00,
  0x00, 0x00, 0x00, 0xed, 0xc7, 0xd5, 0xf1, 0xcc, 0x00, 0x00, 0x00, 0x00,
  0x00, 0x00, 0x00, 0x00, 0x00, 0x00, 0x00, 0x00, 0x00, 0x00, 0x00, 0x00,
  0x00, 0xcf, 0x00, 0x00, 0x00, 0x00, 0x00, 0x00, 0x00, 0x00, 0x00, 0xdc,
  0x00, 0x00, 0x00, 0x00, 0x00, 0x00, 0x00, 0x00, 0x00, 0x00, 0x00, 0x00,
  0x00, 0x00, 0x00, 0x00, 0x00, 0x00, 0x00, 0x00, 0x00, 0x00, 0x00, 0x00,
  0x00, 0xce, 0x00, 0x00, 0x00, 0xd8, 0x00, 0x00, 0x25, 0xeb, 0x00, 0x00,
  0x00, 0x00, 0x28, 0x00, 0x00, 0xd3, 0x00, 0x00, 0x00, 0x00, 0xd3, 0x00,
  0x00, 0x00, 0x00, 0x00, 0x00, 0x00, 0x00, 0x00, 0x00, 0x00, 0x00, 0x00,
  0x1b, 0x00, 0x00, 0x00, 0x00, 0xd7, 0x00, 0x00, 0x00, 0x00, 0x00, 0x00,
  0x22, 0x00, 0x00, 0x00, 0x00, 0x00, 0x00, 0x00, 0x00, 0x00, 0x00, 0x00,
  0x00, 0x00, 0x00, 0x3b, 0x00, 0x00, 0x1d, 0xd9, 0x00, 0x00, 0x00, 0x00,
  0x00, 0x00, 0x00, 0x00, 0x00, 0x00, 0x18, 0x00, 0x00, 0x00, 0x00, 0x00,
  0x00, 0x00, 0x00, 0x00, 0x00, 0x00, 0x00, 0x00, 0x00, 0x00, 0x00, 0x00,
  0x00, 0xc6, 0x00, 0x00, 0x00, 0x00, 0x00, 0xc3, 0x00, 0x00, 0xd7, 0x00,
  0x00, 0xd2, 0x00, 0x00, 0x00, 0x00, 0x00, 0xd2, 0x00, 0x00, 0x00, 0x00,
  0x00, 0xc6, 0x00, 0x00, 0x00, 0x00, 0x00, 0x00, 0x00, 0x00, 0x00, 0x00,
  0x00, 0x00, 0x00, 0x00, 0x00, 0xca, 0x00, 0x00, 0x00, 0x00, 0x00, 0xc6,
  0x00, 0xc7, 0x00, 0x00, 0x00, 0x00, 0x00, 0x00, 0x00, 0xf0, 0x00, 0xc9,
  0x00, 0x00, 0x00, 0xf0, 0x00, 0x00, 0x00, 0x00, 0x00, 0xec, 0x00, 0x00,
  0x00, 0x00, 0x00, 0x00, 0x00, 0x00, 0x00, 0xcd, 0x00, 0x00, 0x00, 0x00,
  0xb5, 0x00, 0x00, 0xdd, 0x00, 0x00, 0x00, 0x00, 0x00, 0x00, 0x00, 0x00,
  0x00, 0x00, 0x00, 0x00, 0x16, 0x00, 0x00, 0x00, 0x00, 0x00, 0x12, 0x00,
  0x00, 0x00, 0x00, 0xcf, 0x14, 0x00, 0x00, 0x00, 0x00, 0x00, 0x00, 0x00,
  0x00, 0xe1, 0x00, 0x00, 0x00, 0x00, 0x00, 0x00, 0x00, 0x00, 0x00, 0x00,
  0xad, 0x00, 0x00, 0x00, 0x00, 0x00, 0x00, 0x00, 0x00, 0xfa, 0x00, 0x00,
  0x00, 0x00, 0x00, 0x00, 0x00, 0x00, 0x00, 0xda, 0x00, 0x00, 0x00, 0x00,
  0x00, 0x00, 0x00, 0xaf, 0x00, 0x00, 0x00, 0x00, 0x00, 0xba, 0x00, 0x00,
  0x00, 0xd8, 0xf1, 0x00, 0x00, 0x00, 0x00, 0x00, 0x00, 0x00, 0x00, 0x00,
  0x00, 0x00, 0x1e, 0x00, 0x00, 0x00, 0x00, 0x00, 0x00, 0x00, 0x00, 0x00,
  0x00, 0x00, 0x00, 0x00, 0xf1, 0x3c, 0x00, 0x00, 0x2f, 0x00, 0x00, 0x00,
  0x00, 0x00, 0x00, 0xb8, 0xe1, 0x00, 0x00, 0x00, 0x00, 0xc5, 0x00, 0x00,
  0x00, 0x00, 0x23, 0x00, 0x00, 0x00, 0x00, 0x00, 0x00, 0xce, 0xf5, 0x00,
  0xb0, 0x00, 0x00, 0x00, 0xe1, 0x00, 0xa6, 0x00, 0x29, 0x00, 0xf6, 0x00,
  0x00, 0x00, 0x00, 0xd0, 0x00, 0x00, 0xaf, 0x00, 0x3f, 0xc2, 0x00, 0x00,
  0x00, 0x00, 0x00, 0xbf, 0x00, 0x00, 0x00, 0x00, 0x00, 0x00, 0x21, 0x00,
  0x00, 0x00, 0x00, 0x00, 0x22, 0x00, 0x00, 0x00, 0x00, 0x00, 0x00, 0x00,
  0x00, 0x0b, 0x00, 0x00, 0x00, 0x00, 0x00, 0x00, 0x00, 0xb4, 0x00, 0x26,
  0x00, 0x00, 0x00, 0x00, 0x00, 0x00, 0x00, 0x00, 0x00, 0x00, 0x00, 0x00,
  0x00, 0x00, 0x00, 0xc1, 0x00, 0x00, 0x00, 0x00, 0x00, 0x00, 0x00, 0x00,
  0x00, 0x00, 0x00, 0x00, 0x00, 0x00, 0x00, 0x00, 0x00, 0x00, 0x00, 0x00,
  0x00, 0x00, 0x00, 0xb7, 0x00, 0x00, 0x00, 0x00, 0x27, 0x00, 0x00, 0x00,
  0x00, 0x00, 0x2b, 0x00, 0x00, 0x00, 0x00, 0x00, 0x00, 0x00, 0x00, 0x00,
  0x00, 0x00, 0x00, 0x00, 0x00, 0x00, 0xc7, 0x00, 0x00, 0x00, 0x0f, 0x00,
  0x00, 0x00, 0x00, 0x00, 0x00, 0x00, 0x00, 0x00, 0x00, 0x00, 0x00, 0x00,
  0xbd, 0x00, 0x2e, 0x00, 0x00, 0x00, 0x00, 0x00, 0x00, 0xb6, 0x00, 0x00,
  0xb3, 0x00, 0x00, 0x00, 0x19, 0x00, 0xc1, 0xdb, 0x00, 0xb8, 0x00, 0x00,
  0x00, 0x00, 0x00, 0xc6, 0x00, 0x00, 0xc6, 0x00, 0x00, 0x00, 0x00, 0x00,
  0x00, 0x00, 0x00, 0x05, 0x00, 0x00, 0x00, 0x00, 0x00, 0x00, 0x00, 0x00,
  0x00, 0x1a, 0x00, 0x00, 0xd6, 0xfa, 0x00, 0x00, 0x25, 0x00, 0x00, 0x00,
  0x00, 0x11, 0x22, 0x00, 0x00, 0x00, 0x00, 0x00, 0x00, 0x00, 0x00, 0x00,
  0x00, 0x00, 0x26, 0x00, 0x00, 0x00, 0x00, 0x00, 0x00, 0x00, 0x00, 0x00,
  0x00, 0x00, 0x00, 0xc5, 0x00, 0x00, 0x00, 0x00, 0x4e, 0x00, 0x00, 0x00,
  0x00, 0x00, 0x2b, 0xc8, 0x00, 0x00, 0x00, 0x00, 0x00, 0x00, 0x00, 0x00,
  0x00, 0x00, 0x2e, 0xae, 0x21, 0x00, 0x0e, 0x00, 0x00, 0xbd, 0x00, 0x00,
  0x07, 0x00, 0x00, 0x00, 0x00, 0x00, 0x05, 0xd7, 0x00, 0x00, 0x00, 0x00,
  0x00, 0x00, 0x00, 0x00, 0x00, 0x00, 0x00, 0x00, 0x00, 0x00, 0x00, 0x00,
  0x00, 0x00, 0x00, 0xd7, 0x00, 0x00, 0x00, 0x00, 0x00, 0xdd, 0x00, 0x00,
  0x00, 0xd3, 0x00, 0xdc, 0x00, 0x00, 0x00, 0x00, 0x00, 0xc1, 0x00, 0x00,
  0xdc, 0x00, 0x00, 0xc6, 0x00, 0x00, 0x00, 0x00, 0x00, 0xd0, 0x00, 0xfb,
  0x00, 0x00, 0x00, 0xd4, 0x00, 0xff, 0xd9, 0x00, 0x2f, 0xd3, 0x00, 0xfa,
  0xd6, 0x00, 0x22, 0xd2, 0x00, 0xf5, 0xd8, 0x00, 0x00, 0x00, 0x00, 0x00,
  0xda, 0x00, 0x00, 0x00, 0x00, 0x00, 0xd0, 0x00, 0x00, 0x00, 0x00, 0x00,
  0xc4, 0x00, 0x00, 0x00, 0x00, 0x00, 0xd7, 0x00, 0x00, 0x00, 0x00, 0x00,
  0x00, 0x00, 0x00, 0x00, 0x00, 0x00, 0x00, 0x00, 0x00, 0x00, 0x00, 0x00,
  0x00, 0x00, 0x00, 0xbc, 0x00, 0x00, 0x00, 0x00, 0x00, 0xbb, 0x00, 0x00,
  0x00, 0x00, 0xef, 0xbd, 0x00, 0x00, 0x00, 0x00, 0x00, 0x00, 0x00, 0x00,
  0x00, 0x16, 0x00, 0x00, 0x00, 0x00, 0xc6, 0x00, 0x00, 0x00, 0x00, 0xf1,
  0xc4, 0x00, 0x00, 0x00, 0x00, 0x00, 0xb1, 0x00, 0x00, 0x00, 0x00, 0x00,
  0x00, 0x00, 0x2e, 0x00, 0x00, 0x00, 0xb5, 0x00, 0x00, 0xd0, 0xda, 0x00,
  0x00, 0x00, 0x00, 0x00, 0xef, 0xf1, 0x00, 0x00, 0x1e, 0x00, 0x00, 0x00,
  0x00, 0x00, 0x00, 0xcc, 0x00, 0x00, 0x00, 0x00, 0x00, 0xbe, 0xd7, 0x00,
  0x00, 0x00, 0x00, 0x00, 0x00, 0x00, 0x00, 0x00, 0x2d, 0x00, 0x00, 0x00,
  0x00, 0x00, 0x00, 0x00, 0xda, 0x00, 0x00, 0x00, 0x1e, 0x00, 0xd9, 0x00,
  0x00, 0x00, 0x00, 0x00, 0x00, 0x00, 0x00, 0x00, 0x00, 0x00, 0x00, 0x00,
  0x00, 0x09, 0x2e, 0xdc, 0x00, 0x00, 0x00, 0x00, 0x00, 0x00, 0x00, 0x00,
  0x00, 0x00, 0x00, 0x00, 0x00, 0x00, 0x24, 0x00, 0x00, 0x00, 0x00, 0x00,
  0x26, 0x00, 0x00, 0xcc, 0x00, 0x00, 0x00, 0x00, 0x00, 0xd4, 0x00, 0x21,
  0x00, 0x00, 0x00, 0x00, 0x00, 0x29, 0x2e, 0xbc, 0x00, 0x00, 0x00, 0x00,
  0x00, 0x00, 0x00, 0x00, 0x00, 0x00, 0x00, 0x00, 0x00, 0x00, 0x00, 0x22,
  0x00, 0x00, 0x00, 0x00, 0x00, 0x00, 0x00, 0xfe, 0x00, 0x00, 0x00, 0x00,
  0x00, 0x00, 0x16, 0xc9, 0xd4, 0x00, 0x00, 0xfe, 0x00, 0x00, 0x00, 0x00,
  0x00, 0x00, 0x00, 0x00, 0x00, 0x00, 0x30, 0x00, 0x00, 0x00, 0x00, 0x00,
  0x00, 0x00, 0x00, 0xbc, 0x00, 0x00, 0x00, 0x00, 0x40, 0xc7, 0x00, 0x24,
  0x00, 0x00, 0x00, 0xcd, 0x00, 0x22, 0x00, 0x00, 0x00, 0xd8, 0x00, 0x00,
  0x00, 0x00, 0x00, 0xcf, 0x00, 0x00, 0x2f, 0x00, 0x24, 0x00, 0x00, 0x00,
  0x2c, 0x00, 0x00, 0x00, 0x00, 0x23, 0x00, 0x00, 0x00, 0x00, 0x00, 0x18,
  0x00, 0x00, 0x36, 0x00, 0x00, 0x17, 0x00, 0x00, 0x27, 0xc9, 0x00, 0x1e,
  0x00, 0x00, 0x00, 0xb8, 0x00, 0x19, 0x32, 0xb1, 0x00, 0xcc, 0x00, 0x00,
  0x00, 0x00, 0x00, 0xb7, 0x00, 0x17, 0x00, 0x00, 0x00, 0xb7, 0x00, 0x00,
  0x00, 0x00, 0x42, 0x00, 0x00, 0x00, 0x00, 0x00, 0x36, 0xc8, 0xd4, 0x00,
  0x00, 0x00, 0x00, 0xc2, 0x00, 0x00, 0x00, 0x00, 0x3f, 0xcb, 0x00, 0x00,
  0x00, 0x00, 0x00, 0xcd, 0x00, 0x11, 0x00, 0x00, 0x00, 0x00, 0x00, 0x00,
  0x00, 0x00, 0x28, 0xde, 0x00, 0x00, 0x00, 0x00, 0x00, 0x00, 0x00, 0x00,
  0x00, 0x00, 0x00, 0x00, 0x00, 0x00, 0x00, 0x00, 0x00, 0x00, 0x00, 0x00,
  0x00, 0x00, 0x00, 0x00, 0x00, 0x00, 0x33, 0x00, 0x00, 0xd8, 0x00, 0x00,
  0x00, 0x00, 0x00, 0x00, 0xd0, 0x00, 0x00, 0x00, 0x00, 0x00, 0x00, 0x00,
  0x00, 0x00, 0x00, 0x00, 0x00, 0x11, 0x00, 0x00, 0x00, 0x00, 0x00, 0x00,
  0x00, 0x00, 0x00, 0x00, 0x00, 0x12, 0x00, 0xfb, 0x27, 0x00, 0x00, 0x00,
  0x00, 0x00, 0x00, 0xde, 0x00, 0x14, 0x00, 0x00, 0x00, 0x00, 0x00, 0x00,
  0x00, 0x00, 0x18, 0x00, 0x00, 0x00, 0x00, 0x00, 0x00, 0x00, 0x00, 0x00,
  0x00, 0x00, 0x00, 0x00, 0x00, 0x00, 0x00, 0x00, 0x26, 0x00, 0x00, 0x13,
  0x00, 0x00, 0x00, 0x00, 0x00, 0x14, 0x00, 0x00, 0x00, 0x00, 0x00, 0x13,
  0x00, 0x00, 0x00, 0xde, 0x00, 0x00, 0x14, 0x00, 0x00, 0x00, 0x00, 0x00,
  0x00, 0x00, 0x00, 0x00, 0x00, 0x0c, 0x00, 0x00, 0x00, 0x00, 0x00, 0x00,
  0x00, 0x00, 0x1c, 0xd1, 0x00, 0x00, 0x00, 0x00, 0x00, 0xd0, 0x00, 0x00,
  0x00, 0x00, 0x00, 0x00, 0x00, 0x00, 0x0f, 0x00, 0x1f, 0xd6, 0x00, 0x00,
  0x00, 0x00, 0x00, 0xc2, 0x00, 0x00, 0x00, 0xbb, 0x00, 0xd5, 0x00, 0x00,
  0x00, 0x00, 0x00, 0xe4, 0x00, 0x00, 0xd9, 0x00, 0x00, 0xd5, 0x00, 0x09,
  0x00, 0x00, 0x2e, 0x00, 0x00, 0x00, 0x00, 0x00, 0x2d, 0x00, 0x00, 0x00,
  0x00, 0x00, 0x00, 0x00, 0x00, 0x00, 0x00, 0x00, 0x2d, 0x00, 0x00, 0x00,
  0x00, 0x00, 0x23, 0xb5, 0x00, 0x00, 0x00, 0x00, 0x00, 0x00, 0x00, 0x00,
  0x00, 0x00, 0x00, 0x00, 0x00, 0x00, 0x0f, 0xad, 0x00, 0x00, 0x00, 0x00,
  0x00, 0x00, 0x00, 0xe5, 0x00, 0x00, 0x1a, 0x00, 0x30, 0xd0, 0x00, 0x00,
  0x00, 0x00, 0x1e, 0xde, 0xe3, 0x00, 0x00, 0x00, 0x00, 0x00, 0xd9, 0x00,
  0x00, 0x00, 0x00, 0x00, 0x00, 0x00, 0x12, 0x00, 0x00, 0x00, 0x00, 0x00,
  0x00, 0x00, 0x00, 0x00, 0xd7, 0x00, 0x10, 0x00, 0x00, 0x00, 0x00, 0x00,
  0x0a, 0xb8, 0x00, 0x00, 0x00, 0x00, 0x00, 0x00, 0x00, 0x00, 0x00, 0x00,
  0x00, 0xbc, 0x2a, 0x00, 0x00, 0x00, 0x00, 0x00, 0x00, 0xd2, 0x00, 0x00,
  0x00, 0x00, 0x00, 0x00, 0x00, 0x00, 0x00, 0x00, 0x00, 0x00, 0x00, 0x00,
  0x00, 0x00, 0x00, 0x00, 0x00, 0x10, 0x00, 0x00, 0x00, 0xd1, 0x00, 0x00,
  0xec, 0x00, 0x00, 0xc5, 0x00, 0x00, 0x00, 0x00, 0x00, 0xc6, 0x00, 0x00,
  0x00, 0x2b, 0x00, 0x00, 0xe3, 0x00, 0x00, 0x2c, 0x00, 0x00, 0xe0, 0x00,
  0x00, 0x00, 0x00, 0x00, 0xda, 0xd7, 0x00, 0x25, 0x00, 0x00, 0x00, 0x00,
  0x00, 0x2c, 0x00, 0x00, 0x00, 0x00, 0x00, 0x00, 0x00, 0x00, 0x00, 0xdd,
  0xe4, 0x2f, 0x00, 0x00, 0x00, 0xe1, 0x00, 0x00, 0x00, 0x00, 0x00, 0x00,
  0x00, 0x00, 0x00, 0x00, 0x00, 0x00, 0xdb, 0x36, 0xf4, 0x00, 0x00, 0x00,
  0xed, 0x00, 0x00, 0x00, 0x00, 0xea, 0x00, 0x00, 0x00, 0xe2, 0x00, 0x00,
  0xe7, 0x00, 0x00, 0xe5, 0x00, 0x00, 0x00, 0x00, 0x00, 0x00, 0x00, 0x00,
  0x00, 0x00, 0x00, 0x1b, 0x00, 0x00, 0x00, 0x00, 0x00, 0x00, 0x00, 0x00,
  0x00, 0x00, 0x00, 0x00, 0x00, 0x00, 0x00, 0x00, 0x00, 0x00, 0xd0, 0x00,
  0x00, 0x00, 0x00, 0x00, 0x00, 0x00, 0x00, 0x00, 0x00, 0x00, 0x00, 0x00,
  0x00, 0xf2, 0x00, 0xcd, 0x00, 0x00, 0x00, 0x00, 0x00, 0xbc, 0x00, 0x00,
  0x00, 0x00, 0x00, 0xb3, 0x00, 0x00, 0xd6, 0x00, 0x00, 0xbe, 0x00, 0x00,
  0x00, 0x00, 0x00, 0x00, 0x00, 0x00, 0x00, 0xf2, 0x00, 0x00, 0x00, 0x00,
  0x00, 0x00, 0x00, 0x00, 0x00, 0x00, 0xe6, 0x00, 0x00, 0x13, 0x00, 0xec,
  0x00, 0x00, 0x00, 0x00, 0x16, 0x00, 0x00, 0x00, 0x00, 0x00, 0x00, 0x00,
  0x00, 0x00, 0x00, 0x2e, 0x00, 0x00, 0x00, 0x00, 0x00, 0x00, 0x00, 0x00,
  0x00, 0x00, 0x00, 0x00, 0x00, 0x00, 0xe5, 0x25, 0x00, 0x00, 0x00, 0x1f,
  0xdf, 0x00, 0x00, 0x00, 0x00, 0x00, 0x00, 0x00, 0x00, 0x00, 0x00, 0x00,
  0xed, 0x00, 0x00, 0x00, 0xee, 0x00, 0x00, 0x1f, 0x00, 0x14, 0xe0, 0x00,
  0x00, 0x00, 0x00, 0x00, 0x00, 0xee, 0x00, 0x2c, 0x3b, 0x26, 0x00, 0x00,
  0x00, 0x00, 0x00, 0x16, 0x00, 0x00, 0xee, 0x24, 0x3a, 0x1a, 0x00, 0x00,
  0x00, 0x1f, 0x00, 0x00, 0x00, 0x00, 0x00, 0x2b, 0x00, 0x00, 0x00, 0x00,
  0x00, 0x00, 0x00, 0x00, 0x00, 0x00, 0x00, 0x00, 0xf0, 0xe0, 0x00, 0x00,
  0x00, 0x20, 0x00, 0xde, 0x00, 0x00, 0x00, 0x1e, 0x00, 0xd6, 0xe7, 0x00,
  0x00, 0x00, 0x00, 0xd2, 0xea, 0x00, 0x00, 0x00, 0x28, 0x00, 0xe6, 0x00,
  0x00, 0x00, 0x00, 0x00, 0x00, 0x00, 0x00, 0x00, 0x00, 0x00, 0x00, 0x00,
  0x00, 0x00, 0x00, 0x00, 0x00, 0x00, 0x00, 0x00, 0x00, 0x00, 0x00, 0x00,
  0x00, 0x27, 0x00, 0x00, 0x00, 0x00, 0x00, 0x23, 0x00, 0x00, 0x00, 0x00,
  0x00, 0x00, 0x00, 0x19, 0x00, 0x00, 0xf2, 0x1f, 0x00, 0x00, 0x00, 0x00,
  0xee, 0x1a, 0x00, 0x00, 0x00, 0x00, 0x00, 0x25, 0x00, 0x00, 0x2e, 0x00,
  0x00, 0x00, 0x00, 0x00, 0x00, 0x00, 0x00, 0x17, 0x00, 0x00, 0x00, 0xe9,
  0x00, 0x12, 0x00, 0x00, 0x00, 0x00, 0xf5, 0x17, 0x00, 0x00, 0x00, 0x00,
  0x00, 0x00, 0x00, 0x00, 0x00, 0x00, 0x00, 0x00, 0x30, 0x00, 0x00, 0xd9,
  0x00, 0x00, 0x35, 0x00, 0x00, 0x00, 0x00, 0x15, 0x00, 0x00, 0x00, 0x00,
  0x00, 0x00, 0x00, 0x00, 0x00, 0x00, 0x00, 0x17, 0x00, 0x00, 0x00, 0x00,
  0x00, 0x00, 0x00, 0xcf, 0x00, 0x00, 0x00, 0x00, 0x00, 0xd0, 0x00, 0x00,
  0xf0, 0x00, 0x00, 0xd0, 0x00, 0x11, 0x00, 0x00, 0x00, 0xe1, 0x00, 0x10,
  0xe3, 0x00, 0x00, 0xdf, 0x00, 0x00, 0x00, 0x00, 0x00, 0x00, 0x00, 0x00,
  0x00, 0x00, 0x00, 0x00, 0x00, 0x00, 0x00, 0x00, 0x26, 0x00, 0x00, 0xe6,
  0x00, 0x00, 0x00, 0xe5, 0x00, 0x00, 0x00, 0x24, 0x00, 0x00, 0x00, 0xea,
  0x00, 0x00, 0x00, 0x00, 0x00, 0x00, 0x00, 0x00, 0x00, 0x00, 0x00, 0x00,
  0x00, 0x23, 0x00, 0x00, 0xcd, 0x00, 0xe4, 0x28, 0x00, 0x00, 0xe2, 0x00,
  0x00, 0x00, 0x00, 0x00, 0x00, 0x20, 0x00, 0x29, 0x00, 0x00, 0x00, 0x22,
  0xe4, 0x00, 0x00, 0xe7, 0x00, 0x21, 0x00, 0x27, 0x00, 0xd3, 0x00, 0x00,
  0x00, 0x24, 0x00, 0xd3, 0xed, 0x00, 0x00, 0x1c, 0x00, 0xda, 0x00, 0x26,
  0x00, 0x00, 0x00, 0xe4, 0x00, 0x00, 0xe7, 0x00, 0x00, 0x00, 0x00, 0x21,
  0xdd, 0x00, 0x00, 0x00, 0x00, 0x00, 0x00, 0x00, 0x00, 0xdd, 0x00, 0x00,
  0xdf, 0x1f, 0x00, 0x00, 0x00, 0x00, 0x00, 0x00, 0x00, 0x00, 0x00, 0x00,
  0xcc, 0x00, 0x00, 0x00, 0x00, 0x00, 0xd3, 0x15, 0x00, 0x00, 0x00, 0x00,
  0x00, 0xf4, 0x00, 0x00, 0x00, 0x41, 0x00, 0x00, 0x00, 0x00, 0x00, 0x00,
  0x00, 0x00, 0x0d, 0x00, 0xd8, 0x00, 0x00, 0x00, 0x00, 0x00, 0xe5, 0x00,
  0x00, 0x00, 0x00, 0x00, 0xdc, 0x34, 0xe5, 0x00, 0x00, 0x00, 0x00, 0x00,
  0xe4, 0x00, 0x00, 0x00, 0xca, 0x00, 0x00, 0x00, 0x00, 0x00, 0xcd, 0x00,
  0x00, 0x00, 0x00, 0x00, 0xd5, 0x2a, 0x00, 0x00, 0xdf, 0x00, 0x00, 0x2d,
  0x00, 0x00, 0x00, 0x00, 0x00, 0x2c, 0x00, 0x00, 0x00, 0xee, 0x00, 0x00,
  0xe9, 0x27, 0x00, 0xea, 0x00, 0x00, 0x00, 0x00, 0x00, 0xea, 0x00, 0x00,
  0x00, 0x21, 0x00, 0xe6, 0x00, 0x2b, 0x00, 0x00, 0x00, 0x00, 0x00, 0x00,
  0x00, 0x21, 0x00, 0x00, 0xe5, 0x2d, 0x00, 0x00, 0x00, 0x00, 0xee, 0x00,
  0x00, 0x00, 0x00, 0x1d, 0x00, 0x00, 0x00, 0x00, 0x00, 0x00, 0x00, 0x00,
  0x00, 0x00, 0x00, 0x00, 0x00, 0x00, 0x00, 0x00, 0x00, 0x00, 0x00, 0x00,
  0x00, 0x00, 0x00, 0x00, 0x1a, 0x00, 0x00, 0x00, 0x00, 0x00, 0x00, 0x2f,
  0x00, 0x00, 0x00, 0x00, 0x00, 0x00, 0x00, 0xe9, 0x18, 0x00, 0x00, 0x00,
  0x00, 0x00, 0x11, 0x00, 0xef, 0x00, 0x00, 0x00, 0x00, 0x00, 0x00, 0x2e,
  0xe9, 0x00, 0x00, 0x00, 0x00, 0x33, 0xdc, 0x00, 0xec, 0x00, 0x00, 0x00,
  0xdc, 0x00, 0x0d, 0x00, 0x00, 0x00, 0x00, 0x00, 0x13, 0xe2, 0x00, 0x00,
  0x00, 0x00, 0x00, 0xe4, 0x00, 0x00, 0x00, 0x00, 0x00, 0xef, 0x00, 0x00,
  0x00, 0x00, 0x00, 0x00, 0xe1, 0x00, 0xf2, 0x00, 0x17, 0x00, 0xd0, 0x00,
  0x00, 0x00, 0x00, 0x00, 0x00, 0x2b, 0x00, 0x00, 0x16, 0x00, 0x00, 0x00,
  0x00, 0x00, 0x00, 0x00, 0x00, 0x00, 0x00, 0x1d, 0x00, 0xf7, 0x00, 0x2b,
  0x00, 0x00, 0x00, 0x00, 0x00, 0x00, 0x00, 0x25, 0x00, 0x00, 0x00, 0x00,
  0xf6, 0x00, 0x00, 0x00, 0xde, 0xfe, 0x00, 0x28, 0x12, 0x00, 0x00, 0x00,
  0x00, 0x00, 0x00, 0xef, 0x00, 0x00, 0x00, 0x20, 0x00, 0x00, 0x00, 0x30,
  0x24, 0x00, 0x00, 0xf8, 0x00, 0x00, 0x00, 0x00, 0x00, 0x00, 0x00, 0x00,
  0x00, 0x00, 0x00, 0x00, 0x00, 0x00, 0x26, 0x00, 0x00, 0x00, 0x11, 0x00,
  0x3e, 0x00, 0x00, 0xf8, 0x1d, 0x00, 0x36, 0x00, 0xd9, 0x00, 0x0d, 0x00,
  0x31, 0x00, 0x00, 0x00, 0x00, 0x00, 0x00, 0x00, 0x00, 0x00, 0x00, 0x00,
  0x00, 0x00, 0x00, 0x00, 0x00, 0x00, 0x00, 0x00, 0x00, 0x00, 0x00, 0x00,
  0x00, 0x00, 0x00, 0xf2, 0x00, 0x00, 0x00, 0x00, 0x00, 0x00, 0x00, 0x00,
  0x00, 0x00, 0x00, 0x00, 0x00, 0x01, 0x00, 0x00, 0x00, 0xec, 0x00, 0x00,
  0x00, 0x00, 0x00, 0xed, 0x00, 0xff, 0x00, 0x00, 0x12, 0xed, 0x00, 0x00,
  0x1b, 0x00, 0x00, 0x00, 0xe5, 0x00, 0x00, 0x00, 0x00, 0x00, 0xde, 0x00,
  0x00, 0x00, 0x00, 0x00, 0xe0, 0x00, 0xde, 0x00, 0x00, 0x17, 0xdb, 0x00,
  0x00, 0x00, 0x14, 0x00, 0xe8, 0x00, 0x00, 0x00, 0x00, 0xd7, 0x00, 0x00,
  0x00, 0x00, 0x00, 0xe3, 0x00, 0x00, 0xe5, 0x00, 0x00, 0xea, 0x00, 0x00,
  0x00, 0x00, 0x00, 0xe4, 0x00, 0x00, 0x00, 0x00, 0x00, 0xc6, 0x00, 0x00,
  0xe2, 0x00, 0x00, 0xc0, 0x00, 0x2d, 0x00, 0x00, 0x1e, 0x00, 0xdb, 0xf6,
  0x00, 0x00, 0x1a, 0x00, 0xc5, 0x00, 0x00, 0x00, 0x00, 0x00, 0xe1, 0x00,
  0x19, 0x2a, 0x10, 0x1d, 0xe6, 0x00, 0x00, 0x1c, 0x00, 0x00, 0xdd, 0x00,
  0x23, 0x27, 0x00, 0x00, 0xd9, 0x00, 0x00, 0x20, 0x12, 0x00, 0x00, 0x00,
  0x00, 0x00, 0x00, 0x00, 0x00, 0x00, 0x00, 0x1d, 0x00, 0x00, 0x00, 0x00,
  0x00, 0x21, 0x00, 0x00, 0x00, 0x00, 0x00, 0x00, 0x00, 0x00, 0x00, 0xf4,
  0x00, 0x00, 0x00, 0x00, 0x00, 0x00, 0x00, 0x00, 0x00, 0x00, 0x00, 0x00,
  0x00, 0x00, 0x00, 0x00, 0x00, 0x00, 0x00, 0x00, 0x00, 0x00, 0x00, 0x00,
  0x00, 0x00, 0x00, 0x00, 0x00, 0x00, 0x00, 0x00, 0x00, 0x00, 0x00, 0x00,
  0x00, 0x00, 0x00, 0x00, 0x00, 0x00, 0xee, 0x22, 0x0e, 0x00, 0x00, 0x00,
  0x00, 0x00, 0x00, 0x00, 0xd8, 0x00, 0xe0, 0x00, 0x00, 0x00, 0xd8, 0x00,
  0x00, 0x2a, 0x00, 0x00, 0xde, 0x00, 0x00, 0x00, 0xda, 0x00, 0x00, 0x00,
  0x00, 0x29, 0x00, 0x00, 0x00, 0x2c, 0x00, 0x1d, 0x00, 0x00, 0x00, 0x00,
  0x00, 0x00, 0x00, 0x00, 0x00, 0x00, 0x00, 0x35, 0x00, 0x11, 0xc9, 0x00,
  0x00, 0x00, 0x00, 0x00, 0x00, 0x00, 0x00, 0x00, 0x1f, 0x00, 0x00, 0x2c,
  0x00, 0x00, 0x00, 0xf0, 0x00, 0x00, 0x00, 0x00, 0x00, 0x00, 0xdb, 0x27,
  0x00, 0x00, 0x00, 0x00, 0xea, 0x23, 0x00, 0xe8, 0x00, 0x17, 0xd7, 0x2f,
  0x00, 0x00, 0x23, 0x13, 0x00, 0x00, 0x00, 0x00, 0x18, 0x00, 0x00, 0x27,
  0x00, 0x00, 0x00, 0x00, 0x00, 0x00, 0x00, 0x00, 0x00, 0x03, 0x00, 0x00,
  0x22, 0x00, 0x00, 0x0f, 0x00, 0x00, 0x00, 0x00, 0x00, 0x08, 0xd9, 0x00,
  0x1a, 0x00, 0x20, 0x00, 0xdf, 0x00, 0x00, 0x00, 0x37, 0x00, 0x00, 0x00,
  0x00, 0xe9, 0x28, 0x00, 0x00, 0x00, 0x00, 0xec, 0x00, 0x00, 0x00, 0x00,
  0x00, 0xec, 0x2a, 0x00, 0x0e, 0x00, 0x00, 0xdb, 0x00, 0x00, 0x00, 0x00,
  0x00, 0x00, 0x28, 0x00, 0x00, 0x00, 0x00, 0xde, 0x00, 0x00, 0x00, 0x00,
  0x00, 0xeb, 0x2a, 0x00, 0x00, 0x00, 0x00, 0x00, 0x00, 0x00, 0x00, 0x00,
  0x00, 0x00, 0x30, 0x00, 0x00, 0x00, 0xdb, 0xe9, 0x2e, 0xe9, 0x00, 0x00,
  0x00, 0x00, 0x00, 0xe0, 0x00, 0x00, 0x00, 0x00, 0x00, 0xec, 0x00, 0x00,
  0x00, 0x00, 0x00, 0xe0, 0xc8, 0x1f, 0x00, 0xeb, 0x3c, 0x00, 0x00, 0x00,
  0x00, 0x00, 0x00, 0xe2, 0xcc, 0x00, 0x00, 0x00, 0x00, 0x00, 0xce, 0x00,
  0x00, 0x00, 0x44, 0x00, 0x00, 0x00, 0x00, 0x00, 0x39, 0x00, 0x00, 0x00,
  0x00, 0x00, 0x3a, 0x00, 0xdc, 0x00, 0x00, 0x1d, 0x00, 0x00, 0x00, 0x00,
  0x00, 0x1f, 0x00, 0x00, 0x00, 0x00, 0x00, 0x00, 0x00, 0x00, 0xe2, 0x00,
  0x00, 0x18, 0x2d, 0x00, 0x00, 0x00, 0x00, 0x15, 0x27, 0x00, 0x00, 0x00,
  0xe5, 0x00, 0x00, 0x00, 0x00, 0x00, 0x00, 0x00, 0x24, 0x00, 0xdf, 0x21,
  0x00, 0x00, 0x33, 0xd2, 0x00, 0x00, 0x00, 0x00, 0x00, 0xd5, 0x00, 0x00,
  0xe9, 0x00, 0x00, 0xed, 0x00, 0x00, 0x00, 0x00, 0x00, 0x00, 0x00, 0x00,
  0xef, 0x00, 0x00, 0x00, 0x00, 0x00, 0x00, 0x15, 0x00, 0x00, 0x00, 0x00,
  0x00, 0x00, 0x00, 0x00, 0x00, 0x00, 0x25, 0x00, 0x00, 0xd7, 0x00, 0xd6,
  0x00, 0x00, 0x00, 0x00, 0xe3, 0xd9, 0x00, 0x00, 0x00, 0x00, 0x00, 0x00,
  0x00, 0x18, 0x00, 0x00, 0x00, 0xe8, 0x00, 0x00, 0x00, 0xea, 0x00, 0xda,
  0x00, 0x00, 0x00, 0xe5, 0x00, 0x00, 0x00, 0x00, 0x27, 0xf0, 0xd5, 0x00,
  0x00, 0x00, 0x00, 0x00, 0x00, 0x00, 0x2b, 0x00, 0x00, 0x00, 0x00, 0xe9,
  0x00, 0x00, 0x00, 0xc8, 0xc8, 0x00, 0x00, 0x00, 0x16, 0xbf, 0x00, 0x00,
  0x00, 0x00, 0x2f, 0xdf, 0x00, 0x00, 0x00, 0x00, 0x00, 0x00, 0x00, 0x00,
  0x00, 0x00, 0x2a, 0x00, 0x00, 0x00, 0x00, 0x00, 0x21, 0xd4, 0x00, 0x1d,
  0x00, 0x00, 0x00, 0xda, 0x00, 0x00, 0x1d, 0x00, 0x1e, 0xd9, 0x00, 0x00,
  0x00, 0xe6, 0x00, 0x00, 0xb7, 0x00, 0x00, 0x00, 0x00, 0x00, 0xc9, 0x2f,
  0x00, 0x00, 0x00, 0x00, 0x00, 0x26, 0x00, 0x00, 0x25, 0x00, 0xbe, 0x2c,
  0x00, 0x00, 0x2b, 0x00, 0xc8, 0x00, 0x00, 0x00, 0x2c, 0x00, 0xd1, 0x28,
  0x00, 0x1d, 0x1f, 0x00, 0xc4, 0x00, 0x00, 0x24, 0x00, 0x00, 0x00, 0x00,
  0x00, 0x00, 0x00, 0x14, 0x00, 0x00, 0xea, 0x00, 0x00, 0x00, 0x00, 0x00,
  0x00, 0x00, 0x00, 0x22, 0xc7, 0x00, 0xf0, 0x00, 0x21, 0x00, 0xc3, 0x25,
  0x00, 0x00, 0x00, 0x00, 0xcd, 0x00, 0x00, 0x1e, 0x00, 0x00, 0x00, 0x00,
  0x00, 0x00, 0x00, 0x00, 0x00, 0x00, 0x00, 0x00, 0x00, 0x00, 0x00, 0x00,
  0x00, 0x00, 0xdc, 0xea, 0x00, 0x00, 0x00, 0x00, 0xde, 0x1c, 0x00, 0x28,
  0x00, 0x00, 0x00, 0x18, 0xe7, 0x26, 0x00, 0x18, 0x00, 0x00, 0xe7, 0x00,
  0x00, 0x00, 0x00, 0x00, 0x00, 0x27, 0x00, 0x00, 0x00, 0x00, 0x00, 0x00,
  0x00, 0x00, 0x00, 0x00, 0x00, 0x00, 0x20, 0x2a, 0xec, 0x00, 0x00, 0x00,
  0x00, 0x00, 0x00, 0x00, 0x00, 0x00, 0x1e, 0x00, 0x00, 0x00, 0xcf, 0x00,
  0x28, 0x00, 0x00, 0x00, 0x00, 0x00, 0x00, 0x00, 0x22, 0x15, 0xc7, 0x00,
  0x00, 0x00, 0x1c, 0x00, 0x00, 0x00, 0x1e, 0x00, 0x19, 0x00, 0x00, 0x00,
  0x1b, 0x00, 0x00, 0x00, 0x00, 0x00, 0x00, 0x00, 0x00, 0x00, 0x00, 0x00,
  0x00, 0x00, 0x2e, 0x00, 0x00, 0x00, 0x00, 0x00, 0x00, 0x00, 0x00, 0x00,
  0x00, 0x00, 0x00, 0x15, 0x00, 0x00, 0x00, 0x00, 0xd4, 0x00, 0x20, 0x00,
  0x00, 0x00, 0x00, 0x00, 0x00, 0x00, 0x00, 0x00, 0x00, 0x00, 0x00, 0x00,
  0x00, 0x00, 0x00, 0x00, 0x00, 0x00, 0x00, 0xef, 0x00, 0x00, 0x23, 0x00,
  0x00, 0x00, 0x00, 0x00, 0x00, 0x00, 0x00, 0x00, 0x00, 0x00, 0x00, 0x0b,
  0x00, 0x00, 0xc6, 0x00, 0x00, 0x00, 0x00, 0x00, 0xd7, 0x00, 0x00, 0x00,
  0x00, 0x00, 0xce, 0x00, 0x00, 0x13, 0xd3, 0x00, 0x00, 0x00, 0x00, 0x00,
  0x00, 0xf4, 0x00, 0x00, 0x00, 0x00, 0x00, 0x00, 0xca, 0x00, 0xf0, 0x0c,
  0x00, 0x00, 0xcc, 0x00, 0x00, 0x07, 0x00, 0xf6, 0x00, 0x00, 0x00, 0x00,
  0x00, 0x00, 0x00, 0x00, 0x00, 0x00, 0x00, 0x00, 0x00, 0x00, 0x00, 0x00,
  0x00, 0x00, 0xc1, 0x00, 0x00, 0x05, 0xca, 0x00, 0x00, 0x00, 0x00, 0x00,
  0x00, 0x00, 0x00, 0xe7, 0x00, 0x00, 0xd9, 0x00, 0x00, 0x00, 0x00, 0x00,
  0xc8, 0x00, 0x00, 0x00, 0x00, 0x00, 0x00, 0x00, 0xc0, 0x00, 0x00, 0x00,
  0xd0, 0x00, 0x00, 0x00, 0x00, 0x0a, 0x00, 0x00, 0x00, 0x00, 0x00, 0x00,
  0x00, 0x00, 0xcb, 0x00, 0x00, 0x00, 0xd5, 0x00, 0xd1, 0x00, 0x00, 0x08,
  0x00, 0x00, 0x00, 0x00, 0x00, 0x16, 0x00, 0x00, 0x00, 0xe0, 0x00, 0x00,
  0x00, 0x00, 0x00, 0x00, 0x00, 0x11, 0xcb, 0x00, 0x00, 0x00, 0x00, 0x00,
  0x00, 0x00, 0xcc, 0x00, 0x00, 0x00, 0x00, 0x00, 0x00, 0x00, 0xe2, 0x00,
  0x00, 0x00, 0x00, 0x00, 0x00, 0x00, 0x00, 0x00, 0xca, 0x00, 0x00, 0x00,
  0x00, 0x00, 0x00, 0x00, 0x00, 0x00, 0x00, 0x00, 0x00, 0x00, 0x11, 0x00,
  0x00, 0x00, 0x00, 0xc3, 0x00, 0x00, 0x00, 0x00, 0xcd, 0xd9, 0x00, 0x00,
  0x00, 0x00, 0xc2, 0x00, 0x00, 0x00, 0x00, 0x00, 0xd2, 0x00, 0x00, 0x00,
  0x00, 0x00, 0x00, 0x00, 0x00, 0x00, 0x00, 0x00, 0x00, 0x00, 0x00, 0x00,
  0x00, 0x00, 0x00, 0x00, 0x00, 0x00, 0x00, 0x00, 0x00, 0x00, 0x00, 0x12,
  0x08, 0x00, 0x00, 0x00, 0x24, 0x00, 0x00, 0xf9, 0x00, 0x00, 0x29, 0x14,
  0x00, 0xf1, 0x00, 0xbc, 0x00, 0x13, 0x00, 0x00, 0xd7, 0x00, 0x00, 0x00,
  0x00, 0x00, 0x00, 0xc5, 0x00, 0x00, 0x00, 0xe8, 0x00, 0xcb, 0x00, 0x00,
  0x00, 0x00, 0x00, 0x00, 0xf2, 0x00, 0x00, 0x00, 0x00, 0x00, 0x00, 0x00,
  0xd9, 0x00, 0xc8, 0x00, 0x00, 0x00, 0x00, 0x00, 0xce, 0x00, 0x00, 0x14,
  0x00, 0x00, 0x00, 0x00, 0x00, 0x00, 0x00, 0xea, 0x00, 0x00, 0x00, 0x00,
  0x00, 0x00, 0x00, 0x00, 0x00, 0x00, 0x00, 0x00, 0x00, 0x00, 0x00, 0xd9,
  0x00, 0x00, 0x00, 0x00, 0x00, 0x00, 0x00, 0x00, 0xd1, 0x00, 0x00, 0x00,
  0x00, 0x00, 0x00, 0x00, 0x00, 0x00, 0x00, 0xde, 0x00, 0xd6, 0x00, 0x00,
  0x00, 0x00, 0x00, 0x00, 0x00, 0x00, 0x00, 0x00, 0xd9, 0x00, 0x00, 0x18,
  0x00, 0x00, 0x00, 0x00, 0x00, 0x00, 0x00, 0x00, 0x00, 0x00, 0x00, 0x00,
  0x00, 0x00, 0x00, 0xd8, 0x00, 0x00, 0x00, 0xed, 0x00, 0xd8, 0x00, 0x00,
  0x00, 0x00, 0xc1, 0xe4, 0x00, 0x00, 0x00, 0x00, 0xc4, 0x00, 0x00, 0x00,
  0x00, 0xee, 0x00, 0xe4, 0x00, 0x00, 0xd2, 0x00, 0x00, 0xd5, 0x00, 0x00,
  0xde, 0x00, 0xc5, 0xdd, 0x00, 0x00, 0xe1, 0x00, 0x00, 0x00, 0x00, 0x00,
  0x00, 0xe4, 0x00, 0x00, 0x00, 0x00, 0x00, 0x00, 0x00, 0xd6, 0x00, 0xd9,
  0x00, 0x00, 0x00, 0x00, 0x00, 0x00, 0x00, 0x00, 0xc2, 0x00, 0x00, 0x00,
  0x00, 0x00, 0x00, 0x00, 0x00, 0x00, 0x00, 0x00, 0x00, 0x00, 0x00, 0x00,
  0x00, 0x00, 0x00, 0x00, 0x00, 0x00, 0x00, 0x00, 0x00, 0x00, 0x00, 0x00,
  0x00, 0x00, 0x00, 0x00, 0x00, 0x00, 0x00, 0x00, 0x00, 0xf0, 0x00, 0x00,
  0x00, 0x00, 0xc4, 0x00, 0x00, 0x00, 0x00, 0x00, 0xbe, 0x00, 0x00, 0x00,
  0x00, 0xef, 0xd5, 0x00, 0x00, 0x00, 0xc9, 0x00, 0xc9, 0x00, 0x00, 0x00,
  0x00, 0x00, 0xd5, 0x00, 0x00, 0xdb, 0xcd, 0x00, 0x00, 0x00, 0x00, 0x00,
  0xd1, 0x00, 0x00, 0x00, 0x00, 0x00, 0xd8, 0x00, 0x00, 0x00, 0xe9, 0x00,
  0x00, 0x00, 0x00, 0x00, 0x00, 0x00, 0xce, 0x00, 0x00, 0x00, 0x00, 0x00,
  0x00, 0x00, 0xcf, 0x00, 0x00, 0x00, 0x00, 0x00, 0x00, 0xe6, 0x00, 0x00,
  0x00, 0x00, 0x00, 0xeb, 0x00, 0x00, 0x00, 0x00, 0x00, 0xdb, 0x00, 0x00,
  0xc3, 0x00, 0x00, 0x00, 0x00, 0x00, 0xc6, 0xeb, 0x00, 0x00, 0xf9, 0x3b,
  0x00, 0x00, 0x00, 0x00, 0xe1, 0x00, 0x00, 0x00, 0x00, 0x00, 0xdd, 0x00,
  0xd7, 0x00, 0x00, 0x00, 0xd5, 0x31, 0x00, 0x00, 0x24, 0xd5, 0x00, 0x00,
  0x00, 0x00, 0x00, 0xcd, 0x00, 0x00, 0x00, 0x00, 0xf3, 0x00, 0x00, 0x00,
  0x00, 0x00, 0x00, 0x00, 0x00, 0x00, 0x00, 0x00, 0x00, 0x00, 0x00, 0x00,
  0x00, 0x00, 0x00, 0x00, 0x00, 0x00, 0x00, 0x00, 0x00, 0x00, 0x00, 0xef,
  0x00, 0x00, 0x00, 0x00, 0x00, 0x00, 0x00, 0x00, 0x00, 0x00, 0x00, 0x00,
  0x00, 0x00, 0x00, 0x00, 0x1e, 0x00, 0x00, 0x00, 0x00, 0x00, 0x1a, 0x00,
  0x00, 0x00, 0x00, 0x00, 0x00, 0x00, 0x00, 0x00, 0x00, 0x00, 0x00, 0x00,
  0x00, 0x00, 0x00, 0x00, 0x11, 0x21, 0x00, 0x00, 0x00, 0xcd, 0x00, 0x00,
  0x00, 0x00, 0x00, 0xde, 0x00, 0x00, 0x00, 0x00, 0x00, 0x00, 0x00, 0x00,
  0x00, 0x00, 0x00, 0x00, 0x00, 0x00, 0x00, 0x00, 0x28, 0xc1, 0x00, 0x00,
  0x00, 0x00, 0x00, 0x00, 0x00, 0x00, 0xce, 0x00, 0x00, 0x00, 0xe6, 0x00,
  0xcd, 0x00, 0x00, 0x00, 0x00, 0x00, 0x00, 0x00, 0x00, 0x00, 0x00, 0x00,
  0x00, 0x00, 0x00, 0x00, 0x00, 0x00, 0x00, 0x00, 0x00, 0xd2, 0x00, 0x00,
  0x00, 0x00, 0x00, 0xc9, 0x00, 0x00, 0x00, 0x00, 0x00, 0xbf, 0xe0, 0x00,
  0x00, 0x00, 0x00, 0x00, 0x00, 0xf2, 0x00, 0x00, 0x00, 0x00, 0xdf, 0x00,
  0x00, 0x00, 0x24, 0x00, 0xe2, 0x00, 0x00, 0x00, 0x38, 0x00, 0x00, 0x00,
  0x00, 0x00, 0x00, 0x00, 0x00, 0x00, 0x00, 0x00, 0x00, 0x00, 0x00, 0x00,
  0x00, 0x00, 0x00, 0x00, 0xe8, 0x00, 0x00, 0x00, 0x1a, 0x00, 0x00, 0x00,
  0x00, 0x00, 0x1e, 0xce, 0xe2, 0x00, 0x00, 0x00, 0x23, 0xcb, 0x00, 0x00,
  0x00, 0x23, 0x00, 0x00, 0xdd, 0x00, 0x00, 0x00, 0x00, 0x00, 0xe7, 0x00,
  0x00, 0x00, 0x00, 0x00, 0x00, 0x00, 0x00, 0x00, 0x00, 0x00, 0x00, 0x00,
  0xbf, 0x00, 0x00, 0x00, 0x00, 0x00, 0x00, 0x00, 0x00, 0x00, 0x00, 0x00,
  0x00, 0x22, 0x00, 0x00, 0x00, 0x00, 0x00, 0x00, 0x00, 0x00, 0x00, 0x00,
  0x00, 0x00, 0x00, 0x00, 0x00, 0x00, 0x00, 0x00, 0x00, 0x00, 0xeb, 0x16,
  0xc5, 0x00, 0x00, 0x00, 0xf1, 0x00, 0x00, 0x00, 0x00, 0x00, 0x00, 0x00,
  0x00, 0x00, 0x00, 0x00, 0x00, 0x00, 0x00, 0xec, 0x00, 0x00, 0x00, 0x00,
  0x00, 0x00, 0x00, 0xe9, 0x00, 0x00, 0x00, 0x00, 0x00, 0xd3, 0x00, 0x00,
  0x00, 0x00, 0x00, 0xbb, 0x00, 0x00, 0xcf, 0x00, 0x00, 0x00, 0x00, 0x1d,
  0x00, 0x00, 0x00, 0x00, 0x00, 0x00, 0x00, 0x00, 0x00, 0x00, 0x00, 0x00,
  0x00, 0x00, 0x00, 0x00, 0x00, 0x00, 0x00, 0x00, 0x00, 0x00, 0x00, 0xf1,
  0xd0, 0x00, 0x00, 0xde, 0x00, 0x00, 0x00, 0x00, 0x00, 0xde, 0x00, 0x23,
  0x00, 0xf5, 0x00, 0xdf, 0x00, 0x00, 0x00, 0x00, 0x00, 0x00, 0x00, 0x00,
  0x00, 0x00, 0x00, 0x00, 0x00, 0x00, 0x00, 0x00, 0x00, 0x00, 0xd5, 0x00,
  0x00, 0xf4, 0x24, 0x00, 0x00, 0x00, 0x00, 0x00, 0x1f, 0x00, 0x00, 0xf6,
  0x00, 0x00, 0x00, 0x00, 0xf4, 0x00, 0x00, 0x00, 0x31, 0x00, 0x00, 0x00,
  0x00, 0xe6, 0x00, 0x00, 0x00, 0x00, 0x00, 0x00, 0x22, 0x00, 0x00, 0x00,
  0x00, 0xf3, 0x32, 0xdd, 0x00, 0x00, 0x00, 0x00, 0x00, 0x00, 0x00, 0xea,
  0xd1, 0x00, 0x00, 0x00, 0xe5, 0xe9, 0x00, 0xf0, 0x00, 0xed, 0xdc, 0x00,
  0xdd, 0xe9, 0x16, 0x00, 0xe4, 0x00, 0xe3, 0x00, 0x00, 0x00, 0xde, 0x00,
  0x00, 0x00, 0x1e, 0x00, 0xf2, 0x00, 0xc3, 0x00, 0x00, 0x00, 0xe2, 0x00,
  0xd4, 0x00, 0x00, 0x00, 0xe4, 0x00, 0xcc, 0x00, 0x00, 0x00, 0x00, 0x00,
  0xd7, 0x00, 0x00, 0x00, 0x00, 0xe6, 0x00, 0x00, 0x00, 0x00, 0x00, 0x00,
  0xd7, 0x27, 0x00, 0x00, 0x00, 0x00, 0xcc, 0x00, 0x00, 0x00, 0x00, 0x00,
  0x00, 0x00, 0x00, 0x00, 0x00, 0xeb, 0xd2, 0x00, 0x00, 0x00, 0x00, 0x00,
  0xcc, 0x00, 0x00, 0x00, 0x00, 0x00, 0xbe, 0x00, 0x00, 0x00, 0x00, 0x00,
  0x00, 0x00, 0x00, 0xb7, 0x00, 0x00, 0x00, 0x00, 0x00, 0xbc, 0x00, 0x00,
  0xc4, 0x00, 0x00, 0xd0, 0x00, 0x00, 0x00, 0x00, 0x00, 0x00, 0x00, 0x00,
  0xc7, 0x00, 0x00, 0x00, 0x00, 0xec, 0xb4, 0x00, 0x00, 0x00, 0x00, 0x00,
  0x00, 0x00, 0x00, 0x00, 0x00, 0x00, 0x00, 0x00, 0x00, 0x00, 0x00, 0x00,
  0x00, 0xca, 0x00, 0xed, 0x00, 0x00, 0xed, 0x00, 0x00, 0x00, 0x00, 0x2f,
  0x00, 0x00, 0xed, 0x00, 0x00, 0x00, 0x00, 0x00, 0x00, 0x00, 0x00, 0x00,
  0x00, 0x00, 0x00, 0x00, 0x00, 0x00, 0x00, 0x00, 0x00, 0x00, 0x00, 0x00,
  0x00, 0x00, 0x00, 0x00, 0x00, 0x00, 0xed, 0x00, 0x00, 0x00, 0x00, 0x00,
  0x00, 0x12, 0x00, 0x00, 0x00, 0x00, 0x00, 0x00, 0x00, 0x00, 0x00, 0x00,
  0x00, 0x00, 0x00, 0x00, 0x00, 0xf9, 0x00, 0x00, 0xf2, 0x00, 0x00, 0x00,
  0x00, 0x00, 0x00, 0x00, 0x00, 0x00, 0x00, 0x00, 0x00, 0x00, 0x00, 0x00,
  0x25, 0x00, 0x00, 0x00, 0x00, 0x00, 0x00, 0x00, 0x00, 0x00, 0x00, 0x00,
  0x00, 0x00, 0x00, 0x20, 0x00, 0x00, 0x00, 0x00, 0x00, 0x00, 0x00, 0x00,
  0x00, 0x00, 0x00, 0x00, 0x00, 0x00, 0x00, 0x00, 0x00, 0x00, 0x00, 0x00,
  0x00, 0x00, 0x00, 0x00, 0x00, 0x00, 0x00, 0x00, 0x00, 0xe0, 0x00, 0x28,
  0xf1, 0x00, 0x00, 0xe4, 0x00, 0x00, 0x00, 0x00, 0xe6, 0xea, 0x00, 0x00,
  0x00, 0x00, 0x00, 0x00, 0x00, 0x00, 0x00, 0x00, 0x00, 0x00, 0x00, 0x2c,
  0x00, 0x00, 0x00, 0x00, 0x00, 0x00, 0x25, 0x00, 0xf1, 0x18, 0x00, 0x00,
  0x00, 0x00, 0x00, 0x00, 0x00, 0x00, 0x00, 0x00, 0x00, 0x22, 0x00, 0x00,
  0x00, 0x00, 0x00, 0x00, 0x00, 0x00, 0x00, 0x00, 0x00, 0x00, 0x00, 0x00,
  0x00, 0x00, 0x00, 0x00, 0x00, 0xf0, 0x00, 0x00, 0x00, 0x00, 0x00, 0x00,
  0x00, 0x00, 0x00, 0x00, 0x12, 0x00, 0x00, 0x00, 0x00, 0x00, 0x00, 0x00,
  0x00, 0x00, 0x00, 0x00, 0x00, 0x00, 0x00, 0x00, 0x00, 0x00, 0x00, 0x00,
  0x00, 0x00, 0x00, 0x00, 0x00, 0x00, 0x29, 0x00, 0x00, 0x00, 0x00, 0x00,
  0x2b, 0xd7, 0xe9, 0x00, 0x00, 0x00, 0x00, 0x00, 0x00, 0x2f, 0x00, 0x00,
  0x00, 0x00, 0x00, 0x00, 0x00, 0x00, 0x00, 0x00, 0x00, 0x00, 0x00, 0x00,
  0x00, 0x00, 0xf9, 0x00, 0x00, 0x00, 0x00, 0x00, 0xf5, 0xde, 0xcb, 0x00,
  0x00, 0x00, 0x00, 0x00, 0x00, 0x00, 0x00, 0x00, 0x00, 0xe4, 0x00, 0x00,
  0x00, 0x00, 0x00, 0xec, 0x00, 0x00, 0x00, 0x00, 0x00, 0x00, 0x00, 0x00,
  0x2e, 0x00, 0x00, 0x00, 0x00, 0x00, 0x00, 0x00, 0x00, 0x00, 0x00, 0x23,
  0x00, 0x00, 0x00, 0x00, 0x00, 0x00, 0x00, 0x00, 0xfc, 0x00, 0x00, 0x00,
  0x00, 0x00, 0x00, 0x2d, 0x00, 0x00, 0x00, 0x00, 0x00, 0x00, 0x00, 0x00,
  0x00, 0x00, 0xef, 0x00, 0x00, 0x00, 0x00, 0x00, 0x00, 0x00, 0x00, 0x00,
  0x00, 0x00, 0x00, 0x00, 0x00, 0x00, 0x00, 0x00, 0x00, 0x00, 0x00, 0x00,
  0x00, 0x00, 0x00, 0x00, 0xd5, 0x00, 0x00, 0x00, 0x00, 0x00, 0x00, 0x00,
  0x00, 0x00, 0xf9, 0x00, 0x00, 0x00, 0x23, 0xd1, 0x00, 0x00, 0x00, 0x00,
  0x23, 0xd3, 0x00, 0x00, 0xd3, 0x00, 0x00, 0x00, 0xfe, 0x00, 0x00, 0x00,
  0x00, 0x00, 0xe6, 0x00, 0x00, 0x00, 0x27, 0x00, 0x00, 0x00, 0x00, 0x00,
  0x00, 0x00, 0x00, 0xf2, 0x00, 0xe5, 0x00, 0x00, 0x00, 0xe2, 0x00, 0x00,
  0x00, 0xc6, 0xfb, 0xea, 0x00, 0x00, 0x00, 0x00, 0x00, 0xd9, 0x00, 0x00,
  0x00, 0xd5, 0x2d, 0xdc, 0x00, 0x00, 0x00, 0x00, 0x00, 0x00, 0x00, 0x00,
  0x00, 0xc2, 0x00, 0x00, 0xd0, 0x00, 0x00, 0xc4, 0x00, 0x00, 0x00, 0x00,
  0x20, 0xc9, 0x00, 0x00, 0x00, 0x00, 0x00, 0x00, 0x31, 0x00, 0x00, 0x00,
  0x00, 0xcf, 0x00, 0x00, 0x00, 0x00, 0x00, 0x00, 0x00, 0x00, 0x00, 0x00,
  0x00, 0x00, 0x00, 0x00, 0x00, 0x00, 0x00, 0x00, 0x00, 0x00, 0x00, 0x00,
  0x00, 0xcd, 0x00, 0x00, 0x00, 0x00, 0x00, 0x00, 0xfa, 0x00, 0x00, 0x00,
  0x00, 0x00, 0x00, 0x00, 0xbd, 0x00, 0xe9, 0xd1, 0x00, 0x00, 0xdf, 0x00,
  0x00, 0x00, 0x00, 0x00, 0x00, 0x00, 0xe9, 0x00, 0x00, 0x00, 0xd4, 0x00,
  0x00, 0x00, 0x00, 0x00, 0xda, 0xda, 0x00, 0x00, 0x00, 0x00, 0xc8, 0x00,
  0x00, 0x00, 0x00, 0x00, 0x00, 0x00, 0x00, 0x00, 0x00, 0x00, 0xd0, 0x00,
  0x00, 0x00, 0xea, 0xf0, 0x00, 0xce, 0x00, 0x00, 0x00, 0x00, 0x00, 0x00,
  0x00, 0x00, 0x00, 0x00, 0x00, 0x00, 0x00, 0x00, 0xf4, 0x00, 0x00, 0x00,
  0x00, 0x00, 0x00, 0x00, 0x00, 0xd3, 0x00, 0x00, 0x00, 0x00, 0x00, 0xcf,
  0x00, 0x00, 0x00, 0x00, 0x00, 0x00, 0x00, 0xc3, 0x00, 0xa0, 0x00, 0x00,
  0x00, 0x00, 0x00, 0xd0, 0x00, 0x00, 0x00, 0x00, 0x00, 0xd7, 0x00, 0x00,
  0x00, 0x00, 0x00, 0xcc, 0x00, 0x00, 0x00, 0x00, 0x00, 0x00, 0xf4, 0x00,
  0x00, 0x00, 0x00, 0x00, 0xe9, 0x2c, 0x00, 0x00, 0x00, 0xc0, 0xe0, 0x00,
  0x00, 0x32, 0x00, 0x00, 0x00, 0x00, 0x00, 0x33, 0x00, 0x00, 0x00, 0x00,
  0xc7, 0x27, 0xf0, 0x00, 0x00, 0x00, 0x00, 0x00, 0x00, 0xb7, 0x00, 0x30,
  0xd0, 0x00, 0x31, 0xc4, 0x00, 0x00, 0xd3, 0x00, 0x00, 0xb2, 0x00, 0x00,
  0xdb, 0x00, 0x00, 0xb8, 0x00, 0x30, 0xce, 0x00, 0x00, 0xb8, 0x00, 0x00,
  0x00, 0x00, 0x00, 0xbf, 0x00, 0x2d, 0x00, 0x00, 0x00, 0x00, 0x3d, 0x00,
  0x00, 0x00, 0x00, 0xbe, 0x34, 0x00, 0x00, 0x00, 0x00, 0xc0, 0x00, 0x2a,
  0x00, 0x00, 0x00, 0x00, 0x00, 0x00, 0x00, 0x00, 0x00, 0xac, 0x00, 0x00,
  0x00, 0xda, 0x00, 0x00, 0x00, 0x00, 0x00, 0x00, 0x00, 0x00, 0x00, 0x00,
  0x00, 0x00, 0x00, 0x00, 0x00, 0x00, 0x00, 0x00, 0x00, 0xb9, 0x00, 0x2b,
  0xe4, 0x00, 0x00, 0xbb, 0x00, 0x00, 0x00, 0x00, 0x00, 0x00, 0x00, 0x00,
  0x00, 0x00, 0x00, 0x00, 0x00, 0x00, 0x00, 0x00, 0x00, 0x00, 0x00, 0x00,
  0x00, 0x00, 0x29, 0x00, 0x00, 0x00, 0x00, 0x00, 0x00, 0x00, 0x00, 0x17,
  0xfb, 0x00, 0x00, 0x00, 0x2c, 0x00, 0x00, 0x00, 0x17, 0x00, 0x00, 0x00,
  0xfb, 0x00, 0x00, 0x00, 0x00, 0x00, 0xf9, 0x00, 0x23, 0x00, 0x00, 0x00,
  0x00, 0x00, 0x1e, 0xb2, 0x00, 0x00, 0x00, 0x00, 0x00, 0x00, 0x00, 0x00,
  0xf3, 0xd6, 0x00, 0xc5, 0x00, 0x00, 0x00, 0x00, 0x00, 0xbd, 0x00, 0x00,
  0xee, 0x00, 0x00, 0xa6, 0x00, 0x1a, 0xef, 0xdc, 0x00, 0xb2, 0x00, 0x00,
  0x00, 0x00, 0x20, 0xb8, 0x00, 0x21, 0x00, 0x00, 0xed, 0x81, 0x00, 0x00,
  0x00, 0x00, 0x00, 0x00, 0x00, 0x00, 0x00, 0x00, 0x00, 0x00, 0x00, 0x00,
  0x00, 0x00, 0x00, 0x00, 0x00, 0x00, 0xdd, 0x00, 0x00, 0x00, 0x00, 0x00,
  0x00, 0x00, 0x00, 0x00, 0x00, 0x00, 0x00, 0x00, 0x00, 0xa5, 0x00, 0x00,
  0x00, 0x00, 0x00, 0xa5, 0x00, 0x00, 0x00, 0x00, 0x00, 0x00, 0x00, 0x00,
  0x00, 0x00, 0x00, 0xa2, 0x00, 0xf2, 0x00, 0xeb, 0x00, 0x00, 0x00, 0x00,
  0x00, 0x00, 0x00, 0x00, 0x00, 0x00, 0x00, 0x00, 0x00, 0x00, 0x00, 0x00,
  0x00, 0x00, 0x00, 0xb0, 0x00, 0x00, 0x00, 0x00, 0x00, 0xb0, 0x00, 0x00,
  0x00, 0x00, 0xed, 0x00, 0x00, 0x00, 0x00, 0xd5, 0x00, 0x00, 0x00, 0x00,
  0x00, 0xd7, 0x00, 0x99, 0x00, 0x00, 0x00, 0x00, 0x00, 0x93, 0x00, 0x00,
  0x00, 0x00, 0x00, 0xa6, 0x00, 0x00, 0xda, 0x00, 0xe7, 0xb7, 0xf5, 0x00,
  0xe4, 0x00, 0x00, 0xae, 0xfa, 0x00, 0x00, 0x00, 0x00, 0x00, 0x00, 0x00,
  0x00, 0x00, 0x00, 0x00, 0x00, 0x00, 0x00, 0x18, 0x00, 0x00, 0x02, 0x00,
  0x00, 0x1a, 0x24, 0x00, 0xfe, 0x00, 0x00, 0x24, 0x00, 0x00, 0xed, 0x00,
  0x00, 0x00, 0x00, 0x00, 0x01, 0x00, 0x00, 0x00, 0x1c, 0xb1, 0x00, 0x00,
  0x00, 0x19, 0x00, 0xab, 0x00, 0x00, 0x00, 0x00, 0x00, 0xc3, 0x00, 0xf2,
  0x00, 0x00, 0x00, 0xc9, 0x00, 0x00, 0x00, 0x00, 0x00, 0x00, 0x00, 0x00,
  0x00, 0x00, 0x00, 0xb3, 0xf3, 0x00, 0xda, 0x00, 0x23, 0xc1, 0x00, 0x2b,
  0x00, 0x1a, 0x22, 0xa6, 0x00, 0x00, 0xe2, 0x00, 0xee, 0xaa, 0x00, 0x00,
  0x00, 0x00, 0x00, 0xbc, 0x00, 0x00, 0xd6, 0x00, 0x00, 0xb5, 0x00, 0x00,
  0xe0, 0x00, 0x00, 0xbe, 0x00, 0x00, 0x00, 0x00, 0x00, 0x00, 0x00, 0x00,
  0x00, 0x00, 0x00, 0x00, 0x00, 0x00, 0x00, 0x00, 0x00, 0x00, 0x00, 0x00,
  0x00, 0x00, 0x00, 0x00, 0x00, 0x00, 0xe9, 0x00, 0x00, 0x00, 0x00, 0x00,
  0x00, 0x00, 0x00, 0x00, 0x4e, 0x00, 0x00, 0x00, 0x00, 0x00, 0x38, 0x00,
  0x00, 0x00, 0x1b, 0x00, 0x40, 0x00, 0x00, 0x00, 0x00, 0xc3, 0x3b, 0x00,
  0x00, 0xdf, 0x1d, 0xc8, 0x00, 0x00, 0x00, 0x00, 0x1a, 0x00, 0x00, 0x00,
  0x00, 0xdb, 0x00, 0x00, 0x00, 0x00, 0x00, 0xc6, 0x00, 0x00, 0x35, 0x29,
  0x00, 0xd4, 0x00, 0x00, 0x31, 0x00, 0x00, 0xd9, 0x00, 0xbf, 0x00, 0x00,
  0x00, 0xd5, 0x00, 0x00, 0x00, 0x2d, 0x00, 0xdd, 0xed, 0x00, 0x25, 0x00,
  0x00, 0xdd, 0x00, 0xb4, 0x00, 0x00, 0x00, 0x00, 0x00, 0xd6, 0x00, 0x00,
  0x00, 0x00, 0x00, 0x00, 0x00, 0xd6, 0x00, 0x00, 0x00, 0x00, 0x00, 0x00,
  0x00, 0x00, 0x00, 0x00, 0x00, 0x00, 0x00, 0x00, 0x00, 0x00, 0x00, 0x00,
  0x00, 0x00, 0x00, 0x00, 0x00, 0x0c, 0x00, 0x00, 0x00, 0x00, 0x00, 0x00,
  0x00, 0x00, 0x00, 0x00, 0xe4, 0x00, 0x00, 0x00, 0x00, 0x00, 0xe7, 0x00,
  0x00, 0x00, 0x00, 0x00, 0x00, 0x00, 0x00, 0x00, 0x00, 0x00, 0x00, 0x0c,
  0x00, 0xd2, 0x00, 0x00, 0x00, 0x00, 0x00, 0x00, 0x00, 0x00, 0xe8, 0x00,
  0x00, 0x08, 0x00, 0x00, 0x00, 0x00, 0x00, 0x00, 0x00, 0x00, 0x00, 0xd1,
  0x00, 0x00, 0x00, 0x00, 0x00, 0x00, 0x24, 0x00, 0x27, 0x00, 0x00, 0x00,
  0x00, 0x00, 0x00, 0x00, 0xe1, 0x00, 0x00, 0x00, 0x00, 0x00, 0x00, 0xd1,
  0x00, 0x00, 0x00, 0x00, 0x00, 0x00, 0x00, 0x00, 0x00, 0x00, 0x00, 0x00,
  0x1b, 0x00, 0x00, 0x00, 0xe5, 0x00, 0x00, 0x00, 0x00, 0x00, 0xe3, 0x00,
  0x00, 0x00, 0x00, 0x00, 0x00, 0x00, 0x00, 0x00, 0x00, 0x00, 0xe0, 0x00,
  0x00, 0x00, 0x00, 0x00, 0xe0, 0x00, 0x00, 0x00, 0x18, 0xe1, 0xde, 0x00,
  0x00, 0x00, 0x00, 0x00, 0xd1, 0x00, 0x1b, 0x00, 0x00, 0x00, 0xe0, 0x00,
  0x00, 0x00, 0x00, 0x00, 0x00, 0x00, 0x00, 0x00, 0x00, 0x00, 0xef, 0x00,
  0x00, 0x00, 0x00, 0x00, 0x00, 0x00, 0x00, 0x0b, 0x00, 0x00, 0x00, 0x00,
  0x00, 0x07, 0x00, 0x00, 0x00, 0x00, 0x00, 0x00, 0x00, 0x00, 0xf0, 0x00,
  0x00, 0x00, 0x00, 0x00, 0x00, 0x00, 0x00, 0x00, 0x00, 0x00, 0x00, 0x00,
  0x00, 0x00, 0x00, 0x00, 0x00, 0x00, 0x00, 0x00, 0x00, 0x00, 0x00, 0x00,
  0x2a, 0x11, 0x00, 0x00, 0xf3, 0x00, 0x00, 0x00, 0x00, 0x00, 0x00, 0x00,
  0x00, 0x00, 0x12, 0x00, 0x00, 0x00, 0x00, 0x00, 0x00, 0x00, 0x00, 0x08,
  0x25, 0x00, 0x00, 0x00, 0xe9, 0x0b, 0x25, 0x00, 0x00, 0x00, 0x00, 0x00,
  0x00, 0x00, 0x00, 0x00, 0x00, 0x00, 0x00, 0x06, 0x00, 0x00, 0x00, 0x00,
  0x00, 0x00, 0x00, 0x00, 0x00, 0x00, 0x00, 0xd3, 0x00, 0x00, 0x00, 0x00,
  0x2d, 0x00, 0x00, 0x00, 0x14, 0x00, 0x25, 0x00, 0x00, 0x00, 0x00, 0x00,
  0x2d, 0x00, 0x00, 0x00, 0x00, 0xd8, 0x30, 0x00, 0x00, 0x00, 0x00, 0x00,
  0x00, 0x06, 0x00, 0x00, 0x00, 0x00, 0x00, 0x00, 0x00, 0x00, 0x00, 0x00,
  0x3a, 0x00, 0x00, 0x00, 0x00, 0x00, 0x33, 0x00, 0x00, 0x00, 0x00, 0x00,
  0x42, 0x00, 0x00, 0x00, 0x00, 0xd8, 0x00, 0x00, 0x00, 0x00, 0x00, 0x00,
  0x30, 0x00, 0x00, 0x00, 0x00, 0x00, 0x00, 0x00, 0x00, 0x00, 0x00, 0x00,
  0x3b, 0x00, 0x00, 0x00, 0x00, 0x00, 0x00, 0x00, 0x00, 0x00, 0x00, 0x00,
  0x00, 0x00, 0x17, 0x00, 0xe9, 0x00, 0x37, 0x00, 0x1f, 0x00, 0x00, 0x00,
  0x00, 0x00, 0x00, 0xe2, 0x00, 0x00, 0x00, 0x00, 0x00, 0x00, 0x00, 0x00,
  0x00, 0x00, 0x00, 0x00, 0x00, 0x00, 0x00, 0x00, 0x00, 0x00, 0x00, 0x00,
  0x32, 0x00, 0x00, 0x00, 0x00, 0x0f, 0x2d, 0xd2, 0x00, 0x00, 0x00, 0x00,
  0x00, 0x00, 0x00, 0x00, 0x00, 0x00, 0x00, 0x00, 0x1d, 0x00, 0x00, 0x00,
  0x00, 0x00, 0x00, 0x00, 0x00, 0x00, 0x26, 0x00, 0x00, 0x1d, 0x00, 0x13,
  0x00, 0xd4, 0x00, 0x00, 0xed, 0x00, 0x2d, 0x00, 0x00, 0x00, 0x00, 0x0b,
  0x00, 0x00, 0x10, 0x00, 0x00, 0xde, 0x26, 0x00, 0x00, 0x00, 0xe1, 0x00,
  0x2c, 0x00, 0x00, 0x00, 0xde, 0x00, 0x00, 0x00, 0x24, 0x00, 0xe3, 0x00,
  0x2c, 0x00, 0x00, 0x00, 0x00, 0x00, 0x1f, 0x00, 0x00, 0x00, 0x00, 0x0e,
  0x00, 0x00, 0x00, 0x00, 0xe2, 0x00, 0x00, 0x00, 0x00, 0x03, 0xd9, 0x00,
  0x00, 0x00, 0x00, 0x00, 0x00, 0x00, 0x00, 0x00, 0x00, 0x00, 0x00, 0x00,
  0x00, 0xd6, 0x22, 0x00, 0x00, 0x00, 0x00, 0x00, 0x00, 0x00, 0x00, 0x00,
  0x00, 0x00, 0x00, 0x00, 0x00, 0x00, 0x12, 0x00, 0x00, 0x00, 0x00, 0x00,
  0x10, 0x00, 0x00, 0x00, 0x00, 0x00, 0x00, 0x11, 0x1f, 0x00, 0x00, 0x00,
  0x00, 0x00, 0x21, 0x00, 0x00, 0x00, 0x00, 0x00, 0x00, 0x00, 0x00, 0x00,
  0x10, 0x00, 0x00, 0x00, 0x00, 0x00, 0x00, 0x00, 0x00, 0x00, 0x00, 0x00,
  0x00, 0x00, 0x00, 0x00, 0x00, 0x00, 0x00, 0x00, 0x00, 0x00, 0x00, 0x00,
  0x00, 0x00, 0x00, 0x00, 0xe8, 0x00, 0x00, 0x00, 0x00, 0x00, 0x00, 0x00,
  0x00, 0x00, 0x00, 0x00, 0x00, 0x00, 0xfe, 0x00, 0x00, 0x00, 0x00, 0x00,
  0x00, 0x00, 0x00, 0x00, 0x00, 0x00, 0x00, 0xc3, 0x00, 0x00, 0xd0, 0x00,
  0x00, 0xbe, 0x00, 0x00, 0xca, 0x00, 0x00, 0x00, 0x00, 0x00, 0x00, 0x00,
  0x00, 0x00, 0x00, 0x00, 0x00, 0x00, 0x00, 0xc5, 0x00, 0x00, 0xd5, 0x00,
  0x00, 0xc6, 0x00, 0x00, 0x00, 0x00, 0x34, 0x00, 0x00, 0x00, 0x00, 0x00,
  0x00, 0xc5, 0x00, 0x00, 0x00, 0x00, 0x00, 0x00, 0x00, 0x00, 0x00, 0x00,
  0x00, 0x00, 0x00, 0x00, 0xd5, 0x00, 0x00, 0x00, 0x00, 0x00, 0x00, 0x00,
  0x00, 0x00, 0x00, 0x00, 0x00, 0x28, 0x00, 0x00, 0x00, 0x00, 0x00, 0x00,
  0x00, 0x00, 0x00, 0x00, 0x00, 0x00, 0x00, 0x00, 0x00, 0x00, 0xcd, 0x39,
  0x00, 0x00, 0x00, 0xe5, 0x00, 0x25, 0x00, 0x00, 0x00, 0xe2, 0x00, 0x23,
  0xe6, 0x00, 0x00, 0x00, 0x00, 0x00, 0x00, 0xc9, 0xda, 0x00, 0x00, 0x00,
  0x00, 0xd1, 0x00, 0x00, 0x00, 0x00, 0x00, 0xd0, 0x00, 0xdc, 0x00, 0x27,
  0x00, 0x00, 0x00, 0x00, 0x00, 0x00, 0xec, 0xd4, 0x00, 0x00, 0xd6, 0x00,
  0xee, 0x00, 0x00, 0x00, 0x00, 0x1a, 0xf9, 0xcc, 0xec, 0x2d, 0x00, 0x00,
  0xec, 0x00, 0x00, 0x00, 0x00, 0x00, 0xf6, 0xd4, 0x00, 0x00, 0x00, 0x00,
  0x00, 0x00, 0x00, 0x00, 0x00, 0x00, 0xe9, 0xd0, 0x00, 0x00, 0x00, 0x14,
  0x00, 0xcb, 0x00, 0x00, 0x03, 0x00, 0x00, 0x00, 0x00, 0x00, 0x00, 0x00,
  0x00, 0xcf, 0x00, 0x00, 0x00, 0x00, 0x00, 0xd8, 0x00, 0x00, 0x00, 0x00,
  0x00, 0xcc, 0xef, 0x00, 0x00, 0x15, 0x3a, 0x00, 0x00, 0x00, 0x00, 0x00,
  0x00, 0x00, 0x00, 0x00, 0x00, 0x00, 0x30, 0x00, 0x00, 0x00, 0xd9, 0x00,
  0x00, 0xd9, 0x00, 0x00, 0x00, 0x00, 0x00, 0xd1, 0xe8, 0x00, 0x00, 0x00,
  0x31, 0xc4, 0x00, 0x00, 0x00, 0x00, 0x00, 0x00, 0x00, 0x00, 0xdc, 0x0e,
  0x00, 0xc3, 0x00, 0x00, 0x00, 0x17, 0x00, 0xca, 0x00, 0x00, 0x00, 0x16,
  0x00, 0xbf, 0xe8, 0x00, 0xd9, 0x00, 0x00, 0xd0, 0x00, 0x00, 0x00, 0x00,
  0x00, 0x00, 0x00, 0x00, 0xd0, 0x00, 0x00, 0x00, 0x00, 0x00, 0x00, 0x00,
  0x00, 0x00, 0x00, 0x00, 0x00, 0x00, 0x00, 0x00, 0xe7, 0x00, 0xcd, 0x00,
  0x00, 0x00, 0x00, 0x00, 0xd6, 0x1b, 0x23, 0x00, 0x2c, 0x00, 0x00, 0x00,
  0x00, 0xd7, 0x00, 0x00, 0x00, 0x18, 0x00, 0xd0, 0x00, 0x00, 0x00, 0x00,
  0x00, 0xd6, 0x00, 0x00, 0xd9, 0x1f, 0x00, 0xd5, 0xd7, 0x00, 0x00, 0x00,
  0xed, 0x00, 0x00, 0x00, 0x00, 0x1b, 0x00, 0xc3, 0x00, 0x00, 0x00, 0x00,
  0x00, 0xd2, 0x00, 0x00, 0x00, 0x1d, 0xf3, 0xd3, 0x00, 0x00, 0x00, 0x00,
  0x00, 0x00, 0xeb, 0x2e, 0x00, 0x00, 0x00, 0xce, 0x00, 0x00, 0x00, 0x00,
  0x00, 0x00, 0x00, 0x00, 0x00, 0x00, 0x00, 0xd8, 0x00, 0x00, 0x00, 0x00,
  0x00, 0xd1, 0x00, 0x00, 0x00, 0x00, 0xf3, 0x00, 0xe9, 0x00, 0x00, 0x00,
  0x00, 0xd4, 0x00, 0x00, 0x0a, 0x00, 0x00, 0xd8, 0x00, 0x00, 0x00, 0x19,
  0x26, 0x00, 0x00, 0x00, 0x00, 0x00, 0x00, 0xd2, 0x00, 0x00, 0x00, 0x00,
  0x00, 0xca, 0x00, 0x00, 0x00, 0x00, 0x00, 0xcc, 0x00, 0x00, 0x00, 0x00,
  0x00, 0x00, 0x00, 0x00, 0xd3, 0x28, 0x00, 0x00, 0x00, 0x00, 0xc4, 0x00,
  0x00, 0x00, 0x00, 0x00, 0x00, 0x00, 0x00, 0xd5, 0x00, 0x00, 0x00, 0x00,
  0x00, 0x00, 0x00, 0x00, 0x00, 0x00, 0x00, 0xcd, 0x00, 0x00, 0x00, 0x22,
  0x00, 0xca, 0x00, 0x00, 0x00, 0x2a, 0x00, 0x00, 0x00, 0x00, 0x00, 0x00,
  0xf2, 0x00, 0x00, 0x00, 0x00, 0x00, 0x00, 0x00, 0x00, 0x00, 0x00, 0x00,
  0x00, 0x00, 0x00, 0x00, 0xc9, 0x00, 0xed, 0x00, 0x00, 0x00, 0x00, 0x00,
  0x00, 0x00, 0x00, 0x00, 0xbe, 0x2a, 0x00, 0x00, 0x00, 0x00, 0xc1, 0x41,
  0xf2, 0x00, 0x00, 0x00, 0x00, 0x00, 0x00, 0x00, 0x00, 0x00, 0x00, 0x00,
  0x00, 0x00, 0x00, 0x00, 0x00, 0x00, 0x00, 0x00, 0x36, 0x00, 0x00, 0x00,
  0x2d, 0x00, 0x00, 0x00, 0x00, 0x2f, 0x00, 0x00, 0x00, 0x00, 0x00, 0x00,
  0x00, 0xba, 0x33, 0xdd, 0x00, 0x37, 0x00, 0x00, 0x00, 0xe6, 0x00, 0x34,
  0x00, 0x00, 0x00, 0xfa, 0x00, 0x00, 0x00, 0xad, 0xf9, 0x00, 0x00, 0x00,
  0x00, 0x00, 0x00, 0x31, 0x00, 0x00, 0x00, 0x00, 0x00, 0x00, 0x00, 0x00,
  0x00, 0xde, 0x00, 0x00, 0x00, 0x00, 0xc6, 0x00, 0x00, 0x00, 0x00, 0x00,
  0x00, 0x00, 0x11, 0xd8, 0x00, 0x00, 0x00, 0xde, 0x00, 0x00, 0x00, 0x00,
  0x00, 0xe3, 0x00, 0x00, 0x00, 0x00, 0x00, 0x00, 0x00, 0x00, 0x00, 0x00,
  0x00, 0x00, 0x00, 0x00, 0x00, 0x00, 0x00, 0x00, 0x00, 0x00, 0x00, 0x00,
  0x00, 0xdf, 0x00, 0x00, 0x00, 0x00, 0x00, 0x00, 0x00, 0x00, 0x00, 0x00,
  0x00, 0xd8, 0x00, 0x00, 0x33, 0x00, 0x00, 0x00, 0x00, 0x00, 0x00, 0x00,
  0x00, 0xe0, 0x00, 0x00, 0x00, 0x00, 0x00, 0x00, 0x00, 0x00, 0x00, 0xee,
  0x00, 0x00, 0x00, 0x00, 0x00, 0x00, 0x00, 0x00, 0x00, 0x00, 0x00, 0x00,
  0x00, 0x00, 0x00, 0x00, 0x00, 0xee, 0x00, 0xdf, 0x00, 0x00, 0x00, 0x00,
  0x00, 0x00, 0x00, 0xd0, 0x00, 0xf1, 0x00, 0xde, 0x00, 0x00, 0x00, 0x00,
  0x00, 0x00, 0x00, 0x00, 0x00, 0x00, 0x00, 0xd7, 0x00, 0x00, 0x00, 0x00,
  0xd5, 0xdf, 0x23, 0x00, 0x00, 0x00, 0xd4, 0x00, 0x00, 0xc7, 0x00, 0xeb,
  0x00, 0xdd, 0x00, 0x00, 0x00, 0x00, 0x00, 0x00, 0x1a, 0xd4, 0x00, 0x00,
  0x00, 0x00, 0x00, 0xd4, 0x00, 0x00, 0x00, 0x00, 0x00, 0xca, 0x00, 0x00,
  0x00, 0x00, 0x13, 0xae, 0x00, 0x00, 0x00, 0x00, 0x00, 0x00, 0x00, 0xed,
  0x00, 0x00, 0x00, 0x00, 0x00, 0x00, 0x00, 0x00, 0x00, 0x00, 0x00, 0x00,
  0x00, 0xde, 0x00, 0x00, 0x00, 0x00, 0x00, 0x00, 0x00, 0x00, 0x00, 0xe6,
  0x00, 0x00, 0x00, 0x00, 0x00, 0x00, 0x00, 0x00, 0x00, 0x00, 0x34, 0xe2,
  0x00, 0xd9, 0x00, 0x00, 0x00, 0xdc, 0x00, 0x00, 0x00, 0x00, 0x00, 0x00,
  0x0c, 0x00, 0x00, 0x00, 0x00, 0x00, 0x00, 0x00, 0x00, 0x00, 0x00, 0x00,
  0x00, 0x00, 0x00, 0x00, 0x00, 0xd1, 0x00, 0xdf, 0x00, 0x00, 0x00, 0x00,
  0x00, 0x00, 0x00, 0x00, 0x00, 0xd5, 0x00, 0xd9, 0x00, 0x00, 0x00, 0x00,
  0x00, 0xe4, 0x00, 0x00, 0x00, 0xce, 0x00, 0xd6, 0x00, 0x00, 0x00, 0x00,
  0x00, 0x00, 0x00, 0x00, 0x00, 0xc3, 0xcc, 0x00, 0x00, 0xc2, 0x00, 0x00,
  0x00, 0x00, 0x00, 0x00, 0x00, 0x00, 0x00, 0x00, 0x00, 0x00, 0x00, 0xc6,
  0x00, 0x00, 0x00, 0xb8, 0x00, 0x00, 0x00, 0x00, 0x00, 0x00, 0x00, 0x00,
  0x00, 0x00, 0x00, 0x00, 0xfb, 0x00, 0xca, 0xdd, 0x0a, 0x00, 0xfc, 0x00,
  0x00, 0xdd, 0x00, 0x00, 0xf7, 0x00, 0xb9, 0x00, 0x00, 0x00, 0x00, 0x00,
  0xc6, 0x00, 0x00, 0x00, 0x00, 0xd1, 0xbd, 0x00, 0x00, 0x00, 0x00, 0x00,
  0xab, 0x00, 0x0a, 0xb3, 0x00, 0x00, 0xb7, 0x00, 0xce, 0x00, 0x00, 0x00,
  0x00, 0x00, 0x00, 0x00, 0x00, 0x00, 0x00, 0x00, 0x0c, 0x00, 0xec, 0xe2,
  0xbb, 0x00, 0x00, 0x00, 0xe6, 0x00, 0xb7, 0x00, 0x1c, 0x00, 0x00, 0x00,
  0xc5, 0x00, 0x00, 0xb8, 0x00, 0x00, 0x00, 0x00, 0x00, 0x00, 0x00, 0x00,
  0x00, 0x00, 0x00, 0xcd, 0x00, 0x00, 0x00, 0xe4, 0x00, 0x00, 0x00, 0x00,
  0x00, 0x00, 0x00, 0x00, 0x00, 0x00, 0x00, 0x00, 0x00, 0x00, 0x00, 0x00,
  0x00, 0x00, 0x00, 0x00, 0x00, 0x00, 0x00, 0x00, 0x00, 0x00, 0x00, 0x00,
  0x00, 0x00, 0x00, 0x00, 0x00, 0x00, 0x00, 0x00, 0x00, 0x00, 0x00, 0xe8,
  0x00, 0x00, 0x00, 0xde, 0x00, 0x00, 0x00, 0x00, 0x00, 0xdc, 0x00, 0x00,
  0x00, 0xd9, 0x00, 0x00, 0x00, 0x00, 0x00, 0x00, 0x00, 0x00, 0x00, 0x00,
  0x00, 0x00, 0x00, 0x00, 0x00, 0x00, 0x00, 0xce, 0x1a, 0x00, 0x00, 0x00,
  0x00, 0xc9, 0x00, 0x00, 0x00, 0x00, 0x00, 0x00, 0x12, 0x00, 0x00, 0x00,
  0xe3, 0x00, 0x0c, 0x00, 0x00, 0x00, 0x00, 0x00, 0x00, 0x00, 0x00, 0x00,
  0x00, 0x00, 0x00, 0x00, 0x00, 0x00, 0x00, 0x00, 0x00, 0x00, 0x00, 0x00,
  0x00, 0x00, 0x00, 0xdb, 0x00, 0x00, 0x00, 0x00, 0x00, 0xe0, 0x00, 0x00,
  0x00, 0x00, 0x00, 0x00, 0x00, 0x00, 0x00, 0x00, 0x00, 0x00, 0x00, 0x00,
  0x00, 0xce, 0x00, 0x00, 0x00, 0x00, 0x00, 0x00, 0x11, 0x00, 0x00, 0x00,
  0x00, 0x00, 0x00, 0x00, 0x00, 0x00, 0x00, 0xd0, 0x0e, 0xd2, 0x00, 0x00,
  0x00, 0x00, 0x13, 0xc8, 0x00, 0x00, 0x00, 0x00, 0x00, 0x00, 0x00, 0xd8,
  0x00, 0x00, 0x00, 0x00, 0x00, 0x00, 0x00, 0xdc, 0x00, 0xcb, 0x00, 0xd6,
  0x09, 0x00, 0x00, 0x00, 0x00, 0x00, 0x00, 0xe1, 0x00, 0x00, 0x00, 0x00,
  0x00, 0x00, 0xe2, 0x00, 0x00, 0x32, 0x00, 0x3b, 0xe4, 0x00, 0x00, 0x3d,
  0xf8, 0x00, 0x00, 0x00, 0x00, 0x00, 0x00, 0x00, 0x00, 0x00, 0x00, 0x32,
  0x00, 0x00, 0x00, 0x00, 0x00, 0x35, 0x00, 0x00, 0x00, 0xee, 0x00, 0x33,
  0x00, 0x2b, 0x00, 0xee, 0x00, 0x00, 0x00, 0x28, 0x00, 0xff, 0x00, 0x00,
  0x2f, 0x00, 0x00, 0x00, 0x00, 0x00, 0x00, 0x00, 0x00, 0x00, 0x00, 0x34,
  0x31, 0x00, 0x00, 0x27, 0x00, 0x00, 0x00, 0x00, 0x00, 0x00, 0x00, 0x00,
  0x00, 0x00, 0x00, 0x00, 0x00, 0x2d, 0x00, 0x00, 0x00, 0x00, 0x00, 0x00,
  0x00, 0x00, 0xea, 0xe3, 0xe0, 0x00, 0x00, 0x00, 0x00, 0xed, 0x00, 0x32,
  0x00, 0x00, 0xfb, 0xd1, 0x00, 0x00, 0x00, 0x00, 0x00, 0xe0, 0x00, 0x00,
  0xf8, 0x00, 0x00, 0xe1, 0xe5, 0x00, 0xf7, 0x27, 0x00, 0xe0, 0x00, 0x00,
  0x00, 0x2f, 0x00, 0xe2, 0x00, 0x00, 0x00, 0x00, 0x00, 0x00, 0xe6, 0x00,
  0x00, 0x00, 0x00, 0x00, 0x00, 0x2b, 0x00, 0x2c, 0x00, 0x00, 0x00, 0x00,
  0x00, 0x00, 0x00, 0x00, 0x00, 0x00, 0x00, 0x00, 0x00, 0x00, 0x00, 0x28,
  0x00, 0x00, 0x00, 0x00, 0x00, 0x00, 0x00, 0x00, 0x00, 0x00, 0x00, 0x29,
  0x00, 0x00, 0x00, 0x00, 0x00, 0x00, 0x00, 0x00, 0x00, 0x00, 0x00, 0x00,
  0x00, 0x00, 0x00, 0x00, 0x00, 0x00, 0x00, 0x00, 0xfa, 0x00, 0x00, 0x27,
  0xfb, 0x00, 0xe8, 0x00, 0x00, 0x00, 0x00, 0xf8, 0x00, 0x00, 0x00, 0x00,
  0x30, 0x00, 0x00, 0xf5, 0x00, 0x00, 0x00, 0x00, 0x00, 0x00, 0x00, 0x00,
  0x00, 0x00, 0x00, 0x00, 0x00, 0x00, 0x00, 0xfb, 0xe8, 0xe8, 0x00, 0x00,
  0x00, 0xfa, 0x00, 0xee, 0x00, 0x00, 0x00, 0x00, 0x00, 0x00, 0xdd, 0x00,
  0x00, 0x00, 0x00, 0x00, 0x00, 0x00, 0x00, 0x00, 0x00, 0xe8, 0x00, 0x00,
  0x00, 0x00, 0xee, 0xef, 0x00, 0x00, 0x1f, 0x00, 0xf2, 0xed, 0x00, 0x00,
  0x00, 0x00, 0x00, 0xd5, 0x00, 0x00, 0x00, 0x00, 0x00, 0xe4, 0x00, 0x00,
  0x00, 0x00, 0x00, 0xf0, 0x00, 0x00, 0x00, 0x00, 0xe9, 0x00, 0xe3, 0x00,
  0x00, 0x00, 0x00, 0x00, 0xe9, 0x00, 0x00, 0x00, 0x00, 0x00, 0xde, 0x00,
  0x00, 0x00, 0xe0, 0x00, 0x00, 0x00, 0x00, 0x00, 0xf1, 0x00, 0x00, 0x00,
  0x00, 0x2d, 0xdc, 0x00, 0x00, 0x00, 0x00, 0x2e, 0x00, 0x00, 0x00, 0x00,
  0xeb, 0x00, 0x00, 0x00, 0xe3, 0x00, 0x00, 0x2f, 0x00, 0x00, 0xe6, 0x00,
  0xef, 0x00, 0xe2, 0x22, 0xdf, 0x00, 0xf1, 0x36, 0x00, 0x1b, 0xee, 0x00,
  0x00, 0x00, 0x00, 0x00, 0x00, 0x00, 0x00, 0x00, 0x00, 0x00, 0x00, 0x00,
  0x00, 0x00, 0x00, 0x00, 0x00, 0x00, 0x21, 0x00, 0x00, 0x00, 0xea, 0x00,
  0x00, 0x00, 0xea, 0x00, 0x00, 0x00, 0x00, 0x00, 0x00, 0xe4, 0x00, 0x00,
  0x00, 0x00, 0x00, 0xd8, 0x00, 0x00, 0x00, 0x00, 0x00, 0xe4, 0x00, 0x00,
  0x00, 0x00, 0x00, 0x00, 0x00, 0x00, 0x00, 0x00, 0xe5, 0x00, 0xe7, 0x00,
  0xf0, 0x00, 0x00, 0x00, 0xda, 0x00, 0xee, 0x00, 0x00, 0xe2, 0xd2, 0x00,
  0x00, 0x00, 0x00, 0xdb, 0xe0, 0x00, 0x00, 0x00, 0x00, 0x00, 0xdd, 0xe1,
  0x00, 0x00, 0x00, 0x00, 0x00, 0x00, 0x00, 0x00, 0x00, 0x00, 0x00, 0x00,
  0x00, 0x00, 0x00, 0x00, 0x00, 0x00, 0x00, 0x00, 0x00, 0x00, 0x00, 0x00,
  0x00, 0x00, 0x00, 0x00, 0x00, 0x00, 0x00, 0x00, 0x00, 0x00, 0x00, 0x00,
  0x00, 0x00, 0x00, 0x00, 0x00, 0x00, 0xeb, 0x00, 0x00, 0x00, 0x00, 0x00,
  0xf1, 0x00, 0x00, 0x00, 0xcc, 0x00, 0xee, 0xf5, 0x00, 0x00, 0x00, 0x00,
  0x00, 0x00, 0x00, 0x00, 0xcc, 0x00, 0x00, 0x00, 0x00, 0xe5, 0x00, 0xdf,
  0x00, 0x00, 0x00, 0xe7, 0x00, 0xd3, 0x00, 0x00, 0x00, 0xe3, 0xe1, 0x00,
  0x00, 0x00, 0x00, 0x00, 0x00, 0xce, 0x00, 0x00, 0x00, 0x00, 0x00, 0x00,
  0x00, 0x00, 0x00, 0x00, 0x00, 0x00, 0x00, 0x00, 0x00, 0x00, 0x00, 0x00,
  0x00, 0x00, 0x00, 0x00, 0xe0, 0x00, 0x00, 0x00, 0x00, 0xf1, 0xe7, 0x00,
  0x00, 0x00, 0x00, 0x00, 0xe5, 0x00, 0x00, 0x00, 0x00, 0x00, 0x00, 0x00,
  0x00, 0x00, 0x00, 0xe5, 0xf0, 0x00, 0xf3, 0x00, 0x00, 0x00, 0xee, 0x00,
  0x00, 0x00, 0x00, 0x00, 0xef, 0x00, 0xf0, 0x00, 0x00, 0x00, 0xef, 0x00,
  0x00, 0x00, 0x00, 0x00, 0xf1, 0xd8, 0xe5, 0x00, 0x00, 0x00, 0x00, 0x00,
  0x00, 0x00, 0x00, 0x00, 0x00, 0x00, 0x00, 0x00, 0x00, 0x00, 0x00, 0x00,
  0x00, 0x00, 0x00, 0x1b, 0x18, 0x00, 0x00, 0x00, 0x00, 0x1e, 0x00, 0x00,
  0x00, 0xe3, 0x00, 0x00, 0x00, 0x00, 0x00, 0xe4, 0x00, 0x00, 0x27, 0x00,
  0x00, 0x00, 0x00, 0x00, 0x2a, 0x00, 0x00, 0x00, 0x00, 0x00, 0x00, 0x00,
  0x00, 0x00, 0x00, 0x00, 0x00, 0x00, 0x00, 0x00, 0x00, 0x27, 0x00, 0x00,
  0x00, 0x00, 0x00, 0x37, 0x00, 0x00, 0x00, 0x00, 0x00, 0x00, 0x00, 0x00,
  0x00, 0x00, 0x09, 0x00, 0x00, 0x00, 0x00, 0x00, 0x00, 0x00, 0x00, 0x00,
  0x00, 0x00, 0x00, 0x1e, 0x00, 0x00, 0x00, 0xe4, 0x00, 0x00, 0x00, 0x00,
  0x00, 0x00, 0x00, 0x00, 0x00, 0x00, 0x00, 0x00, 0x00, 0x00, 0x00, 0x00,
  0x00, 0x00, 0x00, 0x00, 0x00, 0xdb, 0x00, 0x00, 0x00, 0x00, 0x00, 0x00,
  0x00, 0x00, 0x00, 0x00, 0x00, 0x00, 0x00, 0x00, 0x00, 0x00, 0x00, 0x00,
  0x00, 0x00, 0x00, 0x00, 0x00, 0x00, 0x00, 0x00, 0x00, 0x00, 0xfa, 0x00,
  0x00, 0x00, 0x00, 0xdd, 0x00, 0x00, 0x00, 0x00, 0x00, 0xdb, 0x00, 0x00,
  0x00, 0x00, 0x00, 0x00, 0x00, 0xda, 0x00, 0x00, 0x00, 0x00, 0xe4, 0x00,
  0x00, 0x00, 0x00, 0x00, 0x00, 0x00, 0x00, 0x25, 0xd4, 0x23, 0x00, 0x00,
  0x1f, 0x00, 0x00, 0x1d, 0x00, 0x00, 0x00, 0x00, 0xd6, 0x27, 0x00, 0x00,
  0x00, 0x24, 0x00, 0x2a, 0x00, 0x00, 0x14, 0x00, 0xdc, 0x24, 0x00, 0x00,
  0x00, 0x00, 0x00, 0x13, 0x00, 0x00, 0x00, 0x00, 0xd4, 0x10, 0x00, 0x00,
  0x13, 0x00, 0x00, 0x1b, 0x00, 0x00, 0x00, 0x00, 0xdd, 0x00, 0x00, 0x00,
  0x00, 0x00, 0x00, 0x00, 0x00, 0x00, 0x00, 0x00, 0x00, 0x10, 0x00, 0x00,
  0x00, 0x20, 0x00, 0x00, 0x2f, 0x00, 0x00, 0x00, 0x00, 0x00, 0x00, 0x00,
  0x00, 0x00, 0x00, 0x00, 0x00, 0x00, 0x00, 0x00, 0x00, 0x00, 0x00, 0x00,
  0x00, 0x00, 0x00, 0x00, 0x00, 0x00, 0x00, 0x00, 0x00, 0x00, 0x00, 0x00,
  0x13, 0x00, 0x04, 0x00, 0x00, 0x00, 0x00, 0x00, 0x00, 0x00, 0x00, 0x00,
  0x00, 0x00, 0x00, 0x00, 0x00, 0x00, 0x00, 0xe6, 0x00, 0x00, 0x00, 0x00,
  0x00, 0x00, 0x00, 0x00, 0x00, 0x00, 0x00, 0x00, 0x00, 0x00, 0x00, 0x00,
  0x00, 0xe3, 0x00, 0x00, 0x32, 0x00, 0x00, 0x00, 0x00, 0x00, 0x00, 0x00,
  0x00, 0x00, 0x00, 0x23, 0x2c, 0x00, 0xe0, 0x00, 0x00, 0x00, 0x00, 0x00,
  0x00, 0x00, 0x00, 0x00, 0x00, 0x00, 0x00, 0x00, 0x00, 0x00, 0x26, 0x00,
  0x00, 0x00, 0x00, 0x00, 0x00, 0x00, 0x00, 0x00, 0x00, 0x21, 0x34, 0x00,
  0x00, 0x00, 0x00, 0x00, 0x38, 0x00, 0xe6, 0x00, 0x00, 0x00, 0x00, 0x05,
  0x00, 0x00, 0x00, 0x16, 0x00, 0x00, 0x00, 0x18, 0x00, 0x00, 0x00, 0x00,
  0x00, 0x00, 0x00, 0x00, 0x00, 0x00, 0x00, 0x00, 0x00, 0x00, 0x00, 0x00,
  0x00, 0x00, 0x00, 0x00, 0x00, 0x00, 0x15, 0x00, 0x00, 0x00, 0x00, 0x00,
  0x00, 0x00, 0x00, 0x00, 0x00, 0x00, 0x00, 0x00, 0x00, 0x00, 0x00, 0x00,
  0x00, 0x00, 0xd7, 0x00, 0x00, 0x00, 0x00, 0x00, 0x00, 0x00, 0x24, 0x02,
  0x00, 0x00, 0x00, 0x00, 0x00, 0x05, 0xe4, 0x13, 0x00, 0x00, 0x00, 0x00,
  0x00, 0x00, 0x00, 0x00, 0x00, 0x00, 0x00, 0x16, 0x00, 0x00, 0x00, 0x00,
  0x00, 0x00, 0x00, 0x00, 0x00, 0x00, 0x00, 0x17, 0x00, 0x1e, 0x00, 0xd4,
  0x00, 0x00, 0x00, 0x1c, 0x00, 0x00, 0x00, 0x00, 0x00, 0x00, 0x00, 0x00,
  0x00, 0x00, 0x00, 0x22, 0x00, 0x00, 0x00, 0x00, 0x00, 0x00, 0x00, 0xd0,
  0x00, 0x00, 0x00, 0x00, 0x20, 0x00, 0x00, 0x00, 0x00, 0x26, 0x1d, 0x00,
  0x00, 0x00, 0x00, 0x00, 0x00, 0x00, 0x00, 0x00, 0x00, 0x00, 0x00, 0x00,
  0x00, 0x00, 0x00, 0x00, 0x00, 0x00, 0x00, 0x00, 0xd2, 0x00, 0x00, 0x00,
  0x00, 0x00, 0xc2, 0x1c, 0x18, 0x00, 0x00, 0x1c, 0x00, 0x00, 0x00, 0x00,
  0x00, 0x00, 0x00, 0x00, 0x00, 0xd8, 0x00, 0x00, 0xd1, 0xee, 0x00, 0x00,
  0xdb, 0x00, 0xc5, 0x00, 0x00, 0x00, 0xe1, 0x00, 0x00, 0x00, 0x00, 0xd8,
  0xe1, 0x15, 0x00, 0x00, 0x00, 0x00, 0x00, 0x00, 0x00, 0x00, 0x00, 0x00,
  0xe3, 0x00, 0x00, 0xe5, 0x00, 0x07, 0x00, 0x00, 0x00, 0x00, 0x00, 0x05,
  0x00, 0x00, 0x00, 0x00, 0x00, 0x00, 0x00, 0x00, 0x00, 0x28, 0x09, 0xe7,
  0x00, 0x00, 0x00, 0x00, 0x0a, 0xe1, 0x00, 0xd9, 0x00, 0x00, 0x14, 0x00,
  0x00, 0x00, 0x00, 0x00, 0x08, 0x00, 0xd6, 0x00, 0xd8, 0x00, 0x00, 0x00,
  0x00, 0x00, 0x00, 0x00, 0x00, 0xea, 0xd6, 0x00, 0x00, 0xf4, 0x00, 0x00,
  0x00, 0x00, 0x00, 0x00, 0x00, 0xdc, 0x00, 0x00, 0x00, 0x00, 0x00, 0x00,
  0xdb, 0xda, 0x00, 0x00, 0x00, 0x00, 0x00, 0x0a, 0x00, 0x00, 0x00, 0x00,
  0x00, 0x00, 0x00, 0x00, 0x00, 0xed, 0x00, 0x10, 0x00, 0x00, 0x00, 0x00,
  0x00, 0x00, 0x00, 0x00, 0xd9, 0xdc, 0xdc, 0x00, 0x00, 0x00, 0x00, 0x00,
  0x00, 0x00, 0x00, 0x00, 0xda, 0x00, 0xcf, 0x0b, 0x00, 0x00, 0x00, 0x00,
  0x00, 0xd9, 0x00, 0x00, 0x12, 0x00, 0x00, 0x00, 0x00, 0x00, 0x00, 0x00,
  0x00, 0xd6, 0x00, 0x00, 0x00, 0x00, 0x00, 0xd9, 0x00, 0x00, 0x00, 0x00,
  0x00, 0x00, 0x00, 0x00, 0x00, 0xe2, 0x00, 0x00, 0x00, 0x00, 0x00, 0xe9,
  0x00, 0x00, 0x00, 0x00, 0x00, 0x00, 0xd7, 0x00, 0x00, 0x00, 0x00, 0xea,
  0x00, 0x00, 0x00, 0x00, 0x00, 0x00, 0x00, 0xd8, 0x00, 0x00, 0x08, 0x00,
  0xd8, 0x00, 0x00, 0x00, 0x00, 0xee, 0x00, 0x00, 0x00, 0x00, 0x09, 0xf1,
  0x00, 0xc6, 0x00, 0x00, 0x04, 0x00, 0x00, 0xcc, 0xe6, 0x00, 0x05, 0x00,
  0x00, 0x00, 0x00, 0x00, 0x00, 0xea, 0x00, 0x00, 0x00, 0x00, 0x00, 0x00,
  0x00, 0x00, 0xe3, 0x2e, 0x00, 0x00, 0x15, 0xce, 0xee, 0x46, 0xce, 0x00,
  0x00, 0xd6, 0xe3, 0x00, 0x00, 0x00, 0x00, 0x00, 0x00, 0x00, 0x00, 0x00,
  0x00, 0x00, 0xdb, 0x00, 0x00, 0x00, 0x00, 0xdb, 0x00, 0x00, 0x00, 0x00,
  0x00, 0x00, 0x00, 0x00, 0x00, 0x00, 0x00, 0x00, 0xe3, 0x00, 0x00, 0x00,
  0x00, 0xda, 0x00, 0x00, 0x00, 0x00, 0x00, 0x00, 0xda, 0x00, 0x00, 0x00,
  0xe2, 0x00, 0x00, 0x00, 0xdd, 0xf0, 0xdd, 0x00, 0x00, 0x00, 0x00, 0x00,
  0xe4, 0x00, 0x00, 0x00, 0x00, 0x00, 0x00, 0x00, 0x00, 0x00, 0x00, 0x00,
  0xca, 0x00, 0xe9, 0x00, 0x00, 0x00, 0xdc, 0x00, 0x00, 0x00, 0xd1, 0x00,
  0xf1, 0x0b, 0x00, 0x00, 0xd0, 0xe8, 0xeb, 0x00, 0xde, 0x00, 0x00, 0x00,
  0x00, 0x00, 0x00, 0x00, 0xcc, 0x00, 0x00, 0x00, 0x00, 0x00, 0x00, 0x00,
  0x00, 0x00, 0x00, 0x00, 0x00, 0x00, 0x00, 0x00, 0x00, 0x00, 0x00, 0x00,
  0xcf, 0x00, 0x00, 0x1f, 0x00, 0x00, 0x00, 0x00, 0x00, 0x00, 0x00, 0x00,
  0xea, 0x00, 0x00, 0x00, 0x00, 0x00, 0xe0, 0x00, 0x00, 0x34, 0x00, 0x00,
  0x00, 0x00, 0x00, 0x00, 0x00, 0x00, 0xd6, 0x00, 0x00, 0x00, 0x00, 0x00,
  0xd9, 0x00, 0x00, 0x00, 0x00, 0x00, 0x00, 0x00, 0x00, 0x00, 0x00, 0x00,
  0xcc, 0x00, 0x00, 0x00, 0x00, 0xf1, 0x00, 0x00, 0x00, 0x00, 0x00, 0x00,
  0xde, 0x00, 0x00, 0x00, 0x00, 0x00, 0x00, 0x00, 0xd6, 0x00, 0x00, 0x00,
  0x00, 0x00, 0x00, 0x00, 0x00, 0x00, 0x00, 0x00, 0x00, 0x00, 0x00, 0x00,
  0xe4, 0x00, 0x00, 0x00, 0xc6, 0x00, 0x00, 0x00, 0x00, 0x00, 0x00, 0xe3,
  0x00, 0x00, 0xe9, 0x00, 0x00, 0x00, 0x00, 0x00, 0x00, 0x00, 0x00, 0xe9,
  0xde, 0x00, 0x00, 0x00, 0x00, 0x00, 0x00, 0x00, 0x00, 0x00, 0x00, 0x00,
  0x00, 0x00, 0xe6, 0x00, 0x00, 0xf3, 0x00, 0x00, 0xd9, 0x00, 0x24, 0x00,
  0x00, 0x00, 0x00, 0x00, 0x00, 0xed, 0x00, 0x00, 0x00, 0x00, 0x00, 0x00,
  0x00, 0x00, 0x00, 0x00, 0x00, 0x00, 0x00, 0xdb, 0x00, 0x00, 0x00, 0x00,
  0x00, 0x00, 0x00, 0x00, 0x0d, 0x00, 0x00, 0xd3, 0x00, 0x00, 0x00, 0x00,
  0x00, 0x00, 0x00, 0x00, 0x00, 0x00, 0x00, 0x00, 0x00, 0x00, 0x00, 0xed,
  0x00, 0xd4, 0x00, 0x00, 0x00, 0xeb, 0x00, 0x00, 0x00, 0x00, 0x1c, 0x00,
  0x00, 0x00, 0x00, 0x00, 0x00, 0x00, 0x00, 0xca, 0x00, 0x00, 0x00, 0xea,
  0x00, 0xcd, 0x00, 0x00, 0x00, 0x00, 0x00, 0xcc, 0x00, 0x12, 0x00, 0x00,
  0x00, 0xd6, 0x00, 0x00, 0x00, 0x00, 0x00, 0x00, 0xed, 0x21, 0x00, 0x00,
  0x00, 0x00, 0xe4, 0x1e, 0x00, 0xe9, 0x00, 0xd0, 0x00, 0x00, 0x00, 0x00,
  0x00, 0xd6, 0x00, 0x00, 0x0d, 0xda, 0xe5, 0x00, 0x00, 0x00, 0x00, 0x00,
  0x00, 0x00, 0xd8, 0x00, 0x00, 0x00, 0xe9, 0x00, 0x00, 0x00, 0x00, 0x00,
  0x00, 0x00, 0x00, 0xfd, 0x00, 0xdf, 0x00, 0x00, 0x00, 0x00, 0x00, 0x00,
  0x00, 0x00, 0x00, 0x00, 0x00, 0x00, 0x00, 0x00, 0x1c, 0x00, 0x00, 0x00,
  0x00, 0x00, 0x1e, 0x00, 0x00, 0x00, 0x00, 0xe0, 0x00, 0x00, 0x00, 0x00,
  0x00, 0x00, 0x00, 0x00, 0x23, 0x00, 0x00, 0x00, 0x00, 0x00, 0x00, 0x00,
  0x00, 0x00, 0x00, 0xc2, 0x00, 0x00, 0x00, 0xdd, 0x00, 0x00, 0x14, 0x00,
  0x00, 0x00, 0x00, 0xc7, 0x00, 0x00, 0x00, 0x00, 0x00, 0x00, 0x00, 0x00,
  0x00, 0x00, 0x20, 0xd3, 0x00, 0x00, 0x00, 0x00, 0x00, 0xc7, 0x00, 0x00,
  0x00, 0x00, 0x00, 0x00, 0x00, 0x00, 0x00, 0x00, 0x00, 0xd3, 0x00, 0x00,
  0x00, 0x00, 0x00, 0xc7, 0x00, 0x00, 0x00, 0x00, 0x00, 0xd3, 0xef, 0x00,
  0x00, 0x00, 0x00, 0xe1, 0x00, 0x00, 0x00, 0x00, 0x00, 0x00, 0xd8, 0xe7,
  0x00, 0x00, 0x00, 0xdd, 0xd7, 0x00, 0x00, 0x22, 0x00, 0x00, 0xdc, 0x00,
  0x00, 0x00, 0x00, 0x00, 0xde, 0x00, 0x00, 0x00, 0x00, 0x00, 0x00, 0x00,
  0x00, 0x1f, 0x00, 0x00, 0x00, 0x00, 0x00, 0x24, 0x00, 0x00, 0x00, 0x00,
  0x00, 0x14, 0x00, 0x00, 0xe2, 0x00, 0x00, 0x11, 0x00, 0xe2, 0x00, 0xf1,
  0x00, 0x12, 0x00, 0x00, 0x00, 0x00, 0x00, 0x00, 0x00, 0x00, 0x00, 0x00,
  0x00, 0x00, 0x00, 0x00, 0xda, 0xf1, 0x00, 0x00, 0x00, 0x00, 0x00, 0x00,
  0x00, 0x00, 0x00, 0x00, 0x00, 0x00, 0x00, 0x00, 0x00, 0x00, 0x00, 0x00,
  0x00, 0x23, 0x00, 0x00, 0x00, 0x00, 0x00, 0x00, 0x00, 0x00, 0x00, 0x00,
  0x00, 0x00, 0xf3, 0x00, 0x00, 0x00, 0x00, 0x00, 0x00, 0x00, 0x00, 0x00,
  0xce, 0x00, 0x2c, 0x00, 0xcf, 0x28, 0x00, 0x00, 0x00, 0x00, 0xed, 0x00,
  0xcc, 0x1f, 0x1a, 0x00, 0x00, 0x00, 0xca, 0x00, 0x00, 0x00, 0x00, 0x00,
  0x00, 0x00, 0x00, 0x00, 0x00, 0x00, 0x00, 0x00, 0x00, 0xdb, 0x00, 0x00,
  0x00, 0x00, 0x00, 0xd0, 0x25, 0x3d, 0x00, 0x00, 0x00, 0x00, 0x00, 0x00,
  0x00, 0x00, 0x00, 0xcb, 0x00, 0x00, 0x00, 0x00, 0x32, 0x00, 0x00, 0x00,
  0x00, 0x00, 0x2a, 0x00, 0x00, 0x00, 0x00, 0x00, 0x00, 0x00, 0x00, 0x00,
  0x00, 0x00, 0x2c, 0x00, 0x00, 0x00, 0x00, 0x00, 0x00, 0x00, 0x00, 0x00,
  0x00, 0x00, 0x00, 0x00, 0x00, 0x00, 0x00, 0x00, 0x00, 0x00, 0x00, 0x22,
  0x00, 0x00, 0x00, 0x00, 0x00, 0x00, 0x00, 0x00, 0x00, 0x00, 0x00, 0x00,
  0xe5, 0x00, 0x00, 0x00, 0x00, 0x00, 0x00, 0x00, 0x00, 0x00, 0xf1, 0x00,
  0x00, 0x00, 0x00, 0xd7, 0x00, 0x00, 0x00, 0x18, 0x29, 0x00, 0x00, 0x00,
  0x00, 0x14, 0x00, 0x00, 0x00, 0x00, 0x00, 0x1e, 0x00, 0x00, 0x00, 0xf3,
  0x00, 0x19, 0x35, 0x00, 0x00, 0x00, 0x00, 0x16, 0x00, 0xd1, 0x00, 0xe6,
  0x00, 0x00, 0x00, 0x00, 0xe6, 0xf0, 0x00, 0x00, 0x00, 0x00, 0xdf, 0x00,
  0x00, 0x17, 0x00, 0x00, 0xd5, 0x00, 0x00, 0x00, 0x00, 0x00, 0x00, 0x00,
  0x00, 0x00, 0x00, 0xcc, 0x00, 0x00, 0x17, 0x19, 0x00, 0x00, 0x00, 0x00,
  0x00, 0x00, 0x00, 0x00, 0x00, 0x00, 0x00, 0x00, 0x00, 0xc3, 0x00, 0x00,
  0x24, 0x00, 0x00, 0xca, 0x00, 0x00, 0x00, 0x00, 0x00, 0x00, 0xeb, 0xeb,
  0x00, 0x00, 0x27, 0xc6, 0xe6, 0x00, 0x00, 0x00, 0x00, 0x00, 0x00, 0x00,
  0x00, 0x00, 0x1d, 0x00, 0x00, 0x00, 0xec, 0x00, 0x00, 0x00, 0x00, 0x00,
  0x00, 0x00, 0x00, 0x00, 0x00, 0x00, 0xed, 0x00, 0x00, 0x00, 0x00, 0x00,
  0x00, 0x0d, 0xee, 0x00, 0x1e, 0x00, 0x00, 0x0d, 0x00, 0x00, 0x00, 0x00,
  0x00, 0x00, 0x00, 0xdb, 0x00, 0x00, 0x00, 0x00, 0x00, 0x00, 0x00, 0x00,
  0x00, 0x00, 0x20, 0x00, 0x00, 0x00, 0x00, 0x13, 0x00, 0x00, 0x00, 0x00,
  0x00, 0x00, 0x00, 0x00, 0x00, 0x00, 0x00, 0x00, 0x00, 0x00, 0x00, 0x00,
  0x00, 0x00, 0x00, 0x00, 0x00, 0x00, 0x00, 0x00, 0x00, 0x00, 0x00, 0x2d,
  0x00, 0x00, 0x00, 0xee, 0x00, 0x00, 0x00, 0x00, 0x00, 0xf0, 0x00, 0x00,
  0x00, 0x00, 0x00, 0x00, 0xf0, 0x00, 0xd8, 0x00, 0x00, 0xe3, 0xe9, 0x00,
  0x00, 0x00, 0x00, 0xdb, 0x00, 0x00, 0x00, 0x00, 0x1b, 0xdf, 0x00, 0x00,
  0x00, 0x10, 0x00, 0xe0, 0x00, 0x00, 0x00, 0x00, 0x00, 0x00, 0x00, 0x00,
  0x00, 0x00, 0x00, 0x00, 0x00, 0x00, 0x00, 0x0d, 0x00, 0x00, 0x00, 0x00,
  0x00, 0x10, 0x00, 0x0c, 0x00, 0x00, 0xd3, 0x17, 0x00, 0x00, 0x00, 0xdc,
  0x00, 0x00, 0x00, 0x00, 0x00, 0x00, 0xec, 0x00, 0x00, 0x00, 0x00, 0xed,
  0x00, 0x00, 0x00, 0x00, 0xce, 0x00, 0xe6, 0x00, 0x00, 0x00, 0xc3, 0x00,
  0xf0, 0x00, 0x00, 0x00, 0xca, 0x00, 0xf1, 0x00, 0x29, 0x00, 0xcf, 0x00,
  0xf3, 0x00, 0x28, 0x00, 0x00, 0x00, 0x00, 0xc4, 0x30, 0x00, 0x00, 0x00,
  0x00, 0x00, 0x30, 0x00, 0x00, 0x00, 0x00, 0x00, 0x00, 0x00, 0x00, 0xe6,
  0x00, 0xc4, 0x00, 0x00, 0x00, 0xef, 0x00, 0xba, 0x00, 0x00, 0x00, 0x00,
  0x00, 0x00, 0x00, 0x00, 0x00, 0x00, 0x00, 0x00, 0x00, 0x00, 0x00, 0x00,
  0xdf, 0xc0, 0x2a, 0x00, 0x00, 0x00, 0x00, 0x00, 0x00, 0x00, 0x00, 0xed,
  0x00, 0x00, 0x00, 0x00, 0x00, 0x00, 0x00, 0x00, 0x00, 0x00, 0x00, 0x00,
  0x00, 0x00, 0x00, 0x00, 0x00, 0x00, 0x00, 0x00, 0x00, 0x00, 0x00, 0x00,
  0x00, 0x00, 0x00, 0x00, 0x00, 0x00, 0x00, 0xcc, 0x00, 0x1d, 0xbe, 0x00,
  0x00, 0x00, 0x00, 0x13, 0xbc, 0x00, 0x00, 0x00, 0x44, 0x00, 0xb6, 0x00,
  0x00, 0x00, 0x32, 0x00, 0xc1, 0x00, 0x00, 0x00, 0x00, 0x00, 0xae, 0x00,
  0x00, 0x00, 0x34, 0x00, 0xb9, 0x00, 0x00, 0x00, 0x00, 0x00, 0xb2, 0x00,
  0x00, 0x00, 0x39, 0x00, 0x00, 0xd9, 0x00, 0x00, 0x37, 0x00, 0xbb, 0x00,
  0x00, 0x1a, 0x00, 0x00, 0xb9, 0xe7, 0x00, 0x00, 0x00, 0x20, 0xc4, 0x00,
  0x00, 0x00, 0x00, 0x00, 0x00, 0x00, 0xd7, 0x13, 0x2f, 0x00, 0x00, 0x00,
  0xce, 0x00, 0x30, 0x00, 0x00, 0x00, 0x00, 0x00, 0x1d, 0x00, 0x00, 0x00,
  0xd5, 0x00, 0x00, 0x00, 0x00, 0x00, 0x00, 0x00, 0x00, 0x00, 0x00, 0x00,
  0x00, 0x00, 0x00, 0x00, 0x00, 0x00, 0xe3, 0x00, 0x00, 0xea, 0x00, 0x00,
  0xeb, 0x00, 0x00, 0x00, 0x00, 0x00, 0x00, 0x00, 0x2b, 0x00, 0x00, 0x00,
  0x00, 0x00, 0x00, 0x00, 0x00, 0x00, 0x00, 0x00, 0x00, 0x00, 0x00, 0x00,
  0x00, 0x00, 0x00, 0x00, 0x00, 0x00, 0x00, 0x00, 0x00, 0x00, 0x1b, 0xcb,
  0x00, 0x00, 0x00, 0x00, 0x00, 0x00, 0x00, 0x00, 0x00, 0x00, 0x00, 0x00,
  0x00, 0xd4, 0x00, 0x1b, 0x00, 0x00, 0x18, 0xd1, 0x00, 0x00, 0x00, 0xc6,
  0x00, 0x00, 0x00, 0x00, 0x00, 0x00, 0x1a, 0x00, 0x00, 0x00, 0x00, 0xdf,
  0x14, 0xd4, 0x00, 0x00, 0x00, 0x00, 0x00, 0x00, 0x00, 0x00, 0x04, 0xd9,
  0x00, 0x00, 0x00, 0x00, 0x00, 0x00, 0x13, 0x00, 0x00, 0x00, 0x00, 0xe1,
  0x00, 0x00, 0x00, 0x00, 0xd3, 0x00, 0x00, 0x00, 0x00, 0x00, 0x00, 0x00,
  0x00, 0x00, 0x00, 0x00, 0x00, 0x00, 0x00, 0x00, 0x28, 0xe4, 0x00, 0x00,
  0xdf, 0x00, 0x00, 0xeb, 0xc1, 0x00, 0x00, 0x00, 0x00, 0xef, 0xd1, 0x00,
  0xd3, 0x0b, 0x2a, 0xec, 0xde, 0x00, 0x00, 0x00, 0x00, 0xdf, 0xd2, 0x00,
  0x00, 0x1a, 0x31, 0xdf, 0xe0, 0xe1, 0xd0, 0x19, 0x33, 0xe8, 0xbd, 0x00,
  0x00, 0x12, 0x2f, 0x00, 0xd9, 0x00, 0xcc, 0x11, 0x00, 0x00, 0xde, 0x00,
  0xdd, 0x17, 0x1f, 0x00, 0x00, 0x00, 0x00, 0x16, 0x00, 0x00, 0x00, 0xde,
  0x00, 0x00, 0x2d, 0x00, 0x00, 0x00, 0x00, 0x0f, 0x00, 0x00, 0x00, 0x00,
  0xd8, 0x00, 0x00, 0x00, 0x0d, 0x00, 0x00, 0x00, 0x00, 0x00, 0x00, 0x00,
  0xd4, 0x00, 0x29, 0x00, 0x00, 0x00, 0x00, 0x00, 0x00, 0x00, 0x00, 0x00,
  0xd1, 0x00, 0x00, 0x00, 0x00, 0x00, 0x00, 0x00, 0x00, 0x00, 0x00, 0x00,
  0xd7, 0x00, 0x00, 0x00, 0x00, 0x00, 0x00, 0x00, 0x00, 0x00, 0x00, 0x00,
  0x00, 0x00, 0x00, 0x00, 0x02, 0x00, 0x00, 0x00, 0x00, 0xd2, 0x03, 0x00,
  0x00, 0xd3, 0x00, 0x00, 0x00, 0x00, 0x00, 0x00, 0x00, 0x00, 0x00, 0xe2,
  0xc9, 0x00, 0x00, 0x00, 0x00, 0xd5, 0xd5, 0x00, 0x00, 0x00, 0x00, 0x00,
  0x00, 0x00, 0x00, 0x1c, 0x00, 0x00, 0x00, 0x00, 0x00, 0x24, 0x00, 0x00,
  0x00, 0x00, 0x00, 0x27, 0x00, 0x00, 0x00, 0x00, 0x00, 0x1d, 0x00, 0x00,
  0x00, 0x00, 0x00, 0x00, 0x00, 0x00, 0x00, 0x00, 0x00, 0x00, 0x00, 0x00,
  0xe0, 0x00, 0x00, 0x24, 0xcf, 0x00, 0x00, 0x00, 0x00, 0x00, 0x00, 0x00,
  0x00, 0x00, 0x00, 0x00, 0x00, 0x00, 0xe6, 0x00, 0x00, 0x00, 0x00, 0x00,
  0x00, 0x00, 0x00, 0x00, 0xd2, 0x00, 0x00, 0x00, 0x00, 0x00, 0x00, 0x00,
  0x00, 0x00, 0x00, 0x00, 0xce, 0x00, 0x00, 0x00, 0x00, 0x00, 0xc5, 0x00,
  0x00, 0x00, 0xf8, 0x00, 0x00, 0x00, 0x00, 0x00, 0x00, 0x28, 0x00, 0x00,
  0x00, 0x00, 0x00, 0x28, 0x00, 0x00, 0x00, 0x00, 0x00, 0x00, 0x00, 0x00,
  0x00, 0x00, 0x00, 0x00, 0x00, 0x00, 0x00, 0x00, 0x00, 0x00, 0xcf, 0x00,
  0x2f, 0x00, 0x00, 0x00, 0x00, 0x00, 0x43, 0x00, 0x00, 0x00, 0xd1, 0x00,
  0x00, 0xd1, 0x00, 0x00, 0x00, 0x00, 0x00, 0x00, 0x17, 0x00, 0xd6, 0x00,
  0x2f, 0x00, 0x00, 0x00, 0xd9, 0x00, 0x00, 0x00, 0x00, 0x28, 0xd5, 0x00,
  0x00, 0x00, 0x00, 0x00, 0x00, 0x00, 0x00, 0x00, 0x00, 0x00, 0x00, 0x00,
  0x00, 0x00, 0x00, 0x00, 0x00, 0x00, 0x00, 0x00, 0x00, 0x00, 0x00, 0x00,
  0x00, 0x00, 0xf2, 0x00, 0x00, 0x00, 0x00, 0x00, 0x00, 0x00, 0x00, 0x00,
  0x00, 0x00, 0x00, 0x00, 0xd3, 0x00, 0x00, 0x00, 0x00, 0x00, 0xcf, 0x00,
  0x00, 0x00, 0x00, 0x00, 0xd1, 0x00, 0x27, 0x00, 0x00, 0x19, 0x00, 0x00,
  0x00, 0x00, 0x00, 0x1b, 0x00, 0x00, 0x00, 0x00, 0x00, 0x00, 0x00, 0x00,
  0x00, 0x00, 0x00, 0x1e, 0xd6, 0x00, 0x00, 0x00, 0xeb, 0x28, 0x00, 0x00,
  0x2e, 0x00, 0x00, 0x00, 0x00, 0xe1, 0x00, 0x00, 0x13, 0x00, 0x00, 0x00,
  0x00, 0x00, 0x00, 0x00, 0x00, 0x00, 0x00, 0x00, 0x00, 0x00, 0x00, 0x00,
  0x23, 0x00, 0x00, 0x00, 0x00, 0xd6, 0x00, 0x00, 0x00, 0x00, 0x00, 0x00,
  0x00, 0x00, 0x00, 0x00, 0x00, 0x00, 0x00, 0x00, 0x00, 0x00, 0x00, 0x00,
  0x00, 0x00, 0x00, 0x00, 0x00, 0xd5, 0x00, 0x00, 0x00, 0x00, 0x00, 0xd8,
  0x29, 0x00, 0xf7, 0x00, 0x00, 0x00, 0x00, 0x00, 0x00, 0x00, 0x00, 0x00,
  0x00, 0x00, 0x00, 0x00, 0xea, 0x00, 0x00, 0x00, 0x00, 0x00, 0x00, 0xd8,
  0x00, 0x00, 0xf3, 0x00, 0x00, 0x00, 0x2f, 0x00, 0xe7, 0x00, 0x00, 0xd5,
  0x00, 0x00, 0x00, 0x00, 0x00, 0x00, 0x00, 0x00, 0x00, 0x00, 0x00, 0x00,
  0x00, 0x00, 0x00, 0x00, 0x00, 0x00, 0x00, 0xdc, 0x00, 0x00, 0xe5, 0xcc,
  0x00, 0x00, 0x00, 0x00, 0x00, 0x00, 0x00, 0x00, 0x00, 0x58, 0x00, 0xd7,
  0x00, 0x00, 0x00, 0x00, 0x00, 0x00, 0x00, 0x00, 0x00, 0x00, 0x00, 0xd1,
  0x00, 0x00, 0x00, 0x00, 0x00, 0xd7, 0x00, 0x00, 0x00, 0x00, 0x00, 0xd9,
  0x00, 0x00, 0xed, 0x00, 0x00, 0x00, 0x00, 0x00, 0x00, 0x00, 0x00, 0xd4,
  0x00, 0x00, 0x00, 0x00, 0x00, 0x00, 0x00, 0x00, 0x00, 0x0f, 0x00, 0x00,
  0x00, 0x00, 0x00, 0x00, 0x00, 0x00, 0x00, 0x00, 0xec, 0x00, 0x00, 0x00,
  0x00, 0x00, 0x00, 0x00, 0x00, 0x00, 0x00, 0x00, 0x00, 0x00, 0x00, 0xce,
  0x00, 0x00, 0x00, 0x00, 0x00, 0xd1, 0x00, 0x00, 0x00, 0x00, 0x00, 0xdb,
  0x00, 0x19, 0x00, 0x00, 0x00, 0x00, 0x00, 0x00, 0x00, 0x00, 0x00, 0x00,
  0x00, 0x00, 0x00, 0x00, 0x00, 0x00, 0x00, 0x00, 0x00, 0x00, 0x00, 0xd9,
  0x00, 0x00, 0x00, 0x00, 0x00, 0x00, 0x00, 0x1f, 0x00, 0x0a, 0x00, 0xd9,
  0x00, 0x00, 0x00, 0x00, 0x00, 0xdb, 0x00, 0x00, 0x00, 0x00, 0x00, 0xda,
  0x1a, 0x1a, 0x00, 0x00, 0x00, 0x00, 0x00, 0x00, 0x00, 0x3c, 0x00, 0xcd,
  0x00, 0x00, 0x00, 0x2e, 0x00, 0x00, 0x18, 0x00, 0x00, 0x29, 0x00, 0x00,
  0x00, 0x00, 0x00, 0x00, 0x00, 0xce, 0x00, 0x00, 0x00, 0x00, 0x00, 0x00,
  0x00, 0x00, 0xdd, 0x00, 0x00, 0xd8, 0x00, 0x00, 0xd6, 0x00, 0xd1, 0x00,
  0x1d, 0x00, 0x00, 0xfd, 0x00, 0x00, 0x00, 0x00, 0x00, 0x00, 0x00, 0x00,
  0x00, 0x00, 0x00, 0x00, 0x00, 0xd4, 0x00, 0x27, 0x00, 0x00, 0xc4, 0x00,
  0x00, 0x00, 0x00, 0x00, 0xc4, 0xca, 0x00, 0x00, 0x00, 0x00, 0xd8, 0x00,
  0x00, 0x25, 0x00, 0x00, 0x00, 0xc8, 0x00, 0x00, 0x00, 0x00, 0x00, 0xbf,
  0x00, 0x00, 0x00, 0x00, 0x00, 0xc1, 0x00, 0x00, 0x00, 0x00, 0xd2, 0xcf,
  0x00, 0x00, 0xeb, 0x00, 0xd3, 0xd6, 0x00, 0x00, 0x00, 0x00, 0xd8, 0x00,
  0x00, 0x00, 0x00, 0x00, 0xcb, 0x00, 0x00, 0x00, 0xec, 0x00, 0xc5, 0xcc,
  0x25, 0x00, 0xea, 0x00, 0x00, 0x00, 0x1d, 0x00, 0xef, 0x00, 0x00, 0x00,
  0x22, 0x00, 0x00, 0x00, 0x00, 0xc2, 0x00, 0x00, 0x00, 0x00, 0xc7, 0xc6,
  0x24, 0x00, 0x00, 0x27, 0xd1, 0x00, 0x00, 0x00, 0x00, 0x26, 0xd8, 0x00,
  0x00, 0x00, 0x00, 0x00, 0x00, 0xc0, 0x00, 0x00, 0x00, 0x00, 0xc8, 0x00,
  0x00, 0x00, 0x00, 0x00, 0x00, 0x00, 0x00, 0x00, 0x00, 0xd9, 0xd6, 0xf3,
  0x00, 0x00, 0xe2, 0x00, 0x00, 0x00, 0x00, 0x00, 0x00, 0x00, 0x00, 0x00,
  0x00, 0x00, 0xd8, 0x00, 0x00, 0xf4, 0x00, 0x00, 0x00, 0x00, 0xd8, 0x00,
  0x00, 0x00, 0x00, 0x00, 0xd0, 0x00, 0x00, 0x00, 0x00, 0x00, 0xdc, 0x00,
  0x00, 0x00, 0x00, 0x00, 0xd8, 0x00, 0x00, 0x00, 0x00, 0x00, 0xd4, 0xf4,
  0x00, 0x00, 0xdc, 0x00, 0xda, 0x00, 0x00, 0x1a, 0xc9, 0x00, 0xda, 0x00,
  0x00, 0x00, 0xd8, 0xed, 0xd6, 0x00, 0x00, 0x00, 0x00, 0x00, 0xd9, 0x00,
  0x00, 0x00, 0x00, 0x00, 0xcd, 0x00, 0x00, 0x00, 0x00, 0x00, 0xb9, 0x00,
  0x00, 0x00, 0x00, 0x00, 0xd3, 0x00, 0x00, 0x00, 0x00, 0x00, 0x00, 0x00,
  0x00, 0x00, 0x00, 0x00, 0x00, 0x00, 0x00, 0x00, 0x00, 0x00, 0xd5, 0x00,
  0x00, 0x00, 0x00, 0x00, 0x00, 0x00, 0x2d, 0x00, 0xe2, 0x00, 0x00, 0x00,
  0x00, 0x1d, 0xd9, 0x00, 0x00, 0x00, 0x00, 0x00, 0x00, 0x00, 0x00, 0x00,
  0x00, 0x00, 0x00, 0x00, 0x00, 0x00, 0x00, 0x00, 0xda, 0x00, 0xd4, 0x00,
  0x00, 0x00, 0x00, 0x00, 0xdc, 0x00, 0x00, 0x00, 0x00, 0x00, 0x00, 0x00,
  0x00, 0x00, 0x00, 0x00, 0x00, 0x00, 0x00, 0x00, 0x00, 0x00, 0x00, 0x00,
  0x00, 0x00, 0x00, 0x00, 0x00, 0x00, 0x00, 0x00, 0x00, 0x00, 0x00, 0x00,
  0x00, 0x00, 0x00, 0x00, 0x00, 0x00, 0x00, 0x00, 0x00, 0x00, 0xdd, 0x00,
  0x00, 0x00, 0x00, 0x00, 0xdc, 0x00, 0x00, 0x00, 0x00, 0x00, 0xcb, 0x00,
  0x00, 0x00, 0x00, 0x00, 0xd2, 0x00, 0x00, 0x00, 0x00, 0x00, 0x00, 0x00,
  0xf0, 0x26, 0x00, 0xf8, 0x00, 0x1f, 0x00, 0x00, 0x00, 0xef, 0x00, 0x00,
  0x00, 0x00, 0x00, 0xe7, 0x00, 0x00, 0x00, 0x19, 0x00, 0x00, 0xd8, 0x00,
  0x00, 0x00, 0x00, 0x00, 0xcd, 0xeb, 0x30, 0x00, 0x00, 0x00, 0xc4, 0x00,
  0x25, 0x11, 0x00, 0x00, 0xda, 0x00, 0x00, 0x1d, 0xd1, 0x00, 0xde, 0x00,
  0x24, 0x00, 0xe1, 0x2a, 0x00, 0x00, 0x00, 0x00, 0x00, 0x00, 0xdb, 0x00,
  0x00, 0x18, 0x00, 0x00, 0xd4, 0x00, 0x29, 0x23, 0x00, 0x00, 0xd0, 0x00,
  0x00, 0x00, 0x00, 0x00, 0xda, 0x00, 0x00, 0x20, 0x00, 0x00, 0xd7, 0x00,
  0x00, 0x00, 0x00, 0x00, 0x00, 0x00, 0x00, 0x00, 0x00, 0x00, 0x00, 0xdb,
  0x00, 0x32, 0x00, 0x00, 0x00, 0x00, 0x00, 0x00, 0x00, 0x00, 0x00, 0xe4,
  0x25, 0x17, 0x00, 0x00, 0x00, 0xdc, 0x00, 0x28, 0x00, 0x00, 0x00, 0x00,
  0x00, 0x30, 0x00, 0x00, 0x00, 0x00, 0x00, 0x00, 0x00, 0x00, 0x00, 0x00,
  0x00, 0x00, 0xcc, 0x00, 0x00, 0x00, 0x00, 0x2a, 0xd7, 0x00, 0x00, 0x00,
  0x00, 0x20, 0x00, 0x00, 0x00, 0xdd, 0x00, 0x1f, 0x00, 0xfd, 0x00, 0x00,
  0x00, 0x00, 0x00, 0xf9, 0x00, 0xe6, 0x00, 0x00, 0x00, 0xf5, 0x00, 0x00,
  0x00, 0x00, 0x00, 0xee, 0x00, 0xe8, 0x00, 0x00, 0x00, 0x00, 0x00, 0x00,
  0x00, 0x00, 0x00, 0xf5, 0x00, 0x00, 0x00, 0x2b, 0x00, 0x00, 0x00, 0x00,
  0x00, 0x00, 0x00, 0x00, 0x00, 0x00, 0x00, 0x00, 0x00, 0x00, 0x00, 0x00,
  0x00, 0x00, 0x00, 0x00, 0x00, 0x00, 0xd7, 0x00, 0x00, 0x00, 0x00, 0x00,
  0x00, 0x00, 0x00, 0x00, 0x00, 0x00, 0xcf, 0x20, 0xd0, 0x00, 0x00, 0x00,
  0x00, 0x00, 0x00, 0x00, 0x00, 0x00, 0x00, 0x00, 0xcb, 0x00, 0x00, 0x00,
  0x00, 0x00, 0x00, 0x00, 0x00, 0x00, 0x00, 0x22, 0x00, 0xdf, 0xeb, 0x00,
  0x00, 0x36, 0xda, 0x00, 0x00, 0x00, 0x00, 0x2f, 0xc4, 0x00, 0xea, 0xd6,
  0x00, 0x00, 0xd1, 0x00, 0xe0, 0x00, 0x00, 0x43, 0x00, 0x00, 0xe1, 0x00,
  0x00, 0x29, 0x00, 0x00, 0xea, 0x0b, 0x00, 0x37, 0x00, 0x00, 0xe9, 0x00,
  0x00, 0x27, 0x00, 0x00, 0xc7, 0x00, 0x00, 0x27, 0x00, 0x00, 0xed, 0x00,
  0x00, 0x00, 0x00, 0x00, 0x00, 0x00, 0xd1, 0x3c, 0xd0, 0x00, 0xee, 0x00,
  0x00, 0x2e, 0xcd, 0x00, 0xe8, 0x00, 0x00, 0x2e, 0x00, 0x00, 0xe9, 0x00,
  0x00, 0x00, 0x00, 0x00, 0xf3, 0x00, 0xd3, 0x00, 0xdb, 0x00, 0x00, 0x00,
  0x00, 0x00, 0x00, 0x00, 0x00, 0x00, 0x00, 0x20, 0x00, 0x00, 0x00, 0x00,
  0xcf, 0x25, 0xba, 0x00, 0x00, 0x00, 0x00, 0x1f, 0xd1, 0x00, 0x00, 0x00,
  0x00, 0x00, 0xd1, 0x00, 0x00, 0x00, 0x00, 0x00, 0x00, 0x00, 0x00, 0x00,
  0x00, 0x00, 0x00, 0x00, 0x00, 0x00, 0xf2, 0x15, 0x00, 0x00, 0x00, 0x00,
  0x00, 0x14, 0x20, 0x00, 0x00, 0x00, 0x00, 0x14, 0x00, 0x00, 0x00, 0x00,
  0x00, 0x16, 0x2d, 0x1c, 0xe8, 0x00, 0x00, 0x00, 0x35, 0x00, 0x00, 0x00,
  0x00, 0x00, 0x29, 0x00, 0x00, 0x00, 0x00, 0x18, 0x00, 0xf2, 0x00, 0x00,
  0x00, 0x00, 0x00, 0x00, 0x00, 0x00, 0x00, 0x00, 0xf5, 0x00, 0x00, 0x0d,
  0x00, 0x22, 0x00, 0x00, 0x00, 0x10, 0x00, 0x00, 0x00, 0x00, 0x00, 0x0b,
  0xf2, 0x25, 0x00, 0xe2, 0xec, 0x00, 0x00, 0x00, 0x00, 0x00, 0xed, 0x00,
  0x00, 0x00, 0x00, 0x00, 0x00, 0x14, 0x00, 0x29, 0x00, 0x00, 0x00, 0x00,
  0x00, 0x21, 0x00, 0x00, 0x00, 0x0e, 0x26, 0x19, 0x00, 0x00, 0x00, 0x00,
  0x2c, 0x28, 0x00, 0x00, 0x00, 0x00, 0x00, 0x00, 0x00, 0x00, 0x00, 0x09,
  0x22, 0x2a, 0x00, 0x13, 0x00, 0x00, 0x00, 0x00, 0x00, 0x00, 0x00, 0x00,
  0x00, 0x22, 0x2b, 0x00, 0x00, 0x00, 0x00, 0x00, 0x24, 0x00, 0x00, 0x00,
  0x00, 0x00, 0x00, 0x00, 0x00, 0x00, 0x00, 0x00, 0x00, 0x26, 0x00, 0x00,
  0x00, 0x00, 0x00, 0x00, 0x00, 0x00, 0x00, 0x00, 0x00, 0x00, 0x00, 0x00,
  0x00, 0x00, 0x00, 0xeb, 0x00, 0x00, 0x00, 0x00, 0xed, 0x00, 0x28, 0x00,
  0x00, 0xdf, 0x00, 0x00, 0x00, 0x00, 0x00, 0x00, 0x00, 0x00, 0x00, 0x00,
  0x00, 0x00, 0x00, 0x00, 0x00, 0x08, 0x00, 0x00, 0x00, 0x00, 0x00, 0x0b,
  0x00, 0x1a, 0x00, 0x00, 0x00, 0x00, 0xe9, 0x00, 0x00, 0x00, 0x00, 0x00,
  0x00, 0x1f, 0x00, 0xeb, 0x00, 0x00, 0x00, 0x1e, 0x00, 0x00, 0x00, 0x00,
  0x00, 0x19, 0x00, 0x00, 0x00, 0x00, 0x00, 0x1b, 0x00, 0x00, 0x00, 0x00,
  0x00, 0x00, 0x2a, 0x00, 0x00, 0x00, 0x1f, 0x00, 0x00, 0x1d, 0x00, 0x00,
  0x00, 0x00, 0x00, 0x1f, 0x00, 0x00, 0x00, 0x00, 0x31, 0x22, 0x00, 0x00,
  0x00, 0x19, 0x00, 0x00, 0x00, 0x00, 0x20, 0x16, 0x00, 0x00, 0x1e, 0x0f,
  0x00, 0x00, 0x00, 0x00, 0x00, 0x00, 0x00, 0x00, 0x00, 0x00, 0x00, 0x00,
  0x00, 0x00, 0x00, 0x00, 0x00, 0x00, 0x00, 0x00, 0x00, 0x00, 0x00, 0x00,
  0x00, 0x00, 0x00, 0x00, 0x00, 0x00, 0x00, 0x00, 0x00, 0xf3, 0x20, 0x00,
  0x00, 0x00, 0x00, 0x00, 0x00, 0x00, 0x00, 0x00, 0x00, 0x00, 0x00, 0x00,
  0x00, 0x00, 0x00, 0x17, 0x00, 0x0b, 0x00, 0x1b, 0x00, 0x00, 0x00, 0x06,
  0x20, 0x00, 0x00, 0x00, 0x00, 0x00, 0x00, 0x00, 0x00, 0x00, 0x00, 0x00,
  0x00, 0x25, 0x1a, 0x00, 0x00, 0x00, 0x00, 0x1b, 0x00, 0x00, 0x00, 0x00,
  0x00, 0x00, 0x00, 0x00, 0x1a, 0x06, 0x00, 0x00, 0x00, 0xe9, 0x00, 0x00,
  0x00, 0x00, 0x00, 0x00, 0x00, 0x00, 0x00, 0x00, 0x00, 0xed, 0x00, 0x00,
  0x00, 0x00, 0x00, 0xed, 0x00, 0x15, 0x1e, 0x00, 0x27, 0x1f, 0xe0, 0x00,
  0x00, 0x00, 0x00, 0x00, 0x00, 0x17, 0x00, 0x00, 0x27, 0xe4, 0x00, 0x0e,
  0x00, 0x00, 0x00, 0xdf, 0x00, 0x00, 0x00, 0x00, 0x00, 0x00, 0x00, 0x06,
  0xec, 0x00, 0x00, 0x1a, 0x00, 0x00, 0x00, 0x00, 0xe5, 0x00, 0x00, 0x14,
  0x00, 0x23, 0x00, 0x23, 0x00, 0x00, 0x00, 0x00, 0x25, 0x25, 0x00, 0x00,
  0x00, 0x1e, 0x00, 0x00, 0x00, 0x00, 0x00, 0x00, 0x00, 0x00, 0x00, 0x11,
  0x00, 0x00, 0x00, 0x00, 0x00, 0x05, 0x00, 0x00, 0x00, 0x00, 0x00, 0x1b,
  0x21, 0x00, 0x00, 0x00, 0x1b, 0x00, 0x00, 0x00, 0x3a, 0xeb, 0x00, 0x00,
  0x24, 0x1c, 0x00, 0x00, 0x00, 0x00, 0x00, 0x00, 0x00, 0x00, 0x00, 0x03,
  0x00, 0x00, 0x39, 0x00, 0x00, 0x0c, 0x00, 0x00, 0x38, 0x00, 0x00, 0x00,
  0x00, 0x00, 0x21, 0xfa, 0x00, 0x14, 0x1d, 0xee, 0x00, 0x00, 0x26, 0x00,
  0x00, 0x00, 0x00, 0xed, 0x37, 0x00, 0x00, 0xe9, 0x00, 0xf1, 0x2e, 0x0a,
  0x00, 0x00, 0x00, 0x00, 0x00, 0x0c, 0x00, 0x00, 0x00, 0x00, 0x00, 0x1b,
  0x00, 0x00, 0x00, 0x00, 0x00, 0x00, 0x00, 0x00, 0x00, 0x00, 0x00, 0x03,
  0x1d, 0x00, 0x00, 0x00, 0x00, 0x00, 0x19, 0x1f, 0x00, 0x00, 0x00, 0x07,
  0x00, 0x00, 0x00, 0x00, 0x1e, 0x0c, 0x00, 0x00, 0x00, 0x00, 0x00, 0x00,
  0x1b, 0x00, 0x00, 0x1e, 0x00, 0x00, 0x00, 0x00, 0x00, 0x1c, 0x00, 0x0a,
  0x1b, 0x21, 0x00, 0x00, 0x00, 0x00, 0x00, 0x00, 0x00, 0x00, 0x00, 0x00,
  0x00, 0x00, 0x00, 0x00, 0x00, 0x00, 0xdc, 0x00, 0x00, 0x21, 0x00, 0x00,
  0x00, 0x00, 0x00, 0x00, 0x00, 0xe4, 0xde, 0x00, 0x00, 0x00, 0x00, 0x00,
  0x00, 0x00, 0x00, 0x00, 0x00, 0x00, 0xe2, 0x0e, 0x00, 0x00, 0x00, 0x00,
  0x00, 0x0f, 0x00, 0x00, 0x00, 0x00, 0x00, 0x00, 0x00, 0x00, 0x00, 0x00,
  0x00, 0x0e, 0x00, 0x00, 0x2d, 0x00, 0x00, 0x00, 0x00, 0x21, 0x00, 0x00,
  0x00, 0x00, 0x00, 0x00, 0x2e, 0x00, 0x00, 0x00, 0x00, 0x00, 0x24, 0x00,
  0x00, 0x00, 0xe1, 0x00, 0x37, 0x00, 0x00, 0x00, 0x00, 0x00, 0x34, 0x00,
  0xdd, 0x0f, 0xe0, 0x00, 0x00, 0x00, 0x00, 0x00, 0x00, 0x00, 0x00, 0x00,
  0x00, 0x00, 0x00, 0x00, 0x00, 0x00, 0x00, 0x0c, 0x00, 0x00, 0xfb, 0x00,
  0x00, 0x00, 0x00, 0x00, 0x29, 0xe1, 0x00, 0x00, 0x00, 0x22, 0x00, 0x00,
  0x00, 0x00, 0x00, 0x40, 0x00, 0x00, 0x00, 0x00, 0x00, 0x00, 0x00, 0x00,
  0x00, 0x00, 0x00, 0x2e, 0x00, 0x00, 0x00, 0x00, 0x00, 0x1e, 0x00, 0x00,
  0x00, 0x16, 0x00, 0x1f, 0x00, 0x00, 0x00, 0x00, 0x00, 0x00, 0x43, 0x00,
  0x00, 0x00, 0xe3, 0x00, 0x00, 0x00, 0x00, 0x00, 0x00, 0x2a, 0x00, 0x00,
  0x0e, 0x14, 0xda, 0x24, 0x00, 0x00, 0x0f, 0x00, 0x00, 0x00, 0x00, 0x00,
  0x00, 0x00, 0x00, 0x00, 0x00, 0x00, 0x11, 0x00, 0x00, 0x00, 0x00, 0x00,
  0x00, 0x00, 0x00, 0x00, 0x00, 0x00, 0x10, 0x00, 0x00, 0x00, 0x00, 0x00,
  0x00, 0x00, 0x00, 0x00, 0x18, 0x19, 0x00, 0x00, 0x00, 0x00, 0x00, 0x00,
  0x16, 0x00, 0x00, 0x00, 0x00, 0x00, 0x11, 0x00, 0x00, 0x00, 0x00, 0x00,
  0x00, 0x00, 0x00, 0x00, 0x28, 0x00, 0x00, 0x00, 0x00, 0x00, 0x00, 0x00,
  0x00, 0x00, 0x00, 0x00, 0x2c, 0x00, 0x11, 0x00, 0x00, 0x00, 0x21, 0x00,
  0x00, 0x00, 0x00, 0x00, 0x37, 0x00, 0x00, 0x00, 0x00, 0x00, 0x22, 0x00,
  0x00, 0x00, 0x00, 0x00, 0x00, 0x00, 0x0b, 0x00, 0x00, 0x00, 0x00, 0x00,
  0x00, 0x00, 0x00, 0x00, 0x21, 0x00, 0x0a, 0x00, 0x00, 0x00, 0x36, 0x00,
  0x0f, 0x00, 0x00, 0x00, 0x33, 0x00, 0x00, 0x00, 0x00, 0x00, 0x2b, 0x00,
  0x00, 0x00, 0x00, 0x00, 0x37, 0x00, 0x00, 0x00, 0x00, 0x00, 0x00, 0x19,
  0x00, 0x00, 0x00, 0x2c, 0x2e, 0x00, 0x00, 0x00, 0x00, 0x00, 0x00, 0x00,
  0x00, 0xd1, 0x00, 0x00, 0x00, 0x00, 0xe0, 0x00, 0x00, 0x00, 0x2f, 0x19,
  0x00, 0x00, 0x00, 0x00, 0x00, 0x00, 0xe3, 0xd1, 0x00, 0x00, 0x00, 0x00,
  0x00, 0x00, 0x00, 0x00, 0xf8, 0x00, 0x00, 0x00, 0x00, 0x28, 0x00, 0x00,
  0xe1, 0x00, 0x00, 0x21, 0x00, 0x00, 0xe2, 0x00, 0x00, 0x00, 0x28, 0x00,
  0x00, 0x00, 0x00, 0x00, 0x00, 0x00, 0x00, 0x00, 0xe2, 0x00, 0x00, 0x00,
  0x00, 0x00, 0xe2, 0x00, 0x00, 0x00, 0x00, 0x00, 0x00, 0xf0, 0x25, 0x00,
  0x00, 0x00, 0x00, 0x00, 0x00, 0x00, 0x00, 0x00, 0xe3, 0x00, 0x00, 0x00,
  0x00, 0x00, 0x00, 0x00, 0x27, 0x00, 0x00, 0x00, 0x00, 0x00, 0x38, 0x00,
  0x00, 0x00, 0x00, 0x00, 0x25, 0x00, 0x00, 0x00, 0x00, 0x00, 0x00, 0x00,
  0x00, 0x00, 0x00, 0x00, 0x00, 0x00, 0x00, 0x00, 0x00, 0x00, 0x28, 0x1a,
  0x00, 0x00, 0x00, 0x00, 0x00, 0x00, 0x00, 0x00, 0x00, 0x00, 0x25, 0x00,
  0x00, 0x00, 0x00, 0x00, 0x25, 0x00, 0x00, 0x00, 0x00, 0x00, 0x2a, 0x00,
  0xe1, 0x00, 0x00, 0x2e, 0x00, 0x00, 0x00, 0x00, 0x00, 0x00, 0x00, 0x00,
  0x00, 0x00, 0x00, 0x00, 0x30, 0x00, 0x00, 0x00, 0x00, 0x00, 0x00, 0x00,
  0x00, 0x00, 0x00, 0x00, 0x00, 0x00, 0x00, 0x00, 0x00, 0x00, 0x29, 0x00,
  0x00, 0x00, 0x00, 0x00, 0x2a, 0x00, 0x00, 0x00, 0x00, 0x00, 0x2a, 0x00,
  0x00, 0xd4, 0x00, 0x00, 0x00, 0x00, 0x00, 0x00, 0x00, 0x00, 0x28, 0x00,
  0x00, 0x00, 0x00, 0x00, 0x27, 0x00, 0x00, 0x00, 0xde, 0x00, 0x00, 0x00,
  0x00, 0x00, 0x00, 0x00, 0x00, 0x00, 0x00, 0x00, 0x00, 0x00, 0x00, 0xe0,
  0x00, 0x00, 0x00, 0x00, 0x00, 0x00, 0x00, 0x00, 0x00, 0x00, 0x22, 0x00,
  0x00, 0x00, 0x00, 0x00, 0x00, 0x00, 0xd8, 0x00, 0x00, 0x00, 0x00, 0xe1,
  0x00, 0x00, 0x00, 0x00, 0x00, 0x00, 0x00, 0x00, 0x00, 0x00, 0x2a, 0xde,
  0x00, 0x00, 0x00, 0x00, 0x36, 0xe7, 0xd3, 0x00, 0xf0, 0x00, 0x00, 0x00,
  0x00, 0x00, 0x00, 0x00, 0x00, 0x00, 0x00, 0x00, 0xdf, 0x00, 0x00, 0xb4,
  0xef, 0x00, 0xe8, 0x00, 0x00, 0x00, 0x00, 0x00, 0xe9, 0x00, 0x00, 0x00,
  0x00, 0x00, 0x00, 0x00, 0x00, 0xbc, 0x00, 0x00, 0xf0, 0x00, 0x00, 0xc9,
  0x00, 0x00, 0x00, 0x00, 0x00, 0xd2, 0x00, 0x00, 0x00, 0x00, 0x00, 0xd2,
  0xe9, 0x00, 0x00, 0x00, 0x00, 0x00, 0x00, 0x00, 0x00, 0x00, 0x00, 0xc8,
  0x00, 0x00, 0x00, 0x00, 0x00, 0xc6, 0x00, 0x00, 0x00, 0x00, 0x00, 0x00,
  0x00, 0x00, 0x00, 0x00, 0x00, 0x00, 0xea, 0x00, 0x00, 0x00, 0x00, 0x00,
  0x00, 0x00, 0x00, 0x00, 0x00, 0x00, 0x00, 0x00, 0x00, 0x00, 0x00, 0x00,
  0x00, 0x00, 0x00, 0x00, 0x00, 0xcc, 0x00, 0x00, 0xe9, 0x00, 0x00, 0xd4,
  0x00, 0x00, 0xd2, 0x00, 0x00, 0xcc, 0x00, 0x00, 0xe9, 0x00, 0x00, 0x00,
  0x00, 0x00, 0x00, 0x00, 0x00, 0xd2, 0x00, 0x00, 0x00, 0x00, 0x00, 0xc4,
  0x00, 0x00, 0x00, 0x00, 0x00, 0x00, 0x00, 0x00, 0x00, 0x00, 0x00, 0xcc,
  0x00, 0x00, 0xe8, 0x26, 0x00, 0x00, 0x00, 0x00, 0x00, 0x00, 0x00, 0xd8,
  0x00, 0x00, 0x00, 0x00, 0x00, 0x00, 0x00, 0x00, 0x00, 0x00, 0x00, 0xd3,
  0xc8, 0x02, 0x00, 0x00, 0x00, 0x00, 0x00, 0x00, 0x00, 0x00, 0x00, 0x00,
  0x00, 0x00, 0x00, 0x00, 0x00, 0x00, 0x00, 0x00, 0x00, 0x00, 0x00, 0xc8,
  0x00, 0x00, 0x00, 0x00, 0x00, 0x00, 0x00, 0x00, 0x00, 0x00, 0x00, 0x00,
  0x00, 0x00, 0x00, 0x00, 0x00, 0xd8, 0x00, 0x00, 0x00, 0x00, 0x00, 0xcf,
  0x00, 0x00, 0x00, 0x00, 0xe1, 0xce, 0x00, 0x00, 0x00, 0x00, 0x00, 0x00,
  0x00, 0x00, 0x00, 0x00, 0x00, 0x00, 0x00, 0x00, 0x00, 0x00, 0x00, 0x00,
  0xcd, 0x00, 0x00, 0x00, 0x00, 0x00, 0x00, 0x00, 0x00, 0x00, 0xea, 0xd2,
  0x00, 0x00, 0x00, 0x00, 0x00, 0x00, 0x00, 0x00, 0x00, 0x00, 0x00, 0xd8,
  0x00, 0x00, 0x00, 0x00, 0x00, 0xd0, 0xd5, 0x00, 0x00, 0x00, 0xea, 0x00,
  0x00, 0x00, 0x00, 0x00, 0x00, 0x00, 0xe0, 0x00, 0x00, 0x00, 0x00, 0x00,
  0x00, 0x00, 0x00, 0x00, 0x00, 0x00, 0x00, 0x00, 0x00, 0xcc, 0xe5, 0x00,
  0xdb, 0x31, 0x00, 0x00, 0xde, 0x00, 0x00, 0x00, 0x00, 0x00, 0x00, 0xc8,
  0x00, 0x00, 0x00, 0x00, 0x00, 0x00, 0x00, 0x32, 0xea, 0x00, 0x00, 0x00,
  0x00, 0x00, 0x00, 0x00, 0x00, 0x00, 0x00, 0x00, 0x00, 0x00, 0x00, 0x00,
  0x00, 0x3b, 0x00, 0x00, 0x00, 0x00, 0xda, 0x00, 0x00, 0x00, 0x00, 0x00,
  0xe1, 0x37, 0x00, 0xd6, 0x00, 0xc8, 0x00, 0x00, 0x00, 0x00, 0x00, 0x00,
  0xde, 0x00, 0x00, 0x00, 0xcb, 0x00, 0xe0, 0x00, 0x00, 0x00, 0x00, 0x00,
  0xdd, 0x00, 0x00, 0x00, 0x00, 0x00, 0x00, 0x00, 0x00, 0x00, 0x00, 0x00,
  0x00, 0x00, 0x00, 0x00, 0xde, 0x00, 0xdf, 0x3a, 0x00, 0x00, 0x00, 0xd0,
  0xda, 0x00, 0x00, 0x00, 0x00, 0x00, 0x00, 0x3d, 0x00, 0x00, 0x00, 0xca,
  0x00, 0x00, 0x00, 0x00, 0xc7, 0x00, 0x00, 0x00, 0x00, 0x00, 0x00, 0x00,
  0x00, 0x00, 0x00, 0xd8, 0x00, 0x00, 0xdd, 0x00, 0xef, 0x00, 0x00, 0xce,
  0x00, 0x45, 0x00, 0x00, 0x00, 0x00, 0xdf, 0x44, 0x00, 0x00, 0x00, 0x00,
  0xd8, 0x42, 0x00, 0x00, 0x00, 0x00, 0x00, 0x00, 0x00, 0x00, 0x00, 0x00,
  0x00, 0x47, 0x00, 0x00, 0x00, 0x00, 0xe1, 0x00, 0x00, 0x00, 0x00, 0xce,
  0x00, 0x00, 0x00, 0x04, 0x00, 0x00, 0xdf, 0x46, 0x00, 0x00, 0x00, 0xd3,
  0x00, 0x00, 0x00, 0x00, 0x00, 0x00, 0x00, 0x00, 0x00, 0x00, 0x00, 0x00,
  0x00, 0x00, 0x00, 0x00, 0x00, 0x00, 0x00, 0x00, 0x00, 0x00, 0x00, 0x00,
  0x00, 0x45, 0x00, 0x00, 0x00, 0x00, 0x00, 0x00, 0x00, 0x00, 0x00, 0xd2,
  0x00, 0x00, 0x00, 0xf0, 0x00, 0xd3, 0x00, 0x00, 0x00, 0x00, 0x00, 0x00,
  0x00, 0x00, 0x00, 0x00, 0x00, 0x00, 0x00, 0x00, 0xdd, 0x00, 0x00, 0x00,
  0x00, 0x00, 0x00, 0x00, 0x00, 0xd9, 0x00, 0x00, 0x00, 0x00, 0x00, 0x00,
  0x00, 0x00, 0x00, 0x00, 0x00, 0x00, 0x00, 0x00, 0x00, 0x00, 0x00, 0x00,
  0x00, 0x00, 0x00, 0x00, 0x00, 0x00, 0x00, 0x00, 0xd8, 0x2b, 0x00, 0x00,
  0x00, 0x00, 0xd7, 0x00, 0x00, 0x00, 0x00, 0x00, 0x00, 0x00, 0x00, 0x00,
  0x00, 0x00, 0x00, 0x00, 0x00, 0xce, 0xdc, 0x00, 0x00, 0xcc, 0x00, 0x00,
  0x00, 0x00, 0x00, 0x00, 0x00, 0x00, 0x00, 0x00, 0x00, 0x00, 0x00, 0x37,
  0xdb, 0x00, 0x1c, 0x00, 0x00, 0x37, 0x00, 0x00, 0x26, 0xd4, 0x00, 0x00,
  0xd8, 0x00, 0x00, 0x00, 0x00, 0x00, 0x00, 0x00, 0x00, 0x00, 0x00, 0x00,
  0xdb, 0x00, 0x00, 0x00, 0x00, 0x00, 0x00, 0x02, 0x00, 0x00, 0x00, 0x34,
  0xd3, 0x00, 0x00, 0x00, 0x00, 0x34, 0x00, 0x00, 0x00, 0x00, 0x00, 0x00,
  0xd9, 0x00, 0x26, 0x00, 0x00, 0x00, 0xd9, 0x00, 0x00, 0xd5, 0x00, 0x00,
  0xd8, 0xd0, 0x00, 0x00, 0x15, 0x00, 0x00, 0x00, 0x00, 0x00, 0x17, 0x37,
  0x00, 0x00, 0x00, 0x00, 0x16, 0x00, 0xd4, 0x00, 0x00, 0x00, 0x00, 0x33,
  0x00, 0x09, 0x00, 0x00, 0x00, 0x00, 0x00, 0x00, 0x00, 0x00, 0x00, 0x00,
  0x00, 0x00, 0x00, 0xdc, 0x00, 0x00, 0x00, 0x00, 0x00, 0x00, 0x12, 0x00,
  0x00, 0x00, 0x00, 0x00, 0x31, 0x00, 0x00, 0x00, 0x00, 0xee, 0x25, 0x00,
  0x00, 0x00, 0x00, 0x00, 0x2b, 0x00, 0x00, 0x00, 0x00, 0x00, 0x1d, 0x00,
  0x00, 0x00, 0x18, 0xf4, 0x20, 0x00, 0x00, 0xdc, 0x00, 0x00, 0x00, 0x00,
  0x15, 0x00, 0x00, 0x00, 0x00, 0xfa, 0x00, 0x00, 0x00, 0x00, 0x00, 0x00,
  0x00, 0xdb, 0x00, 0x00, 0x2b, 0x00, 0x00, 0x00, 0x00, 0x00, 0x00, 0x00,
  0x00, 0x00, 0x0e, 0xc4, 0x26, 0x00, 0x00, 0x00, 0x00, 0xdd, 0x25, 0x00,
  0x00, 0x00, 0x00, 0xd7, 0x00, 0x00, 0x00, 0xd6, 0x00, 0xd8, 0x00, 0xfb,
  0x00, 0xd6, 0x1c, 0x00, 0x00, 0x00, 0x00, 0xca, 0x00, 0xe3, 0x00, 0x00,
  0x00, 0x00, 0x11, 0x00, 0x00, 0x00, 0x19, 0x00, 0x00, 0x00, 0x00, 0xf3,
  0x00, 0x00, 0x18, 0xde, 0x00, 0x00, 0x00, 0x00, 0x19, 0xd4, 0x00, 0x00,
  0x18, 0x00, 0x00, 0x00, 0x00, 0xfa, 0x00, 0x00, 0x00, 0x00, 0x00, 0x00,
  0x00, 0x00, 0x00, 0xda, 0x00, 0x00, 0x00, 0x00, 0x00, 0xe2, 0x10, 0x00,
  0xde, 0x00, 0x00, 0xe9, 0x00, 0x00, 0x00, 0x00, 0x24, 0x00, 0xe1, 0x00,
  0x00, 0xbd, 0x13, 0xdf, 0x00, 0x00, 0xe4, 0x00, 0x00, 0x00, 0x00, 0x00,
  0xe2, 0x00, 0x00, 0x00, 0x00, 0x00, 0x00, 0x00, 0x00, 0xe5, 0x00, 0x00,
  0x00, 0x00, 0x00, 0x00, 0x00, 0x00, 0xda, 0x00, 0x00, 0xe2, 0x00, 0x00,
  0x00, 0x00, 0x00, 0x00, 0x00, 0x00, 0xda, 0x00, 0x00, 0x00, 0x00, 0x00,
  0x00, 0x00, 0x1a, 0xd0, 0x00, 0x00, 0x00, 0x00, 0x00, 0xe5, 0x00, 0x00,
  0x00, 0x00, 0x00, 0x00, 0x00, 0x00, 0x00, 0x00, 0x00, 0x00, 0x00, 0x00,
  0x00, 0x00, 0x00, 0x00, 0x00, 0x00, 0x00, 0x00, 0x00, 0x00, 0x00, 0x00,
  0x00, 0x00, 0x00, 0x00, 0x00, 0x00, 0x00, 0x00, 0x00, 0x00, 0xdd, 0xed,
  0x00, 0x00, 0x00, 0x00, 0x15, 0xf1, 0x00, 0x00, 0x00, 0x00, 0x10, 0x00,
  0x00, 0x00, 0x00, 0x40, 0x00, 0x00, 0x00, 0x00, 0x00, 0x00, 0x00, 0x00,
  0x00, 0x00, 0x00, 0x00, 0x00, 0x00, 0x00, 0x07, 0x00, 0x00, 0x00, 0x00,
  0xd0, 0x00, 0x00, 0x00, 0x00, 0x00, 0xca, 0x00, 0x00, 0x00, 0x00, 0x00,
  0x00, 0x00, 0x05, 0x00, 0x00, 0x00, 0xca, 0x00, 0x00, 0x00, 0x00, 0x00,
  0x00, 0x00, 0x00, 0x00, 0x00, 0x00, 0x00, 0xc9, 0x00, 0x00, 0x00, 0x00,
  0x00, 0x00, 0x1b, 0x01, 0x00, 0x00, 0x00, 0x00, 0x24, 0x03, 0x00, 0x00,
  0x00, 0x00, 0x00, 0x00, 0x14, 0xf1, 0xce, 0xd7, 0x00, 0x00, 0x00, 0x00,
  0xc5, 0x00, 0x00, 0x00, 0x18, 0x00, 0xc9, 0x00, 0x00, 0x00, 0x11, 0x00,
  0x00, 0x00, 0x00, 0x00, 0x00, 0x00, 0x00, 0x00, 0x14, 0xd7, 0x00, 0x00,
  0xc5, 0x00, 0x18, 0xd9, 0x00, 0x00, 0xbf, 0xd0, 0x00, 0x00, 0x00, 0x00,
  0x00, 0x00, 0x00, 0x00, 0x15, 0x00, 0x00, 0xd4, 0x00, 0x00, 0x19, 0x00,
  0x00, 0x00, 0x00, 0x00, 0x26, 0xe6, 0x00, 0x00, 0x00, 0x00, 0x00, 0x00,
  0x00, 0x00, 0x00, 0x00, 0x00, 0xe5, 0xfa, 0x00, 0x00, 0x00, 0x00, 0xdc,
  0x00, 0x00, 0x00, 0xc0, 0x28, 0x00, 0xfd, 0x00, 0x00, 0x00, 0x28, 0x00,
  0x00, 0x00, 0x00, 0x00, 0x31, 0x00, 0x00, 0x00, 0x00, 0xdf, 0x27, 0x00,
  0x00, 0xbc, 0x00, 0x00, 0x2d, 0x00, 0x00, 0xcb, 0x00, 0xd5, 0x00, 0x00,
  0x00, 0xd5, 0x14, 0x00, 0x00, 0x00, 0x00, 0xcf, 0x00, 0x00, 0x00, 0x00,
  0xd4, 0x00, 0x00, 0x00, 0x00, 0x00, 0x00, 0x00, 0x00, 0x00, 0x00, 0x3a,
  0x11, 0x00, 0x00, 0x00, 0x00, 0x00, 0x00, 0x00, 0x00, 0xe9, 0x00, 0x00,
  0x0f, 0xf6, 0x00, 0xe9, 0x00, 0x00, 0x00, 0x00, 0x13, 0xe8, 0x00, 0x00,
  0x00, 0x00, 0x18, 0xe0, 0x00, 0x00, 0x00, 0x00, 0x00, 0x00, 0x00, 0x00,
  0x00, 0x00, 0x00, 0x00, 0x00, 0x00, 0x00, 0x22, 0x00, 0x00, 0x00, 0x00,
  0x00, 0xec, 0x00, 0x00, 0x00, 0x00, 0x00, 0x00, 0x00, 0x00, 0x00, 0x00,
  0x00, 0x00, 0x00, 0x00, 0x00, 0x00, 0x00, 0x00, 0x00, 0x00, 0x00, 0x2c,
  0x00, 0x00, 0x00, 0x28, 0x00, 0x00, 0x00, 0x00, 0x00, 0x2a, 0x00, 0x2c,
  0x00, 0x00, 0x00, 0x00, 0x00, 0x00, 0xe1, 0x00, 0x00, 0x00, 0x00, 0x00,
  0x00, 0x00, 0x00, 0x00, 0x00, 0x00, 0x00, 0x00, 0x00, 0x2e, 0x00, 0x00,
  0x00, 0x00, 0x00, 0x00, 0x00, 0x00, 0x00, 0x00, 0x00, 0x00, 0x00, 0x00,
  0xde, 0x00, 0x00, 0x00, 0x00, 0x00, 0xdd, 0x00, 0x00, 0x00, 0x00, 0x00,
  0xd6, 0x00, 0x00, 0x00, 0x00, 0x00, 0xd7, 0x2a, 0x00, 0x00, 0xd8, 0x00,
  0xdb, 0x2c, 0x00, 0x00, 0x00, 0x00, 0xd4, 0x00, 0x00, 0xe1, 0x1c, 0x2a,
  0xce, 0x00, 0x00, 0x00, 0x00, 0x00, 0xda, 0x00, 0x00, 0x00, 0x00, 0x00,
  0xdb, 0x00, 0x00, 0x00, 0x1a, 0x00, 0xd2, 0x00, 0x00, 0x00, 0x2c, 0x00,
  0xe4, 0x00, 0x00, 0xea, 0x00, 0x2c, 0xe2, 0x00, 0x00, 0x00, 0x00, 0x2a,
  0x00, 0x00, 0x00, 0x00, 0x00, 0x27, 0x00, 0x00, 0x00, 0x00, 0x00, 0x00,
  0xd6, 0x00, 0x00, 0x00, 0x0e, 0x00, 0x00, 0x1f, 0x00, 0x00, 0x00, 0x00,
  0xda, 0x00, 0x00, 0x00, 0x00, 0x00, 0x00, 0x23, 0x00, 0x00, 0x0a, 0x00,
  0x00, 0x00, 0x00, 0x00, 0x15, 0x00, 0x00, 0x00, 0x19, 0xef, 0x13, 0x00,
  0x00, 0xf7, 0x00, 0x00, 0x00, 0xe8, 0x00, 0x00, 0x00, 0xea, 0x12, 0xee,
  0x00, 0xf9, 0x00, 0x00, 0x41, 0x00, 0x14, 0x00, 0x00, 0x00, 0x23, 0x00,
  0x00, 0x00, 0x00, 0x00, 0x00, 0xf3, 0x00, 0xf0, 0x00, 0x00, 0x00, 0x00,
  0x1e, 0xf6, 0x00, 0x00, 0x1f, 0x00, 0x00, 0x00, 0x00, 0x00, 0x21, 0xf1,
  0x12, 0xf4, 0x00, 0x00, 0x20, 0x00, 0x22, 0x00, 0x00, 0x00, 0x00, 0x00,
  0x00, 0x00, 0x00, 0x00, 0x00, 0x00, 0x0e, 0x00, 0x00, 0x00, 0x00, 0x00,
  0x12, 0x00, 0x16, 0xef, 0x00, 0x00, 0x19, 0x00, 0x0d, 0xf0, 0x00, 0x00,
  0x07, 0x00, 0xe0, 0xf4, 0x00, 0x00, 0x00, 0x00, 0x00, 0x00, 0x00, 0x00,
  0x00, 0x00, 0x00, 0xf4, 0x00, 0x00, 0x00, 0x00, 0x00, 0x00, 0x00, 0x00,
  0x00, 0x00, 0x00, 0x00, 0xdf, 0x00, 0x00, 0x00, 0x00, 0x35, 0xe3, 0x00,
  0x00, 0x34, 0x00, 0x25, 0x00, 0x00, 0xc2, 0x00, 0x00, 0x00, 0x2b, 0x00,
  0xce, 0x00, 0x00, 0x00, 0x00, 0x00, 0x00, 0x00, 0x00, 0x00, 0x00, 0x00,
  0xba, 0x00, 0x00, 0x00, 0x00, 0x27, 0xc5, 0x00, 0x00, 0x00, 0x00, 0x00,
  0xcd, 0x00, 0x00, 0x00, 0x00, 0x00, 0x00, 0x00, 0x00, 0x00, 0x00, 0x35,
  0xd0, 0x00, 0x00, 0x00, 0x00, 0x2f, 0x00, 0x00, 0x00, 0x00, 0x00, 0x00,
  0xcd, 0x00, 0x00, 0x00, 0x00, 0x00, 0x00, 0x00, 0x00, 0x00, 0x00, 0x27,
  0x00, 0x00, 0x00, 0x00, 0x00, 0x00, 0x00, 0x00, 0x00, 0x00, 0x00, 0x00,
  0xd4, 0x00, 0x00, 0x00, 0x1e, 0x00, 0xd6, 0x00, 0x00, 0x00, 0x00, 0x00,
  0x00, 0x00, 0x00, 0x00, 0xee, 0x00, 0x00, 0xee, 0x00, 0x00, 0x14, 0x00,
  0xcd, 0x00, 0x00, 0x00, 0x13, 0x00, 0x00, 0x00, 0x00, 0x00, 0x00, 0x00,
  0x00, 0x00, 0x00, 0xdd, 0x00, 0x00, 0x00, 0x00, 0x00, 0xdc, 0x00, 0x00,
  0x00, 0x00, 0x00, 0x00, 0x00, 0x00, 0x00, 0x00, 0x00, 0x00, 0x00, 0x00,
  0x00, 0x00, 0x00, 0x19, 0x00, 0x00, 0x00, 0x00, 0x00, 0x00, 0xc7, 0x22,
  0x00, 0x00, 0x21, 0x00, 0xe4, 0x00, 0x00, 0x00, 0x00, 0x00, 0x00, 0x00,
  0xe4, 0x00, 0x00, 0x00, 0x00, 0x00, 0x00, 0x00, 0xe3, 0x00, 0x00, 0x28,
  0x00, 0x00, 0x00, 0x00, 0x00, 0x00, 0x00, 0x00, 0x00, 0x00, 0x00, 0x00,
  0xd5, 0x23, 0x00, 0x00, 0x00, 0x00, 0x00, 0x00, 0x00, 0x00, 0x00, 0x00,
  0x00, 0x00, 0x00, 0x36, 0xe4, 0x00, 0x00, 0x00, 0x16, 0x31, 0xd7, 0x00,
  0x00, 0x00, 0x16, 0x00, 0x00, 0x00, 0x00, 0x00, 0x00, 0x00, 0x00, 0xf2,
  0xdf, 0x00, 0x00, 0x00, 0x00, 0x00, 0x00, 0x00, 0x00, 0x00, 0x00, 0x00,
  0x00, 0x00, 0x00, 0x00, 0x00, 0x00, 0x00, 0x00, 0x00, 0x00, 0x00, 0x00,
  0x00, 0x00, 0x00, 0x00, 0x00, 0x00, 0x00, 0xcd, 0x00, 0x00, 0x00, 0x00,
  0xea, 0x00, 0x00, 0x00, 0x00, 0x00, 0xe8, 0x00, 0x00, 0x00, 0x00, 0x00,
  0xef, 0x00, 0x00, 0x00, 0x00, 0x0c, 0x00, 0x00, 0x00, 0x00, 0x00, 0x00,
  0x00, 0x00, 0x00, 0x00, 0x00, 0x00, 0x00, 0x00, 0x00, 0x00, 0x00, 0x00,
  0x00, 0x00, 0x00, 0x00, 0x00, 0x00, 0x00, 0x00, 0x39, 0x00, 0x00, 0x10,
  0x00, 0x00, 0x00, 0x00, 0x00, 0x14, 0x00, 0x00, 0x00, 0x00, 0x00, 0x00,
  0x00, 0x00, 0x00, 0xc6, 0x00, 0x23, 0x00, 0x00, 0x00, 0xe2, 0x00, 0x00,
  0x00, 0x00, 0x00, 0x00, 0x00, 0x1a, 0x00, 0x00, 0x00, 0x00, 0x00, 0x00,
  0x00, 0x00, 0x00, 0x00, 0x00, 0x00, 0x00, 0x00, 0x45, 0x00, 0x00, 0x00,
  0xeb, 0xcd, 0x31, 0xdd, 0x00, 0x00, 0xd6, 0x00, 0x47, 0x00, 0x00, 0x00,
  0x00, 0x00, 0x00, 0xc4, 0x01, 0x00, 0x00, 0x00, 0x00, 0x00, 0x00, 0x0f,
  0x00, 0x00, 0x00, 0x00, 0x00, 0x00, 0x00, 0x00, 0x34, 0x00, 0x00, 0x00,
  0x2c, 0x00, 0x35, 0x00, 0x00, 0x00, 0x00, 0x00, 0x00, 0x00, 0x00, 0x00,
  0x2e, 0x00, 0x00, 0x13, 0x00, 0xde, 0x00, 0x00, 0x00, 0x00, 0x00, 0x00,
  0x00, 0x00, 0x00, 0x00, 0xd3, 0x00, 0x00, 0x00, 0x2d, 0x00, 0x00, 0x00,
  0x00, 0x00, 0x00, 0x00, 0x00, 0x00, 0x00, 0x00, 0x00, 0xd5, 0x00, 0x00,
  0x00, 0x00, 0x00, 0xd7, 0x00, 0x00, 0x00, 0x00, 0x00, 0xe8, 0x00, 0x00,
  0x00, 0x00, 0x00, 0xde, 0x00, 0xd3, 0x00, 0x00, 0x00, 0xdb, 0x00, 0x00,
  0x00, 0x00, 0x00, 0x00, 0x00, 0xd5, 0x00, 0x00, 0x25, 0x00, 0x00, 0x00,
  0x00, 0x00, 0x00, 0x00, 0x00, 0x00, 0x00, 0x00, 0x00, 0x1f, 0x00, 0x00,
  0x00, 0x00, 0x00, 0x2a, 0x00, 0xca, 0x00, 0x00, 0x00, 0x00, 0x00, 0x00,
  0x00, 0x00, 0x00, 0x00, 0x00, 0x00, 0xea, 0x00, 0x00, 0x00, 0x00, 0x00,
  0x00, 0x00, 0x00, 0x00, 0x00, 0x00, 0x00, 0x00, 0x21, 0x00, 0xd3, 0x00,
  0x0e, 0x00, 0x00, 0x00, 0xd8, 0x00, 0x00, 0x00, 0x2a, 0x00, 0x00, 0x00,
  0x00, 0x00, 0x1d, 0x00, 0x00, 0x00, 0x00, 0x00, 0x00, 0x00, 0x00, 0x14,
  0x00, 0xfe, 0x00, 0x00, 0x00, 0x0a, 0x00, 0x00, 0x00, 0x00, 0x00, 0x00,
  0x00, 0x00, 0x1e, 0x00, 0x00, 0x00, 0x00, 0x00, 0x00, 0x00, 0x00, 0x00,
  0x00, 0x00, 0x00, 0x1c, 0xc9, 0x00, 0xae, 0x00, 0x00, 0x00, 0x00, 0x00,
  0xba, 0x00, 0x00, 0x00, 0x00, 0x00, 0x00, 0x00, 0x00, 0x00, 0x00, 0x00,
  0x00, 0x01, 0x00, 0xcc, 0x00, 0x01, 0x00, 0x01, 0x0a, 0xde, 0x00, 0x00,
  0xc9, 0x00, 0x00, 0xda, 0x1a, 0x00, 0x00, 0x00, 0x00, 0x00, 0x15, 0x00,
  0x00, 0x00, 0x25, 0x00, 0x00, 0x00, 0x00, 0x00, 0x00, 0x00, 0x00, 0xd4,
  0x00, 0x00, 0x00, 0x0e, 0x00, 0x00, 0x00, 0x00, 0x00, 0x00, 0x00, 0x00,
  0x00, 0x00, 0x00, 0x00, 0x00, 0x00, 0x00, 0x00, 0x00, 0x00, 0x00, 0x00,
  0x00, 0x00, 0x00, 0x00, 0x00, 0x00, 0x00, 0xc4, 0x00, 0x00, 0x00, 0x00,
  0x00, 0x00, 0x00, 0xd5, 0x00, 0x00, 0xca, 0x00, 0x1c, 0xcd, 0x00, 0x00,
  0x00, 0x00, 0x2f, 0xcf, 0xd5, 0x00, 0x00, 0x00, 0x30, 0x00, 0x00, 0x00,
  0x00, 0x00, 0x18, 0x00, 0xd2, 0x00, 0x00, 0x00, 0x00, 0x00, 0x00, 0x00,
  0x00, 0x00, 0x11, 0x00, 0x00, 0x00, 0x00, 0x00, 0x00, 0x00, 0x00, 0x00,
  0x00, 0xd1, 0x32, 0x00, 0x00, 0x00, 0x00, 0x00, 0x30, 0x00, 0xd5, 0x00,
  0x00, 0x00, 0x00, 0x00, 0xc7, 0x0c, 0x00, 0x00, 0x00, 0x00, 0xd3, 0x07,
  0x00, 0x00, 0x00, 0xc4, 0xda, 0x0b, 0x00, 0x00, 0x33, 0xc1, 0x00, 0x00,
  0x00, 0xd1, 0x00, 0xd7, 0x00, 0x00, 0x00, 0x00, 0x00, 0x00, 0x00, 0x00,
  0x00, 0xd3, 0x00, 0x00, 0xda, 0x00, 0x00, 0x00, 0x00, 0x00, 0x00, 0x00,
  0x00, 0x00, 0x2e, 0x00, 0x00, 0x00, 0x00, 0x00, 0x28, 0xd1, 0x00, 0x07,
  0x00, 0xfb, 0x27, 0x00, 0x00, 0x00, 0xe1, 0x00, 0x00, 0x00, 0x00, 0x00,
  0xe0, 0x00, 0x00, 0x00, 0x00, 0x07, 0x00, 0x00, 0x00, 0x00, 0x00, 0x0b,
  0x00, 0x00, 0x00, 0x00, 0x00, 0x08, 0x00, 0x00, 0x2b, 0xbd, 0x00, 0x05,
  0x00, 0xcf, 0x00, 0xbd, 0x00, 0x00, 0x22, 0x00, 0x00, 0x00, 0x00, 0xe5,
  0x00, 0x00, 0x00, 0x00, 0x00, 0x00, 0x00, 0xbb, 0x00, 0x00, 0x00, 0xde,
  0x00, 0x00, 0x00, 0x00, 0x00, 0xee, 0x00, 0x00, 0x00, 0x00, 0x00, 0x00,
  0x00, 0x00, 0x00, 0x00, 0xbd, 0xdd, 0x00, 0x00, 0x00, 0x00, 0x00, 0x00,
  0x00, 0xbd, 0x00, 0x00, 0x00, 0xe4, 0x00, 0xc0, 0x1f, 0xbc, 0x00, 0xeb,
  0x00, 0xc6, 0x00, 0xc1, 0x00, 0x00, 0x00, 0xc4, 0x00, 0xd4, 0x00, 0x00,
  0xf8, 0x00, 0x00, 0xd7, 0x00, 0xe7, 0x00, 0xc3, 0x00, 0xc1, 0x00, 0x00,
  0x00, 0x00, 0x00, 0xc6, 0x00, 0x00, 0x00, 0x00, 0x00, 0x00, 0xae, 0x00,
  0x00, 0x00, 0x00, 0x00, 0xbe, 0x00, 0x00, 0x00, 0x00, 0x00, 0x00, 0x00,
  0x00, 0x00, 0x00, 0x00, 0x00, 0xe8, 0x29, 0x00, 0x00, 0x00, 0x00, 0xe8,
  0x00, 0x00, 0x00, 0x00, 0x00, 0x00, 0x29, 0x00, 0x00, 0x00, 0x00, 0xe9,
  0x00, 0x00, 0x00, 0xc7, 0x00, 0xec, 0x00, 0x00, 0x00, 0x00, 0x00, 0x00,
  0x00, 0xbc, 0x00, 0x00, 0x00, 0xe1, 0x00, 0x00, 0x00, 0x00, 0x00, 0x00,
  0x3d, 0x00, 0x00, 0x00, 0x00, 0x00, 0x21, 0x00, 0x00, 0x00, 0xf6, 0xec,
  0x2b, 0xb1, 0x00, 0x00, 0x00, 0x00, 0x2e, 0x00, 0x00, 0x00, 0x00, 0x00,
  0x00, 0xb9, 0x00, 0x00, 0x00, 0x00, 0x39, 0x00, 0x00, 0x00, 0x00, 0x00,
  0x2e, 0x00, 0x00, 0x00, 0x00, 0xe8, 0x00, 0xb3, 0x00, 0x00, 0x00, 0x00,
  0x25, 0x00, 0x00, 0x00, 0xcf, 0x00, 0x00, 0xc0, 0x00, 0x00, 0x00, 0x0f,
  0x00, 0x00, 0x00, 0x00, 0xcc, 0x0e, 0x00, 0x00, 0x00, 0x00, 0xd2, 0x0c,
  0x00, 0x00, 0x00, 0x00, 0xcf, 0x00, 0x00, 0x00, 0x00, 0x00, 0x00, 0x09,
  0x00, 0x00, 0x00, 0x00, 0x00, 0x00, 0x00, 0x00, 0x17, 0x00, 0x00, 0x00,
  0x00, 0xbe, 0x00, 0x00, 0x00, 0x00, 0x00, 0x00, 0x00, 0x00, 0x00, 0x00,
  0x00, 0x00, 0x00, 0x00, 0x00, 0x00, 0x00, 0xbe, 0x1a, 0xdb, 0x00, 0x00,
  0x00, 0xc3, 0x00, 0xd5, 0x00, 0x00, 0x00, 0x00, 0x00, 0x00, 0x00, 0x00,
  0x00, 0x00, 0x00, 0x00, 0x00, 0x00, 0x00, 0x00, 0x11, 0x00, 0x00, 0x00,
  0x00, 0xb9, 0x0e, 0xd2, 0x00, 0x00, 0x00, 0x00, 0x00, 0x00, 0x00, 0x01,
  0x00, 0xbd, 0x00, 0x00, 0x00, 0x00, 0x00, 0xc1, 0x00, 0x00, 0x00, 0x00,
  0x00, 0x00, 0x00, 0x00, 0x00, 0x00, 0x00, 0x00, 0x00, 0x00, 0x00, 0x00,
  0x00, 0x00, 0x00, 0x00, 0x00, 0x00, 0x00, 0xc7, 0x00, 0x00, 0xc8, 0x00,
  0x00, 0xc8, 0x00, 0x00, 0x00, 0x00, 0x00, 0x00, 0x00, 0x00, 0x00, 0x00,
  0x1a, 0x00, 0x00, 0x00, 0x00, 0x00, 0x11, 0x00, 0x00, 0x00, 0x00, 0x00,
  0x19, 0x00, 0x00, 0x00, 0x00, 0xd8, 0x00, 0xcb, 0x00, 0x00, 0x00, 0x00,
  0x00, 0xc4, 0x00, 0x00, 0xd2, 0x00, 0x00, 0xcc, 0x00, 0xd4, 0x00, 0x00,
  0x19, 0x00, 0x00, 0xd8, 0x00, 0x00, 0x00, 0x00, 0x00, 0x00, 0x00, 0x00,
  0x00, 0xbb, 0x00, 0x00, 0x00, 0x00, 0x00, 0x00, 0x0e, 0xc3, 0x00, 0x00,
  0x00, 0x00, 0x00, 0x00, 0x00, 0x00, 0x00, 0x00, 0x00, 0xc9, 0x00, 0x13,
  0x00, 0x00, 0x00, 0xbf, 0x00, 0x00, 0x00, 0x00, 0x00, 0xcc, 0xb5, 0x00,
  0x00, 0x00, 0x00, 0xcc, 0xc6, 0x09, 0x00, 0x00, 0x19, 0xc5, 0xc9, 0x00,
  0x00, 0x00, 0x00, 0xc6, 0x00, 0x00, 0x00, 0x00, 0x18, 0xbb, 0xc1, 0x00,
  0x00, 0x00, 0x00, 0x00, 0x00, 0x00, 0x00, 0x00, 0x00, 0x00, 0x00, 0x00,
  0x00, 0xc8, 0x18, 0xb1, 0x00, 0x00, 0x00, 0x00, 0x00, 0xbe, 0x00, 0x00,
  0x00, 0x00, 0x00, 0x00, 0x00, 0x00, 0x00, 0xc9, 0x00, 0x00, 0x00, 0x00,
  0x00, 0x00, 0x00, 0x00, 0x00, 0x00, 0x00, 0x00, 0x17, 0xc3, 0x00, 0x00,
  0x00, 0x00, 0x1c, 0x00, 0x00, 0x00, 0x00, 0x00, 0x00, 0x00, 0x00, 0x00,
  0x00, 0x00, 0x00, 0xd1, 0x00, 0x00, 0x00, 0x00, 0x00, 0xc3, 0x00, 0xe4,
  0x00, 0x00, 0x00, 0xc3, 0x04, 0x00, 0x00, 0x00, 0x00, 0xc1, 0x00, 0x00,
  0x00, 0x00, 0x00, 0xbc, 0x00, 0x00, 0x00, 0x00, 0x00, 0xc0, 0x00, 0x00,
  0x00, 0x00, 0x00, 0x00, 0x00, 0x00, 0x00, 0x00, 0x00, 0x00, 0x00, 0x00,
  0x25, 0x00, 0x00, 0x00, 0x00, 0x00, 0x2a, 0x00, 0x00, 0x00, 0x00, 0xe2,
  0x00, 0xb9, 0x00, 0x00, 0x00, 0x00, 0x2c, 0x00, 0x00, 0x00, 0x00, 0x00,
  0x00, 0x00, 0x00, 0x00, 0x00, 0x00, 0x2c, 0x00, 0x00, 0x00, 0x00, 0x00,
  0x3c, 0x11, 0xf0, 0x00, 0x00, 0x00, 0x00, 0x16, 0x00, 0x00, 0x00, 0x00,
  0x00, 0x0b, 0x00, 0x00, 0xdd, 0x17, 0x00, 0x00, 0x00, 0x27, 0xd7, 0x00,
  0x00, 0x00, 0x00, 0x00, 0x00, 0x00, 0xf7, 0x00, 0x00, 0x00, 0x00, 0x14,
  0xfa, 0x00, 0x00, 0x00, 0x00, 0x00, 0xf9, 0x00, 0x00, 0x00, 0x00, 0x15,
  0x00, 0x00, 0x00, 0xed, 0x00, 0x00, 0x00, 0x00, 0x00, 0x00, 0x00, 0x00,
  0x00, 0x00, 0x00, 0x00, 0x00, 0x00, 0x00, 0x00, 0x00, 0x00, 0x00, 0x00,
  0x00, 0x00, 0x00, 0x00, 0x00, 0x00, 0x00, 0xda, 0x00, 0x00, 0xdf, 0x00,
  0x00, 0x00, 0x2b, 0x00, 0x00, 0x00, 0x00, 0x00, 0x00, 0xe7, 0x15, 0x00,
  0x00, 0xd1, 0x00, 0x00, 0x00, 0x00, 0x00, 0x00, 0x00, 0x00, 0x00, 0x00,
  0x00, 0x00, 0x00, 0xdf, 0x00, 0x00, 0x00, 0x00, 0x2d, 0xd2, 0x08, 0xd3,
  0x00, 0x00, 0x00, 0xc4, 0x00, 0xd2, 0x00, 0xd4, 0x00, 0x00, 0xdb, 0x00,
  0x00, 0x00, 0x35, 0x00, 0xdf, 0x00, 0x00, 0x00, 0x00, 0xe4, 0x00, 0xcf,
  0x00, 0x00, 0x00, 0x00, 0x00, 0x00, 0x00, 0xda, 0x00, 0x00, 0x00, 0x00,
  0x00, 0x00, 0x00, 0xf4, 0x00, 0x00, 0x00, 0x00, 0x00, 0xed, 0x00, 0x00,
  0x00, 0x00, 0x00, 0x00, 0x00, 0x00, 0x00, 0x00, 0x00, 0x00, 0xe8, 0x00,
  0x00, 0x00, 0x00, 0x00, 0xd2, 0x00, 0x00, 0x00, 0x15, 0x00, 0xd9, 0x00,
  0x00, 0xd6, 0x00, 0x00, 0xe8, 0x00, 0x32, 0x00, 0x00, 0x00, 0x00, 0x00,
  0x00, 0x00, 0x00, 0x00, 0xdd, 0x00, 0x00, 0x00, 0x00, 0x00, 0x00, 0x00,
  0x00, 0x00, 0x00, 0x00, 0x00, 0x00, 0x00, 0x00, 0x00, 0x00, 0x00, 0x00,
  0x00, 0x00, 0x00, 0x00, 0xdb, 0x00, 0x00, 0x00, 0x00, 0x00, 0xd1, 0x00,
  0x00, 0x00, 0x00, 0x00, 0xd7, 0x00, 0x00, 0x00, 0x00, 0xde, 0x00, 0x00,
  0x00, 0x00, 0x00, 0x00, 0xe8, 0x00, 0x00, 0x00, 0x00, 0x00, 0xd9, 0x00,
  0x00, 0x00, 0x00, 0x00, 0xd9, 0x00, 0x00, 0x00, 0x00, 0x00, 0x00, 0x00,
  0x00, 0x00, 0x00, 0xe6, 0xd4, 0x00, 0x00, 0x00, 0x00, 0xdc, 0xe7, 0x00,
  0x00, 0x00, 0x00, 0x00, 0xc9, 0x00, 0x31, 0x00, 0x00, 0x00, 0x00, 0x00,
  0x32, 0x0e, 0x00, 0x00, 0x00, 0x00, 0x37, 0x00, 0x00, 0x00, 0x00, 0x00,
  0x00, 0x00, 0x22, 0x00, 0xd9, 0x00, 0x30, 0x00, 0x2a, 0x00, 0x00, 0x00,
  0x00, 0x00, 0x00, 0xd4, 0x00, 0x00, 0x00, 0x00, 0x00, 0xdc, 0x00, 0x00,
  0x00, 0x00, 0x00, 0x00, 0xd6, 0x00, 0x00, 0x00, 0x30, 0x00, 0x00, 0xbc,
  0xdd, 0x00, 0x00, 0x00, 0xd5, 0x00, 0x00, 0x00, 0xf7, 0x00, 0x00, 0xbc,
  0x00, 0x00, 0x25, 0x11, 0xda, 0x00, 0x00, 0x00, 0x00, 0x1b, 0xcc, 0x00,
  0x00, 0x23, 0x21, 0x0d, 0x00, 0x00, 0x00, 0x1f, 0x00, 0x00, 0x00, 0xd3,
  0x26, 0x00, 0x00, 0x00, 0x00, 0x00, 0x00, 0x00, 0x00, 0x00, 0x00, 0x00,
  0x00, 0x00, 0x00, 0x00, 0xdd, 0x00, 0x00, 0x10, 0x00, 0x00, 0x00, 0x00,
  0x2a, 0x00, 0x00, 0x00, 0x00, 0x00, 0x32, 0x00, 0x00, 0x00, 0x00, 0x00,
  0x00, 0x00, 0x00, 0x00, 0x00, 0x00, 0x00, 0x17, 0x00, 0x00, 0x00, 0x00,
  0x00, 0x00, 0x00, 0xe9, 0x00, 0x00, 0x00, 0x00, 0x00, 0x00, 0x00, 0x00,
  0x00, 0x00, 0x00, 0x00, 0x00, 0x00, 0x00, 0x00, 0x00, 0x00, 0x00, 0x00,
  0xf2, 0x00, 0x23, 0x00, 0x00, 0x00, 0x00, 0x0f, 0x00, 0x00, 0x00, 0x00,
  0x00, 0x00, 0x00, 0x00, 0x00, 0x00, 0x00, 0x00, 0x00, 0x00, 0x00, 0x00,
  0x23, 0x00, 0x00, 0x00, 0x00, 0x00, 0x00, 0x00, 0x00, 0x00, 0x00, 0x00,
  0x00, 0x00, 0x00, 0x00, 0x00, 0x00, 0x00, 0x00, 0x00, 0x00, 0x00, 0x00,
  0x36, 0x00, 0x00, 0x00, 0x00, 0x00, 0x00, 0x00, 0x00, 0xee, 0x00, 0x00,
  0x3e, 0x00, 0x00, 0x00, 0x00, 0x00, 0x40, 0x00, 0x00, 0x00, 0x00, 0x00,
  0x00, 0x00, 0x00, 0x00, 0xe3, 0x00, 0x2a, 0x00, 0x00, 0x00, 0x00, 0x00,
  0x2d, 0x00, 0x00, 0x00, 0x00, 0x00, 0x00, 0x00, 0x00, 0xf0, 0x00, 0x00,
  0x00, 0x00, 0x00, 0x00, 0x00, 0x00, 0x00, 0x00, 0x00, 0xf4, 0x00, 0x00,
  0x00, 0x1f, 0x00, 0xe8, 0x00, 0x00, 0xf3, 0x15, 0x00, 0xf1, 0x00, 0x00,
  0x00, 0x00, 0x00, 0xea, 0x00, 0x00, 0x00, 0x00, 0x00, 0xdb, 0xe1, 0x00,
  0x00, 0x00, 0x00, 0xe8, 0x00, 0x00, 0x00, 0x20, 0x00, 0x00, 0x00, 0x00,
  0x00, 0x00, 0x00, 0x00, 0x00, 0x00, 0x00, 0x00, 0x00, 0x00, 0x00, 0x00,
  0x00, 0x00, 0x00, 0x00, 0x2d, 0x00, 0x00, 0x00, 0x00, 0x00, 0x00, 0x00,
  0x00, 0x00, 0x00, 0x00, 0x00, 0x00, 0x00, 0x00, 0x00, 0x00, 0xef, 0x00,
  0x00, 0x00, 0x00, 0x00, 0x00, 0x00, 0x00, 0x00, 0x00, 0x00, 0x00, 0x00,
  0x00, 0x00, 0x00, 0xee, 0x00, 0x00, 0x00, 0x00, 0x00, 0xf0, 0x00, 0x00,
  0x00, 0x00, 0x00, 0xf9, 0x00, 0x09, 0xe6, 0x00, 0xc8, 0xf4, 0x00, 0x09,
  0x00, 0x00, 0x00, 0x00, 0x00, 0x00, 0x00, 0x00, 0x00, 0x00, 0x00, 0x00,
  0xd7, 0x00, 0x00, 0x00, 0x00, 0x00, 0xe2, 0xdd, 0x0f, 0x00, 0x00, 0x00,
  0x00, 0x00, 0x00, 0x00, 0x00, 0x00, 0x00, 0x00, 0x00, 0x00, 0x00, 0x00,
  0x00, 0x00, 0x00, 0x00, 0x19, 0xcf, 0x00, 0xce, 0x00, 0x00, 0x00, 0x00,
  0x00, 0xd4, 0x00, 0x00, 0x00, 0x00, 0x00, 0xcb, 0x00, 0x00, 0x00, 0x00,
  0x00, 0x00, 0x00, 0x36, 0x00, 0x00, 0x00, 0x00, 0x00, 0x00, 0x00, 0x00,
  0x00, 0x00, 0x00, 0x00, 0x00, 0x00, 0x00, 0x00, 0x00, 0x00, 0x00, 0x00,
  0xea, 0x00, 0x00, 0x00, 0x00, 0x00, 0xec, 0x00, 0x00, 0x00, 0x00, 0x00,
  0x00, 0x00, 0x00, 0x00, 0x00, 0x00, 0x00, 0x00, 0x00, 0x00, 0xdc, 0x06,
  0x00, 0x0d, 0x00, 0x00, 0xe9, 0x00, 0x00, 0x00, 0x00, 0x00, 0xe2, 0x00,
  0x00, 0x0f, 0x00, 0x00, 0xdb, 0x07, 0x00, 0x00, 0x00, 0x00, 0x00, 0x00,
  0x00, 0x0d, 0x00, 0x00, 0x00, 0x00, 0x00, 0x00, 0x00, 0x00, 0x00, 0x00,
  0x00, 0x24, 0x00, 0x00, 0x00, 0x00, 0x00, 0x23, 0x00, 0x00, 0x00, 0x00,
  0x00, 0x0e, 0x00, 0x00, 0x00, 0x00, 0x00, 0x00, 0x00, 0x00, 0x00, 0x00,
  0x00, 0x00, 0x00, 0x00, 0x00, 0x00, 0x00, 0x00, 0x00, 0x00, 0xc8, 0x14,
  0x00, 0x00, 0x00, 0x00, 0xe0, 0x00, 0x00, 0x00, 0x00, 0x00, 0xe8, 0x00,
  0x00, 0x00, 0x00, 0x00, 0x00, 0x16, 0x00, 0x00, 0x00, 0x00, 0x00, 0x00,
  0x2e, 0x00, 0x00, 0x41, 0xe4, 0x1e, 0x00, 0x00, 0xc9, 0x00, 0x00, 0x1e,
  0x2a, 0x00, 0x00, 0x42, 0x00, 0x00, 0x00, 0x00, 0xcf, 0x00, 0x00, 0x00,
  0x00, 0x00, 0x00, 0x00, 0x00, 0x00, 0x00, 0x00, 0x00, 0x00, 0x00, 0x00,
  0x00, 0x00, 0x00, 0x00, 0x00, 0x00, 0x00, 0x00, 0x00, 0x00, 0x00, 0x00,
  0x00, 0x00, 0x00, 0x00, 0x00, 0x00, 0xe6, 0x00, 0xce, 0x00, 0x00, 0x00,
  0x00, 0xd2, 0x00, 0x00, 0x00, 0x1d, 0x00, 0xd8, 0x00, 0x00, 0x00, 0x1a,
  0x1d, 0x00, 0x00, 0x00, 0x00, 0x00, 0x00, 0x00, 0x00, 0x00, 0x00, 0x00,
  0x00, 0x00, 0x00, 0x00, 0xd5, 0x00, 0x2d, 0x00, 0x00, 0x00, 0x00, 0x00,
  0x00, 0xde, 0x00, 0x00, 0x00, 0x00, 0x00, 0x00, 0x00, 0x00, 0x00, 0x00,
  0x00, 0xd6, 0x00, 0x00, 0x00, 0x00, 0x00, 0x00, 0x00, 0x00, 0x00, 0x00,
  0x00, 0xd1, 0x00, 0x00, 0x00, 0x00, 0x00, 0x00, 0x00, 0x00, 0x00, 0x00,
  0x00, 0x00, 0x00, 0x00, 0x00, 0x00, 0x00, 0x00, 0x0a, 0x00, 0x00, 0x17,
  0x00, 0x00, 0x00, 0x00, 0x00, 0x20, 0x00, 0x00, 0x00, 0x00, 0x00, 0x00,
  0x00, 0x00, 0x00, 0x00, 0x00, 0x00, 0x00, 0x00, 0x00, 0x00, 0x00, 0x00,
  0x00, 0x11, 0x00, 0x00, 0x00, 0x00, 0x2e, 0x00, 0x00, 0x00, 0x00, 0x00,
  0x00, 0x00, 0x00, 0x00, 0xdf, 0x00, 0x00, 0x00, 0x00, 0x00, 0xd6, 0x00,
  0x00, 0x00, 0x00, 0x00, 0xdc, 0x00, 0x00, 0x13, 0x00, 0x00, 0xdb, 0x27,
  0x00, 0x00, 0x00, 0xef, 0x00, 0x1b, 0x00, 0x00, 0x00, 0x00, 0x00, 0x00,
  0x00, 0x00, 0x00, 0xf6, 0x00, 0x00, 0x24, 0x00, 0x00, 0x00, 0x00, 0x26,
  0x00, 0x00, 0x00, 0x00, 0x00, 0x00, 0x00, 0x00, 0x00, 0x00, 0xdb, 0x00,
  0x00, 0x00, 0x0a, 0x00, 0xe3, 0x1f, 0x00, 0x00, 0x00, 0x00, 0xd4, 0x00,
  0x00, 0x00, 0xd9, 0x00, 0x00, 0x00, 0x00, 0x00, 0x00, 0x00, 0x00, 0x00,
  0x21, 0x00, 0xcd, 0x00, 0x00, 0x00, 0x28, 0xde, 0x00, 0x00, 0xd5, 0x1e,
  0x33, 0x00, 0x00, 0x00, 0xdf, 0x00, 0x00, 0x00, 0x00, 0x00, 0x00, 0x1f,
  0x3b, 0x00, 0x00, 0x00, 0x00, 0x00, 0x2c, 0x00, 0x00, 0x00, 0xde, 0x00,
  0x00, 0x00, 0x00, 0x00, 0x00, 0x00, 0x00, 0x00, 0x00, 0x00, 0x00, 0x23,
  0x00, 0x00, 0x00, 0x00, 0x00, 0x00, 0x30, 0xcf, 0xe3, 0xee, 0x00, 0x00,
  0x1f, 0x00, 0x00, 0x00, 0x00, 0x00, 0x00, 0xfd, 0x00, 0xec, 0x00, 0x00,
  0x00, 0x00, 0x00, 0xed, 0x00, 0x00, 0x00, 0x00, 0x00, 0x00, 0x00, 0x00,
  0x00, 0x00, 0x00, 0x00, 0x00, 0x00, 0x00, 0x00, 0x00, 0x00, 0x00, 0x00,
  0x00, 0xf6, 0x18, 0x00, 0x00, 0x00, 0x13, 0x00, 0x00, 0x00, 0x00, 0x00,
  0x00, 0x00, 0x00, 0x00, 0x00, 0x00, 0x00, 0x00, 0x00, 0x00, 0x00, 0x00,
  0x00, 0x00, 0x00, 0xf5, 0x00, 0x19, 0x00, 0x00, 0x00, 0xf2, 0x00, 0x00,
  0x10, 0xfd, 0x00, 0xf4, 0xee, 0x00, 0x00, 0xf9, 0x00, 0xf3, 0xdb, 0x00,
  0x00, 0xf3, 0x00, 0x00, 0xd3, 0x00, 0x00, 0x00, 0x14, 0x00, 0xd8, 0x00,
  0x0d, 0x00, 0x00, 0x00, 0xd3, 0x00, 0x00, 0x00, 0x00, 0x00, 0xdc, 0x00,
  0x00, 0x00, 0x00, 0x00, 0x00, 0x00, 0xd6, 0x00, 0x00, 0x00, 0x00, 0x00,
  0x00, 0x00, 0x00, 0x00, 0x00, 0xe6, 0x00, 0xf1, 0x00, 0x00, 0xf3, 0x00,
  0x00, 0x00, 0x00, 0xe7, 0xe7, 0x00, 0x00, 0xf7, 0x00, 0x00, 0xeb, 0x00,
  0xd4, 0x00, 0x00, 0x00, 0xc7, 0x00, 0x00, 0x00, 0x00, 0x12, 0xeb, 0x00,
  0xd5, 0xf4, 0x00, 0x00, 0xf6, 0x00, 0x00, 0x00, 0x00, 0x00, 0x00, 0x00,
  0x00, 0x00, 0x00, 0x00, 0x00, 0x00, 0x00, 0x00, 0x00, 0x00, 0x00, 0x00,
  0x00, 0x00, 0xe0, 0x00, 0x00, 0x00, 0x00, 0x00, 0x00, 0x30, 0xf1, 0x00,
  0x00, 0x00, 0x00, 0x00, 0xe9, 0x00, 0x00, 0x00, 0x00, 0x00, 0xe8, 0x00,
  0x00, 0x00, 0xdf, 0x00, 0xf6, 0x00, 0x00, 0xea, 0xc7, 0x1f, 0x00, 0x00,
  0x00, 0x00, 0x00, 0x11, 0xf0, 0x00, 0x00, 0x00, 0x00, 0x00, 0xee, 0x00,
  0xde, 0x00, 0x00, 0x1c, 0x00, 0x00, 0xe1, 0xf7, 0x00, 0x00, 0xec, 0x00,
  0x00, 0x00, 0xd1, 0x00, 0x00, 0x00, 0xd5, 0x00, 0x1d, 0x00, 0x00, 0x00,
  0x00, 0xf5, 0x00, 0x00, 0x00, 0x00, 0x00, 0x00, 0xde, 0x00, 0x00, 0x00,
  0x00, 0x00, 0x00, 0x27, 0x00, 0xe6, 0x00, 0x00, 0x00, 0x00, 0x00, 0x00,
  0xe7, 0x00, 0x00, 0x00, 0x00, 0x00, 0x00, 0x00, 0xe0, 0x00, 0x00, 0x00,
  0x00, 0xfb, 0x00, 0xe1, 0x00, 0x00, 0x00, 0x00, 0xdb, 0x00, 0x00, 0x00,
  0x00, 0x00, 0x00, 0x00, 0x00, 0x00, 0x1a, 0x00, 0x00, 0x00, 0xeb, 0x00,
  0x00, 0x00, 0x00, 0x00, 0xe4, 0x00, 0x00, 0x00, 0x00, 0x00, 0xe9, 0x00,
  0xe9, 0x00, 0x00, 0x00, 0xeb, 0x00, 0x00, 0x00, 0x00, 0x00, 0x00, 0x00,
  0x00, 0x00, 0x00, 0x00, 0xf5, 0x00, 0x00, 0x00, 0x00, 0x00, 0xee, 0x00,
  0x00, 0x00, 0x00, 0xc7, 0xf0, 0x00, 0x00, 0x00, 0x00, 0x00, 0x00, 0x00,
  0x00, 0x00, 0x00, 0x00, 0xdb, 0x00, 0x00, 0x2a, 0x00, 0x00, 0xe4, 0x00,
  0xf2, 0x00, 0x00, 0x00, 0xe6, 0x00, 0xef, 0xf9, 0xea, 0x00, 0xf2, 0x00,
  0x00, 0x00, 0xeb, 0x00, 0xe2, 0xe1, 0xe3, 0x00, 0x00, 0x00, 0xd2, 0x00,
  0x00, 0x00, 0x00, 0x00, 0xeb, 0x00, 0xeb, 0x00, 0x00, 0x00, 0xe1, 0x00,
  0xf0, 0x00, 0x00, 0x00, 0xe1, 0x00, 0x00, 0x00, 0x00, 0x00, 0xea, 0x00,
  0x00, 0x24, 0xd9, 0x00, 0x00, 0xc9, 0xf4, 0x00, 0xdc, 0x00, 0x00, 0x00,
  0x00, 0x00, 0x00, 0x00, 0xe7, 0xdb, 0x00, 0x00, 0xd9, 0x00, 0xd1, 0x00,
  0x00, 0x2d, 0x00, 0x00, 0xc4, 0x00, 0x00, 0x00, 0x00, 0x00, 0xd9, 0xd9,
  0xf0, 0x28, 0x00, 0x00, 0xea, 0x00, 0xe3, 0x28, 0x19, 0x00, 0x00, 0x00,
  0x00, 0x00, 0x00, 0xe8, 0x00, 0x00, 0xeb, 0x00, 0x00, 0x00, 0x00, 0x00,
  0x00, 0x00, 0x00, 0x00, 0x00, 0x00, 0xf0, 0x00, 0x00, 0xde, 0x00, 0x00,
  0x00, 0x00, 0x00, 0x00, 0x00, 0x00, 0x00, 0x00, 0x00, 0x00, 0xd8, 0x00,
  0xf6, 0x00, 0x00, 0x00, 0xea, 0x00, 0xef, 0x27, 0x00, 0x00, 0x00, 0x00,
  0x00, 0x00, 0x00, 0x00, 0x00, 0x00, 0x00, 0x00, 0x00, 0x00, 0x00, 0x00,
  0xec, 0x00, 0x00, 0xe9, 0x00, 0x00, 0xef, 0x00, 0x00, 0x00, 0x00, 0x00,
  0x00, 0x00, 0xda, 0x00, 0x00, 0x00, 0xe3, 0x00, 0x00, 0x00, 0x00, 0x00,
  0xdf, 0xe7, 0x00, 0x00, 0x00, 0xde, 0xe7, 0xe6, 0x00, 0x00, 0xfe, 0x00,
  0x00, 0xe4, 0x00, 0x00, 0xfe, 0x00, 0x00, 0xed, 0x00, 0x00, 0xf7, 0x00,
  0x00, 0x00, 0x00, 0x00, 0x00, 0x00, 0x00, 0x00, 0x00, 0x00, 0x00, 0x00,
  0x00, 0x00, 0x00, 0x00, 0x00, 0x00, 0x00, 0xd8, 0x00, 0x00, 0x00, 0x00,
  0x00, 0x00, 0x00, 0x00, 0x00, 0xe1, 0x00, 0x00, 0x00, 0x00, 0x00, 0x00,
  0x00, 0xd7, 0x00, 0x00, 0x00, 0xe1, 0x00, 0xe0, 0x00, 0xb9, 0x00, 0x00,
  0x00, 0x00, 0x00, 0xaf, 0x00, 0xe1, 0x17, 0xe2, 0x00, 0x00, 0xdd, 0xe0,
  0x00, 0xde, 0x00, 0x00, 0xdc, 0x00, 0x00, 0x00, 0x00, 0x00, 0x00, 0x00,
  0x00, 0x00, 0x00, 0x00, 0xd9, 0x00, 0x00, 0x00, 0x00, 0x00, 0xdc, 0x00,
  0x00, 0x00, 0x00, 0x00, 0xc8, 0x00, 0x00, 0xe6, 0x00, 0x00, 0x00, 0x00,
  0x00, 0x00, 0x1c, 0x00, 0x00, 0xe8, 0x00, 0xe6, 0x00, 0x00, 0x00, 0x00,
  0x00, 0x00, 0x00, 0x00, 0x00, 0xea, 0x00, 0x00, 0x00, 0xb7, 0xe2, 0x00,
  0x00, 0x00, 0x00, 0x00, 0x00, 0x00, 0x00, 0x00, 0x00, 0xc4, 0xd2, 0x00,
  0x00, 0x00, 0x00, 0xc4, 0xdb, 0x00, 0x00, 0x00, 0x00, 0x00, 0xd6, 0x00,
  0x00, 0x00, 0x00, 0x00, 0xe8, 0x00, 0x00, 0x00, 0x00, 0x00, 0x00, 0x00,
  0xe7, 0x00, 0x00, 0x00, 0xf0, 0xea, 0xd6, 0x00, 0x00, 0x00, 0x00, 0x00,
  0xd4, 0x00, 0x17, 0x00, 0xea, 0x00, 0x00, 0x00, 0x00, 0xe2, 0x00, 0x00,
  0x00, 0x00, 0x00, 0xd1, 0x00, 0x00, 0x00, 0x00, 0x00, 0xca, 0x00, 0x00,
  0x00, 0x00, 0x00, 0xcb, 0x00, 0x00, 0x00, 0x00, 0x00, 0xc7, 0x00, 0x00,
  0x00, 0x00, 0x00, 0x00, 0x00, 0x00, 0x00, 0xdd, 0x20, 0x00, 0x00, 0xe4,
  0x00, 0x00, 0x00, 0x00, 0xe1, 0x00, 0x00, 0x00, 0x00, 0x00, 0x00, 0xde,
  0x00, 0x00, 0xfb, 0x00, 0x00, 0x00, 0x1d, 0x00, 0x00, 0x00, 0x00, 0x00,
  0x0f, 0x00, 0x00, 0x00, 0x00, 0x00, 0x00, 0x00, 0x00, 0xaa, 0xe3, 0x00,
  0x00, 0x00, 0x00, 0x00, 0x00, 0x00, 0x00, 0x00, 0x00, 0x00, 0xe3, 0x00,
  0x00, 0xe7, 0x00, 0x00, 0x00, 0x00, 0x00, 0xe2, 0x17, 0xc3, 0xe3, 0x00,
  0xdb, 0x00, 0x00, 0x9f, 0x00, 0x00, 0xe0, 0x00, 0x00, 0xb9, 0x00, 0x00,
  0x00, 0x00, 0x00, 0x00, 0xe5, 0x00, 0x00, 0x00, 0x00, 0x00, 0xdb, 0x00,
  0x00, 0x00, 0x00, 0x00, 0xdc, 0x00, 0x00, 0x25, 0x00, 0x00, 0x00, 0x00,
  0xdf, 0x00, 0x00, 0xc2, 0xdb, 0x00, 0x00, 0x00, 0x00, 0xcd, 0x00, 0x00,
  0x00, 0x00, 0x00, 0xd0, 0x00, 0x00, 0x00, 0x00, 0x00, 0x00, 0x00, 0x00,
  0x00, 0x00, 0x00, 0x00, 0xea, 0x00, 0x00, 0x00, 0x00, 0xca, 0xec, 0x00,
  0x00, 0x1f, 0x14, 0xc7, 0x00, 0x00, 0x09, 0x00, 0x00, 0xc7, 0x00, 0x00,
  0x00, 0x00, 0x00, 0xbe, 0x00, 0x00, 0x00, 0x00, 0x07, 0x00, 0x00, 0x00,
  0x00, 0x20, 0x00, 0x00, 0xde, 0xe5, 0x00, 0x00, 0x14, 0x00, 0x00, 0xeb,
  0x00, 0x00, 0x1e, 0x00, 0xe8, 0xee, 0x00, 0x00, 0x00, 0xb8, 0x00, 0x00,
  0x00, 0x00, 0x0c, 0xca, 0x00, 0x00, 0x00, 0x00, 0x00, 0xc7, 0x00, 0x00,
  0x00, 0x00, 0x00, 0x00, 0x00, 0x00, 0x00, 0xea, 0x00, 0xb9, 0x00, 0x00,
  0x00, 0x00, 0x00, 0xb6, 0x00, 0x00, 0x00, 0x00, 0x00, 0xbb, 0xec, 0x00,
  0x0d, 0x00, 0x00, 0xc1, 0xe3, 0x00, 0x00, 0x00, 0x1f, 0x00, 0x00, 0x00,
  0x00, 0x00, 0x00, 0xbe, 0x00, 0x00, 0x00, 0x00, 0x00, 0xc5, 0x00, 0x00,
  0x10, 0x00, 0x26, 0xbb, 0x00, 0x00, 0x00, 0x00, 0x00, 0xbf, 0x00, 0x00,
  0x00, 0x00, 0x00, 0xd1, 0x00, 0x00, 0x23, 0x00, 0x00, 0xd0, 0xde, 0x00,
  0x00, 0x00, 0x00, 0xcf, 0xe1, 0x00, 0x00, 0x00, 0x00, 0xc5, 0x00, 0x00,
  0x00, 0x00, 0x00, 0xc9, 0x00, 0x00, 0xed, 0x1d, 0x00, 0xc3, 0x00, 0x00,
  0x00, 0x22, 0x1e, 0xbe, 0x00, 0x00, 0x00, 0x00, 0x00, 0xb4, 0x00, 0x00,
  0x00, 0x00, 0x00, 0xbc, 0x00, 0x00, 0x21, 0x00, 0x26, 0xc4, 0x00, 0x00,
  0x21, 0x00, 0x00, 0xbd, 0x00, 0x00, 0x00, 0x00, 0x00, 0xc0, 0x00, 0x00,
  0x20, 0x00, 0x00, 0xca, 0x00, 0x00, 0x00, 0x00, 0x00, 0x00, 0x00, 0x00,
  0x00, 0x00, 0x15, 0x00, 0xe6, 0x00, 0x2e, 0x00, 0x00, 0x00, 0x00, 0x00,
  0x00, 0x00, 0x00, 0x00, 0x00, 0x00, 0x00, 0x00, 0x00, 0x00, 0xe5, 0x00,
  0x00, 0x00, 0x00, 0x00, 0x00, 0x00, 0x1e, 0x00, 0x00, 0x00, 0x00, 0x00,
  0x00, 0x00, 0x00, 0x00, 0x00, 0x00, 0x24, 0x00, 0x00, 0x00, 0xd8, 0x00,
  0x19, 0x00, 0x00, 0x00, 0xd0, 0x00, 0x00, 0x00, 0x00, 0x00, 0x00, 0x00,
  0x00, 0xe3, 0x00, 0x00, 0x00, 0x00, 0x19, 0x00, 0xe5, 0x00, 0x00, 0x00,
  0xce, 0x00, 0xdb, 0x00, 0x00, 0x00, 0x00, 0x00, 0xe3, 0x1f, 0x00, 0x00,
  0xd9, 0x00, 0xe1, 0x18, 0x00, 0x00, 0xc9, 0xe8, 0x00, 0x00, 0x00, 0x00,
  0xd6, 0x00, 0x00, 0x00, 0x00, 0x00, 0x00, 0x00, 0x00, 0x36, 0x00, 0x00,
  0xd9, 0x00, 0x00, 0x00, 0x00, 0x00, 0x00, 0xe9, 0x00, 0x00, 0x00, 0x00,
  0x00, 0x00, 0x00, 0x00, 0x00, 0x00, 0x00, 0x00, 0x00, 0x00, 0x00, 0x00,
  0xd0, 0xe6, 0x00, 0x00, 0x00, 0x00, 0xd1, 0x00, 0x00, 0x00, 0x00, 0x00,
  0x00, 0x00, 0x00, 0x00, 0x00, 0x00, 0x00, 0x00, 0x00, 0x00, 0x00, 0x00,
  0x00, 0x00, 0x00, 0x00, 0x00, 0x00, 0x00, 0x00, 0x00, 0x00, 0x00, 0x00,
  0x00, 0xe6, 0x00, 0x00, 0x00, 0x00, 0xd0, 0xe4, 0xd8, 0x00, 0x00, 0x14,
  0x00, 0x00, 0x00, 0x00, 0x00, 0x00, 0x00, 0x00, 0x00, 0x00, 0x00, 0x00,
  0xcf, 0x00, 0x00, 0x00, 0x00, 0x00, 0xc9, 0xdc, 0x00, 0x00, 0x00, 0x0e,
  0xce, 0x00, 0x00, 0x00, 0x00, 0x00, 0x00, 0xdd, 0x00, 0x1c, 0x00, 0x00,
  0xdf, 0x00, 0x00, 0x00, 0x00, 0x00, 0xdd, 0x00, 0x00, 0x1f, 0x00, 0x00,
  0x00, 0x00, 0xe8, 0x14, 0x00, 0x00, 0x00, 0x00, 0x00, 0x00, 0x00, 0x1f,
  0xce, 0xd8, 0xe5, 0x1a, 0x00, 0x00, 0xce, 0xdd, 0xd7, 0x00, 0x00, 0x00,
  0xda, 0x00, 0xe5, 0x00, 0x00, 0x00, 0xc8, 0x00, 0x00, 0x00, 0x00, 0x00,
  0xe2, 0x00, 0x00, 0x00, 0x00, 0x1d, 0x00, 0x00, 0xe2, 0x00, 0x00, 0x2a,
  0x00, 0x00, 0x00, 0x25, 0x00, 0x00, 0xc7, 0x00, 0x00, 0x00, 0x00, 0x00,
  0xe3, 0x00, 0x00, 0x00, 0x12, 0x00, 0xd8, 0xdb, 0xef, 0x00, 0x00, 0x00,
  0x00, 0x00, 0xd9, 0x00, 0x00, 0x00, 0xdd, 0x00, 0x00, 0x00, 0x00, 0x00,
  0xd9, 0x00, 0xe7, 0x00, 0x00, 0x00, 0x00, 0xdb, 0x00, 0x00, 0x00, 0x00,
  0x00, 0x00, 0x00, 0x00, 0x00, 0x00, 0x00, 0xe0, 0x00, 0x00, 0x00, 0xea,
  0x00, 0x00, 0x00, 0x00, 0x00, 0x00, 0x00, 0x00, 0x00, 0x00, 0x00, 0x00,
  0x00, 0x00, 0x00, 0x00, 0x00, 0x00, 0x00, 0x00, 0xdd, 0x00, 0x00, 0x00,
  0x00, 0xe5, 0x00, 0x00, 0x00, 0x00, 0x00, 0x00, 0x00, 0x00, 0x00, 0x00,
  0x00, 0xe8, 0x00, 0x00, 0x00, 0x00, 0xde, 0x00, 0x00, 0x00, 0x00, 0x00,
  0x00, 0xcf, 0x00, 0x00, 0xe9, 0x00, 0x00, 0x00, 0xe0, 0x00, 0x00, 0x00,
  0x00, 0x00, 0x00, 0x00, 0x00, 0x00, 0x00, 0xdb, 0x00, 0x00, 0x00, 0x1f,
  0xd7, 0x00, 0x00, 0x00, 0x00, 0x00, 0x00, 0x00, 0x00, 0x00, 0x00, 0x00,
  0x00, 0x00, 0x00, 0x00, 0x00, 0xee, 0xe3, 0x00, 0x00, 0x00, 0x00, 0x00,
  0x00, 0x00, 0x00, 0x00, 0x00, 0x00, 0x00, 0x00, 0x00, 0x17, 0x00, 0x00,
  0xe7, 0x00, 0x00, 0x00, 0x00, 0x00, 0x00, 0x00, 0x00, 0x00, 0x00, 0x00,
  0x00, 0x00, 0xf0, 0x23, 0x00, 0x00, 0xd8, 0xdd, 0x00, 0x22, 0x00, 0x00,
  0x00, 0x00, 0x00, 0x00, 0x00, 0x00, 0x00, 0x00, 0x00, 0x00, 0x00, 0x00,
  0x00, 0xe6, 0x00, 0x00, 0x00, 0x19, 0xe8, 0xe2, 0xec, 0x20, 0x00, 0x1e,
  0xde, 0x00, 0x00, 0x00, 0x00, 0x22, 0x00, 0x00, 0x00, 0x00, 0x00, 0x00,
  0xd7, 0x00, 0x00, 0x00, 0x00, 0x00, 0xdb, 0x00, 0x00, 0x00, 0x00, 0x00,
  0xd4, 0xd9, 0x00, 0x00, 0x00, 0x25, 0xe8, 0xda, 0x00, 0x00, 0x00, 0x24,
  0x00, 0xd5, 0x00, 0x00, 0x00, 0x24, 0xe8, 0x00, 0xe4, 0x12, 0x00, 0x00,
  0x00, 0x00, 0x00, 0x00, 0x00, 0x00, 0x00, 0x00, 0x00, 0x00, 0x00, 0x00,
  0x00, 0x00, 0x00, 0x16, 0x00, 0x20, 0x00, 0x00, 0x00, 0x00, 0x00, 0x00,
  0x00, 0x00, 0xdf, 0x00, 0x00, 0x00, 0xdc, 0x00, 0x00, 0x00, 0xe0, 0x00,
  0x00, 0xd6, 0x00, 0x00, 0x00, 0x1d, 0x00, 0xd9, 0xe6, 0x00, 0x00, 0x00,
  0x00, 0xda, 0xef, 0x00, 0x00, 0x20, 0x00, 0x00, 0xde, 0x00, 0x00, 0x00,
  0xe3, 0x00, 0xf0, 0x00, 0x00, 0x00, 0xdb, 0x00, 0x00, 0x00, 0x00, 0x00,
  0xe1, 0x00, 0x00, 0x00, 0x00, 0x20, 0x00, 0x00, 0x00, 0x00, 0x00, 0x00,
  0xe1, 0x00, 0x00, 0x00, 0x00, 0x21, 0x00, 0x00, 0x00, 0x00, 0x00, 0x00,
  0x00, 0x00, 0x00, 0x00, 0x00, 0x00, 0xe3, 0x00, 0x00, 0x00, 0x00, 0x00,
  0x00, 0x00, 0x00, 0x00, 0x00, 0x21, 0xdc, 0xd9, 0x00, 0x00, 0x00, 0x00,
  0x00, 0x00, 0x00, 0x00, 0x00, 0x00, 0x00, 0x00, 0x00, 0x10, 0x00, 0x00,
  0x00, 0x00, 0x00, 0x00, 0x00, 0x12, 0x1c, 0xea, 0x00, 0x00, 0x00, 0x11,
  0x00, 0x00, 0x00, 0x00, 0xdc, 0x16, 0x00, 0x00, 0x00, 0x00, 0x00, 0x00,
  0x00, 0xe7, 0x00, 0x00, 0x00, 0x00, 0x00, 0x00, 0x00, 0x00, 0x00, 0x00,
  0x00, 0x00, 0x00, 0x00, 0x00, 0x00, 0x00, 0x00, 0x00, 0x00, 0x00, 0x00,
  0xdc, 0x00, 0x00, 0x00, 0x00, 0x00, 0x00, 0x00, 0x00, 0x00, 0x00, 0x00,
  0x00, 0x12, 0x00, 0x00, 0x00, 0x11, 0x00, 0x00, 0x00, 0xe2, 0x00, 0x00,
  0x00, 0x00, 0x00, 0x00, 0x00, 0x00, 0x00, 0x00, 0x00, 0x00, 0x00, 0x17,
  0xe1, 0x00, 0x00, 0xd6, 0x00, 0x17, 0x00, 0x00, 0x00, 0xdb, 0x00, 0x00,
  0x00, 0x00, 0x1f, 0xce, 0x00, 0x00, 0x00, 0x00, 0x19, 0xdb, 0x00, 0x00,
  0x00, 0x00, 0x00, 0xdf, 0x00, 0x00, 0xe4, 0x00, 0x00, 0xe0, 0x00, 0x00,
  0x00, 0xe0, 0x00, 0x00, 0x00, 0x13, 0x10, 0x00, 0x00, 0x00, 0x00, 0x00,
  0x00, 0xec, 0x00, 0x00, 0x00, 0x00, 0x00, 0x00, 0x00, 0x1c, 0xe3, 0x00,
  0x00, 0x00, 0x00, 0x18, 0xdb, 0x00, 0x00, 0x00, 0x00, 0x0b, 0x00, 0x00,
  0x0f, 0x00, 0x00, 0x00, 0x00, 0x00, 0x00, 0x00, 0x00, 0x12, 0x00, 0x00,
  0x00, 0x00, 0xdb, 0x19, 0x00, 0x00, 0x00, 0x20, 0x00, 0x00, 0x00, 0x00,
  0x00, 0x00, 0x00, 0x00, 0x00, 0x00, 0x14, 0x20, 0xea, 0x00, 0x00, 0x00,
  0x15, 0x00, 0x00, 0x00, 0x00, 0x00, 0x00, 0x00, 0x00, 0x00, 0x00, 0x00,
  0x00, 0x00, 0x00, 0x00, 0x00, 0x00, 0x00, 0xe9, 0x00, 0x00, 0x00, 0x00,
  0x00, 0x00, 0x00, 0x00, 0x00, 0x00, 0x00, 0x00, 0x00, 0x00, 0x00, 0x00,
  0x1a, 0x00, 0x00, 0x00, 0x00, 0x00, 0x00, 0x00, 0x00, 0x00, 0x00, 0x00,
  0x00, 0x00, 0x00, 0xdf, 0x00, 0xe3, 0x00, 0x00, 0x00, 0xd9, 0x00, 0x11,
  0x12, 0x00, 0x00, 0xdb, 0x00, 0xe2, 0x00, 0x00, 0x00, 0xdf, 0x13, 0x00,
  0xe5, 0x00, 0x00, 0x00, 0x00, 0x00, 0x00, 0x00, 0x00, 0x00, 0x00, 0x00,
  0xd8, 0x00, 0x11, 0x00, 0x00, 0x00, 0x00, 0x00, 0x00, 0x00, 0x12, 0x00,
  0x00, 0x00, 0x00, 0x00, 0x10, 0x00, 0xdd, 0x00, 0x00, 0x0b, 0x18, 0x14,
  0x00, 0x00, 0x00, 0x1a, 0x00, 0x00, 0x00, 0x00, 0x00, 0x17, 0x00, 0x00,
  0x00, 0xed, 0x00, 0x00, 0x00, 0x16, 0x00, 0x00, 0xda, 0x00, 0x00, 0x13,
  0x00, 0x00, 0x00, 0x00, 0x00, 0x00, 0x00, 0x00, 0x00, 0x00, 0x00, 0x00,
  0x00, 0xe9, 0x00, 0x00, 0x00, 0x11, 0x00, 0x00, 0x00, 0x00, 0x00, 0x1c,
  0x00, 0x00, 0x00, 0x00, 0x00, 0x00, 0x00, 0x00, 0x00, 0x00, 0x00, 0x00,
  0x00, 0x00, 0x00, 0x00, 0x00, 0x00, 0x00, 0x00, 0x00, 0x00, 0x00, 0x00,
  0x00, 0x00, 0x00, 0x00, 0x00, 0x00, 0x00, 0x00, 0x00, 0x00, 0x00, 0x00,
  0x00, 0x00, 0x00, 0x00, 0x00, 0x00, 0xe7, 0x00, 0xd4, 0x00, 0x00, 0x00,
  0x00, 0x00, 0xe2, 0x00, 0x00, 0x00, 0x00, 0x00, 0x00, 0x00, 0x00, 0x0f,
  0x00, 0x00, 0x00, 0x00, 0x00, 0x00, 0x00, 0x00, 0x00, 0x00, 0x00, 0x00,
  0x12, 0x00, 0x00, 0x15, 0x00, 0x00, 0x00, 0x00, 0x00, 0x19, 0x00, 0x13,
  0x00, 0x00, 0x14, 0x00, 0x00, 0x00, 0x00, 0x00, 0x00, 0x00, 0x00, 0x00,
  0x00, 0x1e, 0x00, 0x00, 0x00, 0x00, 0x00, 0x00, 0x00, 0x00, 0x00, 0x00,
  0x00, 0x1b, 0x00, 0x00, 0x00, 0x00, 0x00, 0x00, 0x00, 0x00, 0x00, 0x00,
  0x00, 0x00, 0x00, 0x00, 0x00, 0x00, 0x00, 0x00, 0xd2, 0x11, 0x00, 0x00,
  0xe3, 0x20, 0x00, 0x00, 0x00, 0x00, 0x00, 0x29, 0x00, 0x00, 0x0b, 0x00,
  0x00, 0x2c, 0x00, 0x00, 0x17, 0x00, 0x11, 0x00, 0x00, 0x00, 0x00, 0x00,
  0x00, 0x00, 0x00, 0x00, 0x00, 0x00, 0x00, 0x00, 0x00, 0x00, 0x00, 0x00,
  0x00, 0x26, 0x00, 0x00, 0x10, 0x00, 0xe3, 0x1d, 0x00, 0x00, 0x00, 0x12,
  0x00, 0x2f, 0x00, 0xdb, 0x00, 0x13, 0x00, 0x00, 0x00, 0x00, 0x00, 0x00,
  0x00, 0x00, 0x00, 0x00, 0x00, 0x00, 0xe7, 0x00, 0x00, 0x00, 0x00, 0x00,
  0x00, 0x00, 0x00, 0x00, 0x00, 0x00, 0x00, 0x00, 0x21, 0x00, 0x00, 0x16,
  0x15, 0x00, 0x00, 0x11, 0x00, 0x00, 0xe2, 0x00, 0x00, 0x00, 0x00, 0x00,
  0x00, 0x00, 0x00, 0x00, 0x00, 0x00, 0x00, 0x00, 0x00, 0x00, 0x00, 0x00,
  0x00, 0x1b, 0x00, 0x00, 0x00, 0x00, 0x00, 0x14, 0x00, 0xf1, 0x00, 0x00,
  0x00, 0x00, 0xde, 0x00, 0x00, 0x00, 0x00, 0x00, 0x00, 0x00, 0x00, 0x29,
  0x00, 0x00, 0x00, 0x00, 0x00, 0x24, 0x00, 0x00, 0x00, 0x00, 0x00, 0x31,
  0x12, 0x00, 0x00, 0xe5, 0x00, 0x00, 0x13, 0x00, 0x00, 0x00, 0x00, 0x00,
  0x00, 0x00, 0xd0, 0x00, 0x00, 0x20, 0x14, 0x19, 0x00, 0x00, 0x00, 0x23,
  0x14, 0x00, 0x00, 0x00, 0x00, 0x00, 0x00, 0x00, 0x00, 0xe0, 0x00, 0x21,
  0x00, 0x00, 0x00, 0xcc, 0xe8, 0x00, 0x00, 0x00, 0x00, 0xd6, 0x00, 0x00,
  0x00, 0x00, 0x00, 0xc6, 0x00, 0x2a, 0x00, 0x00, 0x00, 0xd8, 0x00, 0x21,
  0x00, 0x00, 0x08, 0xe0, 0x00, 0x00, 0xe2, 0x00, 0xd8, 0xd7, 0x00, 0x00,
  0x00, 0x00, 0x00, 0x00, 0x00, 0x00, 0xe5, 0x00, 0x00, 0x00, 0x00, 0x00,
  0x00, 0x00, 0xc9, 0xe9, 0x00, 0x00, 0x00, 0x00, 0x00, 0xe9, 0x00, 0x00,
  0x00, 0x00, 0x00, 0xe9, 0x00, 0x00, 0x00, 0x00, 0xc3, 0x00, 0x00, 0x00,
  0x00, 0x21, 0x00, 0x00, 0x00, 0x00, 0x00, 0x00, 0x00, 0xe9, 0x00, 0x0d,
  0x00, 0x1c, 0x00, 0xe6, 0xcd, 0x14, 0x00, 0x00, 0x00, 0xdf, 0x00, 0x00,
  0x20, 0x22, 0x00, 0xd5, 0x00, 0x00, 0x00, 0x00, 0xcc, 0xe2, 0x00, 0x00,
  0x00, 0x23, 0x00, 0x00, 0x00, 0x00, 0x00, 0x1a, 0x00, 0x00, 0xcd, 0x00,
  0x00, 0x2a, 0x00, 0xef, 0xda, 0x00, 0x00, 0x00, 0x03, 0x00, 0x00, 0x1e,
  0x00, 0x28, 0x00, 0x00, 0xd5, 0x00, 0xe6, 0x00, 0x00, 0x00, 0x00, 0x00,
  0x00, 0x00, 0x00, 0xe3, 0x00, 0x00, 0x00, 0x00, 0xc3, 0xf0, 0x00, 0x00,
  0x00, 0x00, 0xc4, 0x00, 0x00, 0x00, 0xe1, 0x00, 0x00, 0xf4, 0x00, 0x00,
  0x00, 0x00, 0x00, 0xff, 0x00, 0x00, 0xdf, 0x1a, 0x00, 0x00, 0xf0, 0x00,
  0x00, 0x00, 0x00, 0x00, 0xec, 0x00, 0x00, 0x00, 0x00, 0x00, 0xe7, 0x00,
  0x00, 0x00, 0x00, 0xff, 0x00, 0x00, 0x18, 0x1c, 0x00, 0xfe, 0x00, 0x00,
  0x00, 0x00, 0x00, 0x00, 0x00, 0x00, 0x00, 0x00, 0x00, 0x00, 0x00, 0x00,
  0x00, 0x00, 0x00, 0x00, 0xeb, 0x24, 0x00, 0x00, 0x00, 0x00, 0x00, 0x00,
  0x00, 0x00, 0x00, 0xef, 0x00, 0x20, 0x00, 0x00, 0x00, 0x00, 0x00, 0x00,
  0x00, 0x00, 0x00, 0xf9, 0x00, 0x00, 0x00, 0x00, 0xca, 0x00, 0x00, 0x00,
  0x00, 0xe5, 0x00, 0x00, 0x00, 0x00, 0x00, 0x00, 0xd4, 0x00, 0x00, 0x00,
  0x00, 0x00, 0x00, 0x00, 0x00, 0x00, 0x15, 0xea, 0x00, 0x00, 0x00, 0x00,
  0x1b, 0x00, 0xc4, 0x39, 0x00, 0x00, 0x21, 0x00, 0xbf, 0x00, 0x00, 0x00,
  0x30, 0x00, 0x00, 0x00, 0x00, 0x2d, 0x1a, 0x00, 0x00, 0x00, 0x00, 0x00,
  0x17, 0x00, 0xc7, 0x00, 0xcd, 0x00, 0x00, 0x00, 0x00, 0x00, 0x00, 0x00,
  0x0e, 0x00, 0x00, 0x00, 0x00, 0x00, 0x00, 0x00, 0x00, 0x00, 0x00, 0x00,
  0x00, 0xef, 0x09, 0x00, 0x00, 0x00, 0x00, 0x00, 0x00, 0xfe, 0x00, 0x00,
  0x00, 0x00, 0x00, 0xf5, 0x00, 0x00, 0x00, 0x00, 0x00, 0x00, 0x00, 0x00,
  0x08, 0x00, 0x00, 0x00, 0x00, 0x00, 0x00, 0x00, 0x00, 0x00, 0x00, 0x2c,
  0x00, 0x00, 0x00, 0x00, 0x00, 0x00, 0x0e, 0x00, 0x00, 0x00, 0x00, 0x00,
  0x00, 0x00, 0x00, 0x00, 0x00, 0x00, 0x00, 0x00, 0x00, 0xf8, 0x00, 0x00,
  0x00, 0x00, 0xba, 0x00, 0x00, 0x00, 0x00, 0x00, 0x00, 0x00, 0x00, 0x00,
  0x00, 0x1e, 0x00, 0x00, 0x00, 0x00, 0x00, 0x00, 0x00, 0x00, 0x00, 0x00,
  0x00, 0x00, 0x00, 0x00, 0x00, 0x00, 0x13, 0x00, 0x00, 0x00, 0x00, 0x00,
  0x00, 0x00, 0x00, 0x00, 0xf3, 0x00, 0x00, 0x00, 0x00, 0xfc, 0x00, 0x00,
  0x00, 0x00, 0x00, 0xfa, 0x00, 0x00, 0x00, 0x00, 0xc5, 0x00, 0x00, 0x00,
  0x00, 0x26, 0x00, 0x00, 0x00, 0x00, 0xdb, 0x1d, 0x02, 0x00, 0x00, 0x00,
  0x00, 0x00, 0x00, 0xe5, 0xf2, 0x00, 0x00, 0x27, 0xd4, 0x00, 0xe1, 0x00,
  0x00, 0x00, 0x00, 0x00, 0x00, 0x00, 0x00, 0x00, 0x00, 0xe8, 0x00, 0xe9,
  0xe3, 0x00, 0x00, 0xd7, 0x00, 0x1a, 0x00, 0x00, 0x00, 0x00, 0x00, 0x00,
  0x00, 0x32, 0xc8, 0x00, 0x00, 0x00, 0x00, 0x00, 0x00, 0xe6, 0x00, 0x00,
  0x11, 0x00, 0x00, 0xe6, 0x00, 0x00, 0x00, 0x25, 0x00, 0xef, 0x00, 0x00,
  0x00, 0x00, 0x00, 0xf9, 0x00, 0x1c, 0x00, 0x00, 0x00, 0xef, 0x00, 0x23,
  0x00, 0x00, 0xd6, 0xee, 0x00, 0x00, 0xe6, 0x00, 0x00, 0x00, 0x00, 0x00,
  0x00, 0x00, 0x00, 0x00, 0x00, 0x16, 0x00, 0x00, 0x00, 0x00, 0x28, 0x00,
  0x00, 0x00, 0x00, 0x00, 0x26, 0x00, 0x00, 0x00, 0x00, 0x00, 0x00, 0x00,
  0x00, 0x00, 0x00, 0x00, 0x00, 0x06, 0x00, 0x00, 0x00, 0x00, 0x00, 0x10,
  0x00, 0x00, 0x00, 0x00, 0x00, 0x00, 0x00, 0x00, 0x00, 0x00, 0x00, 0x00,
  0x00, 0x00, 0x00, 0x00, 0x00, 0x0c, 0x00, 0x00, 0x00, 0x00, 0x00, 0x00,
  0x00, 0x00, 0x00, 0x2e, 0x00, 0x00, 0xf4, 0x00, 0x00, 0x00, 0x00, 0x11,
  0x00, 0x12, 0x00, 0x00, 0x00, 0x00, 0x00, 0x00, 0x00, 0x00, 0x00, 0x00,
  0x00, 0x00, 0x00, 0x23, 0xfb, 0x08, 0x24, 0x00, 0x00, 0x1f, 0x00, 0x03,
  0x00, 0x00, 0x00, 0x00, 0xf8, 0x00, 0x00, 0x00, 0x00, 0x00, 0x00, 0x00,
  0x21, 0x00, 0x00, 0x00, 0x00, 0x02, 0x00, 0x12, 0x00, 0x00, 0x00, 0x00,
  0x00, 0x19, 0x00, 0x00, 0x00, 0x00, 0x00, 0x0c, 0x00, 0x00, 0x00, 0x00,
  0x00, 0x1f, 0x00, 0xff, 0x00, 0x00, 0x00, 0x13, 0x00, 0x00, 0x00, 0x00,
  0x00, 0x00, 0x00, 0x00, 0x00, 0x00, 0x00, 0x1c, 0x13, 0x00, 0x00, 0x00,
  0x29, 0x1c, 0x00, 0xf2, 0x00, 0x00, 0x00, 0x00, 0x00, 0x00, 0x00, 0x00,
  0x00, 0x19, 0x00, 0x00, 0x00, 0x00, 0x00, 0x1f, 0x00, 0x00, 0x00, 0x00,
  0x00, 0x0e, 0x00, 0x00, 0x00, 0x00, 0x00, 0x00, 0x00, 0x00, 0x00, 0x00,
  0x23, 0x00, 0x00, 0x00, 0x00, 0x00, 0x00, 0x00, 0x00, 0x00, 0x00, 0x00,
  0x00, 0x00, 0x00, 0x00, 0x00, 0x00, 0x00, 0x10, 0x00, 0x00, 0x3f, 0x00,
  0x00, 0x1b, 0x00, 0x23, 0x00, 0x00, 0x00, 0x00, 0x00, 0x00, 0x00, 0x00,
  0xeb, 0x24, 0x00, 0x29, 0x2e, 0x00, 0x00, 0x19, 0x00, 0x00, 0x2d, 0x00,
  0x00, 0x00, 0x00, 0x00, 0x2c, 0x00, 0x00, 0x00, 0x00, 0x00, 0x28, 0x00,
  0x00, 0x00, 0x00, 0x1e, 0x26, 0x00, 0x00, 0x00, 0x00, 0x28, 0x00, 0x00,
  0x00, 0x00, 0x00, 0x2d, 0x00, 0x00, 0x00, 0x00, 0x00, 0x00, 0x32, 0x00,
  0x00, 0x00, 0x00, 0x00, 0x00, 0xfe, 0x20, 0x00, 0x00, 0x00, 0x00, 0x00,
  0x00, 0x00, 0x00, 0x00, 0x00, 0x04, 0xee, 0x00, 0x00, 0x00, 0x00, 0x00,
  0x00, 0x00, 0x00, 0x00, 0x00, 0x00, 0x00, 0x00, 0x00, 0x00, 0x00, 0x02,
  0x00, 0x00, 0x00, 0x00, 0x00, 0x00, 0x00, 0x00, 0x00, 0x00, 0x00, 0x00,
  0x00, 0x00, 0x15, 0x00, 0x00, 0xfe, 0x00, 0x10, 0x00, 0x00, 0x00, 0x00,
  0x00, 0x00, 0x00, 0x00, 0x00, 0x00, 0x00, 0x11, 0x00, 0x00, 0x00, 0x00,
  0x19, 0x00, 0x00, 0x00, 0x00, 0x01, 0x00, 0x17, 0x00, 0x28, 0xfa, 0x00,
  0x00, 0x00, 0x00, 0x2f, 0xfc, 0x00, 0x00, 0x29, 0x00, 0x00, 0x00, 0x0e,
  0x00, 0x1e, 0x00, 0x00, 0x00, 0x00, 0x00, 0x1e, 0x00, 0x00, 0x00, 0x00,
  0x00, 0x00, 0x00, 0x00, 0x00, 0x00, 0x00, 0x1e, 0xdf, 0x00, 0x00, 0x00,
  0x00, 0x00, 0xe2, 0x1e, 0x00, 0x00, 0x00, 0x00, 0x00, 0x00, 0x00, 0x00,
  0x1c, 0x00, 0x00, 0x00, 0x00, 0xfd, 0x00, 0x18, 0x00, 0x00, 0x00, 0x00,
  0x17, 0x00, 0xde, 0x27, 0x00, 0x00, 0x00, 0x00, 0x00, 0x35, 0x00, 0xfc,
  0x00, 0x00, 0x00, 0x24, 0x00, 0x00, 0x00, 0x20, 0x00, 0x00, 0x00, 0x00,
  0x00, 0x00, 0x00, 0x00, 0x00, 0x00, 0x00, 0x16, 0xdd, 0x00, 0x2a, 0xfa,
  0x00, 0x15, 0x00, 0x00, 0x24, 0x00, 0x00, 0x00, 0x00, 0x00, 0x00, 0xfa,
  0x00, 0x00, 0x00, 0x00, 0x00, 0x00, 0xe7, 0x00, 0x00, 0x00, 0x00, 0x05,
  0x14, 0x00, 0x00, 0x00, 0x00, 0x00, 0x00, 0x00, 0x00, 0x00, 0x00, 0x06,
  0x00, 0x00, 0x00, 0x00, 0x00, 0x00, 0x00, 0x00, 0x00, 0x2c, 0x00, 0x00,
  0x00, 0x00, 0x00, 0x00, 0x00, 0x04, 0x00, 0x00, 0x00, 0x00, 0x00, 0x00,
  0x00, 0x00, 0x00, 0x00, 0x03, 0x04, 0x00, 0x00, 0x00, 0x27, 0x00, 0x00,
  0x00, 0x00, 0x00, 0x29, 0x00, 0x00, 0x00, 0x16, 0x00, 0x00, 0x00, 0x0a,
  0x00, 0x18, 0x00, 0x00, 0x00, 0x00, 0x00, 0x14, 0x00, 0x20, 0x00, 0x00,
  0xe2, 0x00, 0x00, 0x00, 0x00, 0x00, 0x00, 0x1a, 0x00, 0x00, 0x00, 0x00,
  0xe2, 0x00, 0x00, 0x00, 0x00, 0x07, 0x00, 0x00, 0x00, 0x00, 0x00, 0x00,
  0x00, 0x1b, 0x00, 0x00, 0x00, 0x00, 0x00, 0x30, 0x0f, 0x00, 0x03, 0x00,
  0x00, 0x21, 0x0e, 0x00, 0x00, 0x06, 0x00, 0x19, 0x00, 0x00, 0x00, 0x00,
  0x00, 0xca, 0x00, 0x00, 0x00, 0xe5, 0x00, 0xbb, 0x00, 0x00, 0x00, 0xd7,
  0x0a, 0xba, 0x00, 0x00, 0x01, 0xce, 0x00, 0xcb, 0x00, 0x00, 0x00, 0xd0,
  0x15, 0xa9, 0x00, 0x00, 0x00, 0xdf, 0x00, 0xbe, 0x00, 0x00, 0x00, 0xd8,
  0x1b, 0x00, 0x00, 0x00, 0x00, 0xd8, 0x1f, 0x00, 0x00, 0x00, 0x00, 0x00,
  0x08, 0x00, 0x00, 0x00, 0x00, 0x00, 0x15, 0x00, 0x0d, 0x00, 0xd1, 0x00,
  0x00, 0x00, 0x00, 0xc2, 0x00, 0x00, 0x0d, 0x00, 0x00, 0x00, 0x00, 0x00,
  0x00, 0xca, 0x00, 0x00, 0x00, 0x00, 0x00, 0x00, 0x00, 0xcb, 0x00, 0x00,
  0x00, 0x00, 0x00, 0xd7, 0xda, 0x00, 0xd3, 0x00, 0x1e, 0x00, 0x00, 0x00,
  0xd0, 0x00, 0x00, 0x00, 0xcd, 0x00, 0xcf, 0x00, 0x00, 0x00, 0xc5, 0x00,
  0xd2, 0x00, 0x1b, 0x00, 0xbc, 0x00, 0x00, 0x0d, 0x00, 0x00, 0xdc, 0x00,
  0x00, 0x11, 0x15, 0x00, 0x00, 0x00, 0xd1, 0x00, 0x00, 0x00, 0x00, 0x00,
  0x00, 0x00, 0x00, 0x00, 0x00, 0x00, 0x00, 0x00, 0x00, 0x00, 0x00, 0x00,
  0x00, 0xd9, 0x00, 0x00, 0x00, 0x00, 0x00, 0x00, 0x00, 0x00, 0x00, 0x00,
  0x00, 0x00, 0x00, 0x00, 0x00, 0x0a, 0x00, 0xcc, 0x00, 0x00, 0x00, 0x11,
  0xfe, 0x00, 0x09, 0x00, 0x00, 0x00, 0x00, 0x00, 0x00, 0x00, 0x00, 0x00,
  0xf6, 0xdb, 0x00, 0xfa, 0x00, 0x00, 0xff, 0x00, 0x00, 0x00, 0x00, 0x00,
  0x00, 0xdb, 0x00, 0x00, 0x00, 0x00, 0xfc, 0x00, 0x02, 0xc6, 0x00, 0xdb,
  0x00, 0x00, 0x00, 0xc5, 0x00, 0xdb, 0x00, 0x00, 0x00, 0xbe, 0x00, 0xda,
  0x00, 0x00, 0x00, 0x00, 0x00, 0x00, 0x00, 0xe2, 0x00, 0x00, 0x00, 0x00,
  0x00, 0x00, 0x00, 0x00, 0x00, 0x00, 0x00, 0x00, 0x00, 0x00, 0xe8, 0x00,
  0x00, 0x00, 0x00, 0x00, 0x00, 0x00, 0x00, 0x00, 0x00, 0x00, 0x00, 0x00,
  0xfb, 0x14, 0x00, 0x00, 0x00, 0x00, 0x00, 0x00, 0xd8, 0x00, 0x00, 0x00,
  0x00, 0x14, 0x00, 0x00, 0x00, 0x00, 0x00, 0x00, 0x00, 0xbf, 0x00, 0x00,
  0x00, 0x00, 0x00, 0x00, 0x00, 0x00, 0x06, 0x00, 0x00, 0x00, 0x00, 0x00,
  0x00, 0xdc, 0x00, 0x00, 0x00, 0x00, 0x00, 0xd6, 0x00, 0x00, 0x00, 0x00,
  0x00, 0x00, 0xfc, 0x00, 0x00, 0x00, 0x00, 0x00, 0x0f, 0x00, 0x00, 0x00,
  0x00, 0xd3, 0x00, 0x00, 0x00, 0x00, 0x00, 0xd1, 0xfd, 0x00, 0xf3, 0x00,
  0x00, 0xd7, 0x00, 0x00, 0x00, 0x00, 0x12, 0x00, 0x00, 0x00, 0x23, 0x00,
  0x00, 0x00, 0x0b, 0x00, 0x00, 0x00, 0x00, 0x00, 0x00, 0x00, 0x00, 0xe9,
  0x00, 0x00, 0x00, 0x00, 0x00, 0x00, 0x00, 0xcb, 0x00, 0x00, 0x00, 0x00,
  0x00, 0x00, 0x00, 0x00, 0x00, 0x00, 0x00, 0xcf, 0x00, 0x00, 0x00, 0x00,
  0x00, 0xd4, 0x00, 0x00, 0x00, 0x00, 0x0f, 0xd8, 0x00, 0x00, 0x00, 0x00,
  0x06, 0xd1, 0x00, 0x00, 0x00, 0x00, 0x00, 0x00, 0x00, 0xe0, 0x00, 0x00,
  0x00, 0x00, 0x00, 0x00, 0x00, 0x00, 0x00, 0x00, 0x00, 0x00, 0x00, 0x00,
  0x00, 0x00, 0xf7, 0x00, 0xd8, 0xec, 0x00, 0x00, 0x0b, 0xd4, 0x00, 0x00,
  0x00, 0x00, 0x0c, 0xd1, 0x00, 0xf3, 0x00, 0x00, 0x00, 0xde, 0x00, 0x00,
  0x00, 0x0f, 0x00, 0x00, 0x00, 0xe8, 0x00, 0x00, 0x00, 0x00, 0x16, 0xfe,
  0x00, 0x00, 0x00, 0xe6, 0x16, 0x00, 0x00, 0x00, 0x00, 0xe3, 0x00, 0x00,
  0x00, 0x00, 0x00, 0x00, 0x00, 0x00, 0x00, 0x00, 0x00, 0x00, 0x00, 0x00,
  0x00, 0x00, 0xd7, 0x18, 0x00, 0xf6, 0x00, 0x00, 0xe7, 0x00, 0x00, 0x00,
  0x20, 0x0e, 0x00, 0x00, 0x00, 0x00, 0x00, 0x00, 0x00, 0x00, 0x09, 0x2f,
  0x19, 0x00, 0x00, 0x00, 0x18, 0x00, 0x00, 0x00, 0x00, 0x00, 0x11, 0x00,
  0x00, 0x00, 0x00, 0x00, 0x00, 0x00, 0x00, 0x00, 0x00, 0x00, 0x00, 0x00,
  0x00, 0x00, 0x00, 0x00, 0x00, 0x00, 0x00, 0x00, 0x00, 0x00, 0x00, 0x00,
  0x00, 0x04, 0x00, 0x1d, 0x00, 0x34, 0xc9, 0x02, 0x14, 0x18, 0xcd, 0x00,
  0xd8, 0x00, 0x00, 0x00, 0x00, 0x00, 0x00, 0x0a, 0x0f, 0x00, 0xfd, 0x00,
  0xd9, 0x0b, 0x00, 0x00, 0x00, 0x00, 0x00, 0x05, 0x00, 0x00, 0x00, 0x00,
  0x00, 0x12, 0x00, 0x00, 0x00, 0x00, 0x00, 0x00, 0x00, 0x00, 0x00, 0x38,
  0xdd, 0x16, 0x00, 0x00, 0x00, 0x00, 0xdc, 0x00, 0x00, 0x00, 0x00, 0x35,
  0x00, 0x00, 0x00, 0x00, 0x00, 0x00, 0xc4, 0x00, 0x00, 0x00, 0x00, 0x00,
  0x00, 0x00, 0x20, 0x00, 0x00, 0x00, 0x00, 0x00, 0x00, 0x00, 0x00, 0x00,
  0x00, 0xde, 0x00, 0x00, 0x00, 0x00, 0x00, 0x00, 0x30, 0x00, 0x00, 0x00,
  0x00, 0x00, 0x31, 0x00, 0x00, 0x00, 0x00, 0x00, 0x00, 0xd5, 0x00, 0x00,
  0xca, 0x00, 0x00, 0x00, 0x00, 0x00, 0x00, 0xdf, 0x00, 0x00, 0x00, 0x18,
  0x00, 0xe0, 0x00, 0xcf, 0x00, 0x00, 0x00, 0x00, 0x3c, 0xd2, 0x00, 0x23,
  0x00, 0x00, 0x00, 0x00, 0xe0, 0x16, 0x00, 0x00, 0x00, 0x00, 0xe3, 0x22,
  0x00, 0x00, 0x3d, 0x00, 0xdd, 0x00, 0x00, 0x00, 0x00, 0x00, 0x00, 0x00,
  0x00, 0x00, 0x3b, 0x00, 0x00, 0x00, 0x00, 0x00, 0x2f, 0xde, 0xe0, 0x00,
  0xc5, 0x00, 0x00, 0x00, 0x00, 0x18, 0x00, 0x00, 0x35, 0x00, 0x00, 0x00,
  0xcb, 0x00, 0x00, 0xd0, 0x00, 0x00, 0xc4, 0x00, 0x00, 0x00, 0x00, 0x00,
  0xd2, 0x00, 0x23, 0xce, 0x00, 0x00, 0xcd, 0x00, 0x00, 0xc8, 0x00, 0x00,
  0x00, 0x00, 0x00, 0x00, 0x00, 0x00, 0x00, 0xda, 0x00, 0x00, 0x00, 0x00,
  0x00, 0x00, 0x00, 0x00, 0x00, 0x1a, 0x00, 0x00, 0x00, 0x00, 0x00, 0x00,
  0x00, 0x00, 0x2e, 0x00, 0x00, 0x00, 0x00, 0x00, 0x00, 0x00, 0x1a, 0x00,
  0x00, 0x00, 0x36, 0xd4, 0x00, 0x00, 0x00, 0x00, 0x00, 0xd6, 0x00, 0x00,
  0x00, 0x00, 0x2e, 0x00, 0x00, 0x00, 0x00, 0x00, 0x45, 0xcd, 0xee, 0x00,
  0x00, 0x00, 0x00, 0xc9, 0x00, 0x00, 0x00, 0x00, 0x00, 0x00, 0x00, 0x00,
  0x00, 0x00, 0x2f, 0x00, 0x00, 0x00, 0x00, 0x00, 0x1f, 0x00, 0x00, 0x00,
  0xe7, 0x00, 0x33, 0x00, 0x00, 0x00, 0xe6, 0x00, 0x00, 0x00, 0x00, 0x00,
  0x00, 0x00, 0x00, 0x00, 0x00, 0x00, 0x00, 0x00, 0x00, 0x00, 0x00, 0x00,
  0x00, 0x00, 0x31, 0x00, 0x00, 0x00, 0x00, 0x00, 0x00, 0x00, 0x00, 0xe8,
  0x00, 0x00, 0x00, 0x00, 0x00, 0x00, 0x00, 0x00, 0x00, 0x00, 0x00, 0x00,
  0x00, 0x00, 0x00, 0xc1, 0xfc, 0x00, 0x00, 0x00, 0x33, 0xc2, 0x00, 0x00,
  0x00, 0x00, 0x00, 0xcb, 0x00, 0x00, 0x00, 0x00, 0x00, 0xd8, 0x00, 0x00,
  0x00, 0x00, 0x00, 0xcc, 0xd1, 0x00, 0xd8, 0x00, 0x00, 0x00, 0x00, 0x00,
  0x00, 0x00, 0x24, 0x00, 0x00, 0x00, 0x00, 0x00, 0x00, 0x00, 0xdc, 0x00,
  0x00, 0x00, 0x26, 0x00, 0x00, 0x00, 0xd9, 0x00, 0x00, 0xcf, 0x00, 0x00,
  0x00, 0x00, 0x00, 0xd6, 0x00, 0x00, 0x00, 0x00, 0x00, 0xd3, 0x00, 0x00,
  0xcc, 0x00, 0x00, 0xb7, 0x00, 0x00, 0x00, 0x00, 0x00, 0x00, 0x00, 0x00,
  0x00, 0x00, 0x00, 0x00, 0x00, 0xe4, 0x00, 0x00, 0x28, 0x00, 0x00, 0xec,
  0x00, 0x00, 0x2d, 0xcf, 0x00, 0x00, 0x00, 0x00, 0x1e, 0x00, 0x00, 0x00,
  0x00, 0x00, 0x00, 0xd3, 0x00, 0x00, 0x00, 0x00, 0x00, 0x00, 0x00, 0x00,
  0x00, 0x00, 0x00, 0xd6, 0x00, 0x00, 0x00, 0x00, 0x00, 0xcd, 0x00, 0x00,
  0xd9, 0x00, 0x38, 0xbf, 0x00, 0x00, 0xe0, 0x00, 0x33, 0xb5, 0xef, 0x00,
  0xde, 0x00, 0x00, 0x00, 0x00, 0x00, 0xe0, 0x0f, 0x30, 0xd2, 0x00, 0xe5,
  0x00, 0x00, 0x00, 0xd2, 0x00, 0x00, 0x00, 0x15, 0x26, 0x00, 0x00, 0x00,
  0x00, 0x17, 0x2a, 0x00, 0xd9, 0x00, 0x00, 0x00, 0x00, 0x00, 0x00, 0xe3,
  0x00, 0x15, 0x00, 0x00, 0x00, 0x00, 0x00, 0x00, 0x00, 0x00, 0x00, 0x00,
  0x00, 0x00, 0x28, 0xc9, 0x00, 0x00, 0x00, 0x00, 0x00, 0x00, 0x00, 0x00,
  0x00, 0x00, 0x00, 0x00, 0x00, 0x00, 0x00, 0x00, 0x00, 0x00, 0x00, 0x00,
  0x00, 0x00, 0x3b, 0x00, 0x00, 0x00, 0x00, 0x00, 0x37, 0xac, 0x00, 0x00,
  0x00, 0x00, 0x00, 0x00, 0x00, 0x00, 0xd0, 0x00, 0x2b, 0x00, 0x00, 0x00,
  0xd5, 0x00, 0x00, 0xc4, 0x00, 0x00, 0xc9, 0x00, 0x00, 0x00, 0x00, 0x00,
  0x00, 0x15, 0x26, 0xd6, 0x00, 0x00, 0x00, 0x00, 0x00, 0x00, 0x00, 0x00,
  0x00, 0x00, 0x22, 0x00, 0x00, 0x00, 0xd7, 0x00, 0x00, 0x00, 0x00, 0x00,
  0x00, 0x00, 0x00, 0x00, 0x00, 0xe0, 0x00, 0x00, 0x1d, 0xd6, 0x00, 0x00,
  0x00, 0x00, 0x00, 0xe0, 0x00, 0x00, 0x00, 0xe1, 0x00, 0xda, 0x00, 0x00,
  0x00, 0x00, 0x00, 0x00, 0x00, 0x00, 0x00, 0x00, 0x00, 0x00, 0x00, 0x00,
  0x00, 0x00, 0x00, 0x00, 0x00, 0x00, 0xc7, 0x00, 0x25, 0x00, 0x00, 0x00,
  0x00, 0x00, 0x00, 0x00, 0x00, 0x00, 0x00, 0xdd, 0x1f, 0x00, 0x00, 0x00,
  0x00, 0x00, 0x00, 0xcf, 0x00, 0x00, 0x18, 0x00, 0xee, 0x00, 0x00, 0x00,
  0x00, 0x00, 0x00, 0x00, 0x00, 0x00, 0x00, 0x00, 0x1c, 0x00, 0x00, 0x00,
  0x00, 0x00, 0x1f, 0xdd, 0x00, 0x00, 0x00, 0x00, 0x00, 0x00, 0x00, 0x00,
  0x00, 0x00, 0x00, 0x00, 0x00, 0x00, 0x00, 0xe3, 0x2f, 0x00, 0x00, 0x00,
  0x00, 0xe2, 0x00, 0x00, 0x00, 0x00, 0x00, 0x00, 0x00, 0x00, 0x00, 0x00,
  0x00, 0x00, 0x00, 0x00, 0xdd, 0x1c, 0x00, 0x00, 0x00, 0xc4, 0x00, 0x00,
  0x24, 0x00, 0x3d, 0x00, 0x00, 0x00, 0x00, 0x00, 0x00, 0x00, 0x00, 0x00,
  0x00, 0x00, 0x00, 0x00, 0x00, 0x00, 0x00, 0x00, 0x45, 0xe5, 0xd5, 0x00,
  0x00, 0x00, 0x00, 0xd4, 0x00, 0x00, 0x00, 0x00, 0x30, 0x00, 0x00, 0x00,
  0x00, 0x00, 0x00, 0xe8, 0x00, 0x0f, 0x00, 0x0e, 0x00, 0xde, 0x00, 0xe2,
  0x00, 0xe0, 0x34, 0xd9, 0x00, 0x00, 0x00, 0x00, 0x00, 0xd6, 0x00, 0x00,
  0x00, 0x0e, 0x31, 0x00, 0x00, 0x00, 0x00, 0x00, 0x00, 0xdd, 0x00, 0x00,
  0x00, 0x10, 0x00, 0x00, 0x00, 0x00, 0x00, 0x10, 0x20, 0x00, 0x00, 0x00,
  0x00, 0x00, 0x00, 0xf0, 0x00, 0xe0, 0x00, 0x00, 0x27, 0x00, 0x00, 0x00,
  0x30, 0x00, 0x00, 0x00, 0x00, 0xdc, 0x00, 0x00, 0x00, 0x00, 0xd8, 0x00,
  0x00, 0x00, 0x2b, 0xd5, 0xd5, 0x00, 0x00, 0x00, 0x00, 0x00, 0x00, 0x00,
  0x00, 0x00, 0x28, 0xc5, 0x00, 0x00, 0x00, 0x00, 0x00, 0xd3, 0xda, 0x00,
  0x00, 0x00, 0x00, 0x00, 0x00, 0xde, 0x00, 0x00, 0x00, 0xdf, 0x00, 0x00,
  0x20, 0x00, 0x00, 0x00, 0x00, 0xd9, 0x00, 0x00, 0x00, 0x00, 0xd8, 0x00,
  0x00, 0x00, 0x22, 0x00, 0xd7, 0x00, 0x00, 0x00, 0x00, 0xd7, 0x00, 0x00,
  0x00, 0x00, 0xf4, 0x00, 0x00, 0x00, 0x00, 0x00, 0x00, 0x00, 0x00, 0x00,
  0x00, 0xdd, 0x2a, 0x00, 0x00, 0x00, 0xef, 0xe0, 0x00, 0xdb, 0x00, 0x00,
  0x00, 0xe0, 0xe1, 0xe5, 0x00, 0x00, 0x00, 0x00, 0x00, 0x00, 0x00, 0x00,
  0x00, 0x00, 0x1a, 0x00, 0xb8, 0x00, 0x00, 0x00, 0x00, 0x00, 0x00, 0xd2,
  0x00, 0x00, 0x1d, 0x00, 0x00, 0x00, 0x00, 0x00, 0xcf, 0x00, 0x00, 0x00,
  0x00, 0x00, 0x25, 0x00, 0x00, 0x00, 0x00, 0x00, 0x2b, 0xe7, 0x00, 0x00,
  0x0f, 0x00, 0xe6, 0x00, 0x00, 0x00, 0x00, 0x00, 0x14, 0x00, 0x00, 0x00,
  0x00, 0x00, 0x00, 0xfb, 0x00, 0x00, 0x00, 0x00, 0x15, 0x00, 0x00, 0xd8,
  0x00, 0x00, 0x00, 0x00, 0xd2, 0x00, 0x00, 0x00, 0x00, 0x00, 0x00, 0x00,
  0x00, 0x00, 0x3c, 0x00, 0x00, 0x00, 0x00, 0x00, 0x00, 0xd8, 0x00, 0x00,
  0x00, 0x00, 0x00, 0xe9, 0x00, 0x00, 0x00, 0x00, 0x00, 0x00, 0x00, 0x00,
  0x00, 0x14, 0x00, 0x00, 0x00, 0x00, 0x00, 0x00, 0x16, 0x00, 0x00, 0x00,
  0x00, 0x00, 0xe7, 0x00, 0x00, 0x00, 0x00, 0x00, 0x17, 0x00, 0xcd, 0x00,
  0x00, 0x00, 0x23, 0x00, 0xd3, 0xe5, 0x00, 0x00, 0x32, 0x00, 0x00, 0x00,
  0x00, 0x1f, 0x00, 0xcf, 0x00, 0x00, 0x05, 0x00, 0xd3, 0x00, 0x00, 0x00,
  0x00, 0x21, 0x00, 0x00, 0x00, 0x00, 0x00, 0x19, 0x00, 0xcf, 0x0c, 0x00,
  0x00, 0x00, 0x00, 0xcb, 0x00, 0x00, 0x00, 0x00, 0x00, 0x00, 0x00, 0x00,
  0x00, 0x2a, 0x00, 0x00, 0xd8, 0x00, 0x00, 0x00, 0x00, 0x00, 0x00, 0x00,
  0x00, 0x00, 0x00, 0x00, 0x00, 0x00, 0x00, 0x00, 0x00, 0xe0, 0x00, 0x00,
  0x13, 0x00, 0x00, 0x00, 0x00, 0x00, 0x00, 0x00, 0x00, 0xdb, 0x00, 0x00,
  0x00, 0x00, 0x00, 0x00, 0x00, 0x00, 0x00, 0x00, 0x30, 0x00, 0x00, 0x00,
  0x00, 0x00, 0x00, 0xac, 0xc9, 0x00, 0x00, 0x00, 0x00, 0x00, 0x00, 0x00,
  0x00, 0x00, 0x00, 0x00, 0x00, 0x00, 0x00, 0x00, 0x00, 0x00, 0x00, 0x00,
  0x00, 0x22, 0x36, 0x00, 0x00, 0xd8, 0x17, 0x00, 0x00, 0x00, 0x00, 0x00,
  0x00, 0x00, 0x00, 0x00, 0x00, 0x00, 0x2d, 0x00, 0x30, 0x00, 0x00, 0x00,
  0x28, 0x00, 0x00, 0xdf, 0x00, 0x00, 0x19, 0x00, 0x23, 0xdd, 0x00, 0x00,
  0x00, 0x00, 0x00, 0x00, 0x00, 0x00, 0x00, 0x00, 0x26, 0x00, 0x00, 0x00,
  0x00, 0x00, 0x43, 0xdf, 0xce, 0x00, 0x00, 0x00, 0x00, 0xe4, 0x00, 0x00,
  0x00, 0x00, 0x00, 0x00, 0x00, 0x00, 0x1d, 0x00, 0x21, 0xcf, 0x00, 0x00,
  0x00, 0x00, 0x23, 0xce, 0x00, 0x00, 0x00, 0x00, 0x00, 0x00, 0x00, 0x00,
  0x2c, 0x05, 0x00, 0x00, 0x00, 0x00, 0x44, 0x00, 0x00, 0x00, 0x00, 0x00,
  0x00, 0x00, 0x2d, 0x00, 0x00, 0x00, 0x40, 0x00, 0x00, 0x00, 0x00, 0x00,
  0x00, 0x00, 0x00, 0x00, 0x00, 0x15, 0x36, 0x00, 0x2d, 0xf7, 0xcf, 0x00,
  0x00, 0x00, 0x00, 0xf6, 0xc1, 0x1b, 0x00, 0x00, 0x18, 0x00, 0xbc, 0x00,
  0x00, 0x00, 0x28, 0x00, 0xc1, 0x00, 0xfd, 0x00, 0x00, 0x00, 0xcc, 0x00,
  0xfb, 0x00, 0x3f, 0x00, 0x00, 0x00, 0x00, 0x00, 0x00, 0x00, 0xc9, 0xe8,
  0x00, 0x00, 0x00, 0x00, 0xb6, 0x00, 0x00, 0x00, 0x00, 0x00, 0xbd, 0x00,
  0x00, 0x00, 0x00, 0x00, 0x00, 0x00, 0x00, 0x00, 0x00, 0x00, 0x00, 0x00,
  0x00, 0x00, 0x00, 0xed, 0x00, 0x1c, 0x00, 0x00, 0x33, 0xf0, 0x00, 0x00,
  0x00, 0x00, 0x00, 0xf7, 0x00, 0x00, 0x00, 0x00, 0x00, 0x00, 0x00, 0x00,
  0x00, 0x00, 0x2e, 0x00, 0x00, 0x27, 0x00, 0x00, 0x2b, 0x00, 0xc9, 0x00,
  0x00, 0x00, 0x40, 0xe8, 0xc7, 0x00, 0x00, 0xc8, 0x00, 0x00, 0x00, 0x00,
  0x00, 0x00, 0x00, 0x00, 0x00, 0x00, 0x00, 0x00, 0x00, 0x00, 0x00, 0x00,
  0x00, 0x00, 0x45, 0x00, 0x00, 0x00, 0x00, 0x00, 0x00, 0x00, 0x00, 0x00,
  0x00, 0x00, 0x3f, 0x00, 0x00, 0x00, 0x26, 0x00, 0x00, 0x00, 0x00, 0x00,
  0x25, 0x00, 0x00, 0x00, 0x00, 0x00, 0x00, 0x00, 0x00, 0x00, 0x00, 0x00,
  0x27, 0x00, 0x2f, 0x00, 0x00, 0x00, 0x24, 0x00, 0x00, 0x00, 0x00, 0x00,
  0x00, 0x00, 0x00, 0x00, 0x00, 0x00, 0x22, 0x00, 0x30, 0x00, 0x00, 0x00,
  0x2d, 0x00, 0x00, 0xcc, 0x00, 0x00, 0x00, 0x00, 0x4b, 0x00, 0x00, 0x00,
  0x00, 0x00, 0x3b, 0xba, 0xd9, 0x00, 0x00, 0x00, 0x00, 0x00, 0x00, 0x00,
  0x00, 0x00, 0x3a, 0x00, 0xdf, 0x00, 0x00, 0x00, 0x00, 0xbb, 0xcb, 0x00,
  0xe0, 0x00, 0x00, 0xbe, 0xb1, 0x00, 0x00, 0x0b, 0x41, 0x00, 0xbd, 0x00,
  0x00, 0x00, 0x00, 0x00, 0xb1, 0x00, 0x00, 0x15, 0x00, 0x00, 0x00, 0x00,
  0x00, 0x1a, 0x29, 0xdd, 0x00, 0xca, 0x00, 0x00, 0x00, 0x00, 0xc9, 0x00,
  0x00, 0x00, 0x20, 0x00, 0xcb, 0x00, 0x00, 0x00, 0x2c, 0x00, 0xcd, 0x00,
  0x00, 0x00, 0x00, 0x00, 0x00, 0x00, 0x00, 0x00, 0x00, 0x00, 0x00, 0x00,
  0x00, 0x00, 0x32, 0xa6, 0x00, 0x00, 0x17, 0x00, 0x00, 0x00, 0x00, 0x00,
  0x00, 0x07, 0x00, 0x00, 0x00, 0x00, 0x00, 0x00, 0x00, 0x00, 0x00, 0x00,
  0x00, 0x00, 0x31, 0x00, 0x00, 0x00, 0x00, 0x00, 0x37, 0xcf, 0x00, 0x00,
  0x00, 0x00, 0x00, 0xcb, 0x00, 0xcd, 0x00, 0x00, 0x00, 0x00, 0x00, 0xce,
  0x00, 0x00, 0x00, 0x00, 0xc6, 0x00, 0x00, 0x00, 0x29, 0x00, 0x09, 0x00,
  0x00, 0x00, 0x37, 0xd8, 0x00, 0x00, 0x00, 0x00, 0x00, 0x00, 0x00, 0x00,
  0x00, 0x00, 0x3e, 0x00, 0x00, 0x00, 0x00, 0x00, 0x00, 0xd3, 0x00, 0x00,
  0x00, 0x00, 0x00, 0x00, 0x00, 0x00, 0x0f, 0x00, 0x2a, 0x00, 0x06, 0xc6,
  0x00, 0x00, 0x22, 0x00, 0x00, 0x00, 0x19, 0x00, 0x00, 0x00, 0x00, 0x00,
  0x00, 0x09, 0x00, 0x00, 0x00, 0x00, 0x00, 0x00, 0x1f, 0x00, 0x00, 0x00,
  0x00, 0x00, 0x00, 0xd6, 0x00, 0x00, 0x00, 0x00, 0x48, 0x00, 0x00, 0x00,
  0x00, 0x00, 0x00, 0xda, 0x00, 0x00, 0x00, 0x00, 0x00, 0x00, 0x00, 0x00,
  0x00, 0x00, 0x37, 0x00, 0x00, 0x00, 0x00, 0x00, 0x00, 0xd9, 0x00, 0x00,
  0xd8, 0x00, 0x20, 0xd3, 0xc7, 0x00, 0xee, 0x00, 0x25, 0xdb, 0xd2, 0x00,
  0x00, 0x0c, 0x00, 0x00, 0xcf, 0x00, 0xeb, 0x00, 0x00, 0x00, 0x00, 0x00,
  0xf1, 0x00, 0x27, 0x00, 0x00, 0xb8, 0xeb, 0x00, 0x00, 0x00, 0x00, 0xb1,
  0x00, 0x00, 0x00, 0x00, 0x00, 0x00, 0x00, 0x00, 0x00, 0x00, 0xc9, 0x00,
  0x00, 0x00, 0x00, 0x00, 0x00, 0x00, 0x27, 0x00, 0x13, 0x02, 0x00, 0x00,
  0x27, 0x00, 0x13, 0x00, 0x00, 0x00, 0x00, 0x00, 0x00, 0x00, 0x00, 0x00,
  0x00, 0x00, 0x00, 0x00, 0x00, 0x00, 0x00, 0x00, 0x19, 0x00, 0x00, 0x00,
  0x00, 0x00, 0x12, 0x00, 0x00, 0x00, 0x00, 0x00, 0x1d, 0x00, 0x00, 0x00,
  0x00, 0x00, 0x25, 0x00, 0x00, 0x00, 0xdd, 0x00, 0x2a, 0x00, 0x00, 0xbf,
  0x00, 0x00, 0x00, 0xe2, 0x00, 0x00, 0x00, 0xd4, 0x1f, 0xd7, 0x00, 0x00,
  0x00, 0x00, 0x00, 0xd7, 0xc8, 0x00, 0x00, 0x00, 0xc0, 0xfe, 0xff, 0xff,
  0xc4, 0xfe, 0xff, 0xff, 0x0f, 0x00, 0x00, 0x00, 0x4d, 0x4c, 0x49, 0x52,
  0x20, 0x43, 0x6f, 0x6e, 0x76, 0x65, 0x72, 0x74, 0x65, 0x64, 0x2e, 0x00,
  0x01, 0x00, 0x00, 0x00, 0x14, 0x00, 0x00, 0x00, 0x00, 0x00, 0x0e, 0x00,
  0x18, 0x00, 0x14, 0x00, 0x10, 0x00, 0x0c, 0x00, 0x08, 0x00, 0x04, 0x00,
  0x0e, 0x00, 0x00, 0x00, 0x14, 0x00, 0x00, 0x00, 0x1c, 0x00, 0x00, 0x00,
  0x6c, 0x01, 0x00, 0x00, 0x70, 0x01, 0x00, 0x00, 0x74, 0x01, 0x00, 0x00,
  0x04, 0x00, 0x00, 0x00, 0x6d, 0x61, 0x69, 0x6e, 0x00, 0x00, 0x00, 0x00,
  0x05, 0x00, 0x00, 0x00, 0x14, 0x01, 0x00, 0x00, 0xcc, 0x00, 0x00, 0x00,
  0x84, 0x00, 0x00, 0x00, 0x50, 0x00, 0x00, 0x00, 0x14, 0x00, 0x00, 0x00,
  0x00, 0x00, 0x0e, 0x00, 0x1a, 0x00, 0x14, 0x00, 0x10, 0x00, 0x0c, 0x00,
  0x0b, 0x00, 0x04, 0x00, 0x0e, 0x00, 0x00, 0x00, 0x1c, 0x00, 0x00, 0x00,
  0x00, 0x00, 0x00, 0x09, 0x1c, 0x00, 0x00, 0x00, 0x20, 0x00, 0x00, 0x00,
  0x01, 0x00, 0x00, 0x00, 0x00, 0x00, 0x06, 0x00, 0x08, 0x00, 0x04, 0x00,
  0x06, 0x00, 0x00, 0x00, 0x00, 0x00, 0x80, 0x3f, 0x01, 0x00, 0x00, 0x00,
  0x0d, 0x00, 0x00, 0x00, 0x01, 0x00, 0x00, 0x00, 0x0c, 0x00, 0x00, 0x00,
  0x9a, 0xff, 0xff, 0xff, 0x10, 0x00, 0x00, 0x00, 0x00, 0x00, 0x00, 0x08,
  0x0c, 0x00, 0x00, 0x00, 0x10, 0x00, 0x00, 0x00, 0x8c, 0xff, 0xff, 0xff,
  0x01, 0x00, 0x00, 0x00, 0x0c, 0x00, 0x00, 0x00, 0x03, 0x00, 0x00, 0x00,
  0x09, 0x00, 0x00, 0x00, 0x0a, 0x00, 0x00, 0x00, 0x0b, 0x00, 0x00, 0x00,
  0xca, 0xff, 0xff, 0xff, 0x10, 0x00, 0x00, 0x00, 0x00, 0x00, 0x00, 0x08,
  0x10, 0x00, 0x00, 0x00, 0x14, 0x00, 0x00, 0x00, 0x76, 0xff, 0xff, 0xff,
  0x00, 0x00, 0x00, 0x01, 0x01, 0x00, 0x00, 0x00, 0x09, 0x00, 0x00, 0x00,
  0x03, 0x00, 0x00, 0x00, 0x06, 0x00, 0x00, 0x00, 0x07, 0x00, 0x00, 0x00,
  0x08, 0x00, 0x00, 0x00, 0x00, 0x00, 0x0e, 0x00, 0x14, 0x00, 0x00, 0x00,
  0x10, 0x00, 0x0c, 0x00, 0x0b, 0x00, 0x04, 0x00, 0x0e, 0x00, 0x00, 0x00,
  0x14, 0x00, 0x00, 0x00, 0x00, 0x00, 0x00, 0x08, 0x10, 0x00, 0x00, 0x00,
  0x14, 0x00, 0x00, 0x00, 0x04, 0x00, 0x04, 0x00, 0x04, 0x00, 0x00, 0x00,
  0x01, 0x00, 0x00, 0x00, 0x06, 0x00, 0x00, 0x00, 0x03, 0x00, 0x00, 0x00,
  0x03, 0x00, 0x00, 0x00, 0x04, 0x00, 0x00, 0x00, 0x05, 0x00, 0x00, 0x00,
  0x00, 0x00, 0x0e, 0x00, 0x16, 0x00, 0x00, 0x00, 0x10, 0x00, 0x0c, 0x00,
  0x0b, 0x00, 0x04, 0x00, 0x0e, 0x00, 0x00, 0x00, 0x18, 0x00, 0x00, 0x00,
  0x00, 0x00, 0x00, 0x08, 0x18, 0x00, 0x00, 0x00, 0x1c, 0x00, 0x00, 0x00,
  0x00, 0x00, 0x06, 0x00, 0x08, 0x00, 0x07, 0x00, 0x06, 0x00, 0x00, 0x00,
  0x00, 0x00, 0x00, 0x01, 0x01, 0x00, 0x00, 0x00, 0x03, 0x00, 0x00, 0x00,
  0x03, 0x00, 0x00, 0x00, 0x00, 0x00, 0x00, 0x00, 0x01, 0x00, 0x00, 0x00,
  0x02, 0x00, 0x00, 0x00, 0x01, 0x00, 0x00, 0x00, 0x0d, 0x00, 0x00, 0x00,
  0x01, 0x00, 0x00, 0x00, 0x00, 0x00, 0x00, 0x00, 0x0e, 0x00, 0x00, 0x00,
  0xdc, 0x09, 0x00, 0x00, 0xec, 0x08, 0x00, 0x00, 0x40, 0x08, 0x00, 0x00,
  0x44, 0x07, 0x00, 0x00, 0x78, 0x06, 0x00, 0x00, 0xec, 0x05, 0x00, 0x00,
  0x30, 0x05, 0x00, 0x00, 0x54, 0x04, 0x00, 0x00, 0xc0, 0x03, 0x00, 0x00,
  0xbc, 0x02, 0x00, 0x00, 0xe0, 0x01, 0x00, 0x00, 0x4c, 0x01, 0x00, 0x00,
  0x80, 0x00, 0x00, 0x00, 0x04, 0x00, 0x00, 0x00, 0x72, 0xf6, 0xff, 0xff,
  0x00, 0x00, 0x00, 0x01, 0x18, 0x00, 0x00, 0x00, 0x20, 0x00, 0x00, 0x00,
  0x3c, 0x00, 0x00, 0x00, 0x0e, 0x00, 0x00, 0x00, 0x00, 0x00, 0x00, 0x09,
  0x50, 0x00, 0x00, 0x00, 0x02, 0x00, 0x00, 0x00, 0xff, 0xff, 0xff, 0xff,
  0x0c, 0x00, 0x00, 0x00, 0x5c, 0xf6, 0xff, 0xff, 0x08, 0x00, 0x00, 0x00,
  0x10, 0x00, 0x00, 0x00, 0x01, 0x00, 0x00, 0x00, 0x80, 0xff, 0xff, 0xff,
  0xff, 0xff, 0xff, 0xff, 0x01, 0x00, 0x00, 0x00, 0x00, 0x00, 0x80, 0x3b,
  0x19, 0x00, 0x00, 0x00, 0x53, 0x74, 0x61, 0x74, 0x65, 0x66, 0x75, 0x6c,
  0x50, 0x61, 0x72, 0x74, 0x69, 0x74, 0x69, 0x6f, 0x6e, 0x65, 0x64, 0x43,
  0x61, 0x6c, 0x6c, 0x3a, 0x30, 0x00, 0x00, 0x00, 0x02, 0x00, 0x00, 0x00,
  0x01, 0x00, 0x00, 0x00, 0x0c, 0x00, 0x00, 0x00, 0xea, 0xf6, 0xff, 0xff,
  0x00, 0x00, 0x00, 0x01, 0x18, 0x00, 0x00, 0x00, 0x20, 0x00, 0x00, 0x00,
  0x40, 0x00, 0x00, 0x00, 0x0d, 0x00, 0x00, 0x00, 0x00, 0x00, 0x00, 0x09,
  0xa0, 0x00, 0x00, 0x00, 0x02, 0x00, 0x00, 0x00, 0xff, 0xff, 0xff, 0xff,
  0x0c, 0x00, 0x00, 0x00, 0xd4, 0xf6, 0xff, 0xff, 0x08, 0x00, 0x00, 0x00,
  0x14, 0x00, 0x00, 0x00, 0x01, 0x00, 0x00, 0x00, 0x38, 0x00, 0x00, 0x00,
  0x00, 0x00, 0x00, 0x00, 0x00, 0x00, 0x00, 0x00, 0x01, 0x00, 0x00, 0x00,
  0x8e, 0x34, 0xe3, 0x3d, 0x66, 0x00, 0x00, 0x00, 0x65, 0x6e, 0x63, 0x6f,
  0x64, 0x65, 0x72, 0x5f, 0x63, 0x6c, 0x66, 0x5f, 0x73, 0x74, 0x64, 0x5f,
  0x66, 0x6c, 0x61, 0x74, 0x2f, 0x71, 0x75, 0x61, 0x6e, 0x74, 0x5f, 0x61,
  0x63, 0x74, 0x69, 0x76, 0x69, 0x74, 0x79, 0x5f, 0x73, 0x6f, 0x66, 0x74,
  0x6d, 0x61, 0x78, 0x2f, 0x4d, 0x61, 0x74, 0x4d, 0x75, 0x6c, 0x3b, 0x65,
  0x6e, 0x63, 0x6f, 0x64, 0x65, 0x72, 0x5f, 0x63, 0x6c, 0x66, 0x5f, 0x73,
  0x74, 0x64, 0x5f, 0x66, 0x6c, 0x61, 0x74, 0x2f, 0x71, 0x75, 0x61, 0x6e,
  0x74, 0x5f, 0x61, 0x63, 0x74, 0x69, 0x76, 0x69, 0x74, 0x79, 0x5f, 0x73,
  0x6f, 0x66, 0x74, 0x6d, 0x61, 0x78, 0x2f, 0x42, 0x69, 0x61, 0x73, 0x41,
  0x64, 0x64, 0x00, 0x00, 0x02, 0x00, 0x00, 0x00, 0x01, 0x00, 0x00, 0x00,
  0x0c, 0x00, 0x00, 0x00, 0x9e, 0xf8, 0xff, 0xff, 0x00, 0x00, 0x00, 0x01,
  0x14, 0x00, 0x00, 0x00, 0x34, 0x00, 0x00, 0x00, 0x0c, 0x00, 0x00, 0x00,
  0x00, 0x00, 0x00, 0x02, 0x70, 0x00, 0x00, 0x00, 0x8c, 0xf7, 0xff, 0xff,
  0x08, 0x00, 0x00, 0x00, 0x14, 0x00, 0x00, 0x00, 0x01, 0x00, 0x00, 0x00,
  0x00, 0x00, 0x00, 0x00, 0x00, 0x00, 0x00, 0x00, 0x00, 0x00, 0x00, 0x00,
  0x01, 0x00, 0x00, 0x00, 0x0b, 0x47, 0xaf, 0x3a, 0x42, 0x00, 0x00, 0x00,
  0x65, 0x6e, 0x63, 0x6f, 0x64, 0x65, 0x72, 0x5f, 0x63, 0x6c, 0x66, 0x5f,
  0x73, 0x74, 0x64, 0x5f, 0x66, 0x6c, 0x61, 0x74, 0x2f, 0x71, 0x75, 0x61,
  0x6e, 0x74, 0x5f, 0x61, 0x63, 0x74, 0x69, 0x76, 0x69, 0x74, 0x79, 0x5f,
  0x73, 0x6f, 0x66, 0x74, 0x6d, 0x61, 0x78, 0x2f, 0x42, 0x69, 0x61, 0x73,
  0x41, 0x64, 0x64, 0x2f, 0x52, 0x65, 0x61, 0x64, 0x56, 0x61, 0x72, 0x69,
  0x61, 0x62, 0x6c, 0x65, 0x4f, 0x70, 0x00, 0x00, 0x01, 0x00, 0x00, 0x00,
  0x0c, 0x00, 0x00, 0x00, 0x2e, 0xf9, 0xff, 0xff, 0x00, 0x00, 0x00, 0x01,
  0x14, 0x00, 0x00, 0x00, 0x34, 0x00, 0x00, 0x00, 0x0b, 0x00, 0x00, 0x00,
  0x00, 0x00, 0x00, 0x09, 0xb4, 0x00, 0x00, 0x00, 0x1c, 0xf8, 0xff, 0xff,
  0x08, 0x00, 0x00, 0x00, 0x14, 0x00, 0x00, 0x00, 0x01, 0x00, 0x00, 0x00,
  0x00, 0x00, 0x00, 0x00, 0x00, 0x00, 0x00, 0x00, 0x00, 0x00, 0x00, 0x00,
  0x01, 0x00, 0x00, 0x00, 0xf5, 0x4d, 0x80, 0x3c, 0x85, 0x00, 0x00, 0x00,
  0x65, 0x6e, 0x63, 0x6f, 0x64, 0x65, 0x72, 0x5f, 0x63, 0x6c, 0x66, 0x5f,
  0x73, 0x74, 0x64, 0x5f, 0x66, 0x6c, 0x61, 0x74, 0x2f, 0x71, 0x75, 0x61,
  0x6e, 0x74, 0x5f, 0x61, 0x63, 0x74, 0x69, 0x76, 0x69, 0x74, 0x79, 0x5f,
  0x73, 0x6f, 0x66, 0x74, 0x6d, 0x61, 0x78, 0x2f, 0x4d, 0x61, 0x74, 0x4d,
  0x75, 0x6c, 0x3b, 0x65, 0x6e, 0x63, 0x6f, 0x64, 0x65, 0x72, 0x5f, 0x63,
  0x6c, 0x66, 0x5f, 0x73, 0x74, 0x64, 0x5f, 0x66, 0x6c, 0x61, 0x74, 0x2f,
  0x71, 0x75, 0x61, 0x6e, 0x74, 0x5f, 0x61, 0x63, 0x74, 0x69, 0x76, 0x69,
  0x74, 0x79, 0x5f, 0x73, 0x6f, 0x66, 0x74, 0x6d, 0x61, 0x78, 0x2f, 0x4c,
  0x61, 0x73, 0x74, 0x56, 0x61, 0x6c, 0x75, 0x65, 0x51, 0x75, 0x61, 0x6e,
  0x74, 0x2f, 0x46, 0x61, 0x6b, 0x65, 0x51, 0x75, 0x61, 0x6e, 0x74, 0x57,
  0x69, 0x74, 0x68, 0x4d, 0x69, 0x6e, 0x4d, 0x61, 0x78, 0x56, 0x61, 0x72,
  0x73, 0x00, 0x00, 0x00, 0x02, 0x00, 0x00, 0x00, 0x0c, 0x00, 0x00, 0x00,
  0x14, 0x00, 0x00, 0x00, 0x1a, 0xf9, 0xff, 0xff, 0x00, 0x00, 0x00, 0x01,
  0x18, 0x00, 0x00, 0x00, 0x20, 0x00, 0x00, 0x00, 0x3c, 0x00, 0x00, 0x00,
  0x0a, 0x00, 0x00, 0x00, 0x00, 0x00, 0x00, 0x09, 0xd8, 0x00, 0x00, 0x00,
  0x02, 0x00, 0x00, 0x00, 0xff, 0xff, 0xff, 0xff, 0x14, 0x00, 0x00, 0x00,
  0x04, 0xf9, 0xff, 0xff, 0x08, 0x00, 0x00, 0x00, 0x10, 0x00, 0x00, 0x00,
  0x01, 0x00, 0x00, 0x00, 0xae, 0xff, 0xff, 0xff, 0xff, 0xff, 0xff, 0xff,
  0x01, 0x00, 0x00, 0x00, 0x8c, 0xdc, 0xae, 0x3d, 0xa0, 0x00, 0x00, 0x00,
  0x65, 0x6e, 0x63, 0x6f, 0x64, 0x65, 0x72, 0x5f, 0x63, 0x6c, 0x66, 0x5f,
  0x73, 0x74, 0x64, 0x5f, 0x66, 0x6c, 0x61, 0x74, 0x2f, 0x71, 0x75, 0x61,
  0x6e, 0x74, 0x5f, 0x63, 0x6c, 0x61, 0x73, 0x73, 0x69, 0x66, 0x69, 0x65,
  0x72, 0x5f, 0x64, 0x65, 0x6e, 0x73, 0x65, 0x5f, 0x32, 0x30, 0x2f, 0x4d,
  0x61, 0x74, 0x4d, 0x75, 0x6c, 0x3b, 0x65, 0x6e, 0x63, 0x6f, 0x64, 0x65,
  0x72, 0x5f, 0x63, 0x6c, 0x66, 0x5f, 0x73, 0x74, 0x64, 0x5f, 0x66, 0x6c,
  0x61, 0x74, 0x2f, 0x71, 0x75, 0x61, 0x6e, 0x74, 0x5f, 0x63, 0x6c, 0x61,
  0x73, 0x73, 0x69, 0x66, 0x69, 0x65, 0x72, 0x5f, 0x64, 0x65, 0x6e, 0x73,
  0x65, 0x5f, 0x32, 0x30, 0x2f, 0x52, 0x65, 0x6c, 0x75, 0x3b, 0x65, 0x6e,
  0x63, 0x6f, 0x64, 0x65, 0x72, 0x5f, 0x63, 0x6c, 0x66, 0x5f, 0x73, 0x74,
  0x64, 0x5f, 0x66, 0x6c, 0x61, 0x74, 0x2f, 0x71, 0x75, 0x61, 0x6e, 0x74,
  0x5f, 0x63, 0x6c, 0x61, 0x73, 0x73, 0x69, 0x66, 0x69, 0x65, 0x72, 0x5f,
  0x64, 0x65, 0x6e, 0x73, 0x65, 0x5f, 0x32, 0x30, 0x2f, 0x42, 0x69, 0x61,
  0x73, 0x41, 0x64, 0x64, 0x00, 0x00, 0x00, 0x00, 0x02, 0x00, 0x00, 0x00,
  0x01, 0x00, 0x00, 0x00, 0x14, 0x00, 0x00, 0x00, 0x06, 0xfb, 0xff, 0xff,
  0x00, 0x00, 0x00, 0x01, 0x14, 0x00, 0x00, 0x00, 0x30, 0x00, 0x00, 0x00,
  0x09, 0x00, 0x00, 0x00, 0x00, 0x00, 0x00, 0x02, 0x70, 0x00, 0x00, 0x00,
  0xf4, 0xf9, 0xff, 0xff, 0x08, 0x00, 0x00, 0x00, 0x10, 0x00, 0x00, 0x00,
  0x01, 0x00, 0x00, 0x00, 0x00, 0x00, 0x00, 0x00, 0x00, 0x00, 0x00, 0x00,
  0x01, 0x00, 0x00, 0x00, 0x5c, 0x7a, 0x4e, 0x3a, 0x45, 0x00, 0x00, 0x00,
  0x65, 0x6e, 0x63, 0x6f, 0x64, 0x65, 0x72, 0x5f, 0x63, 0x6c, 0x66, 0x5f,
  0x73, 0x74, 0x64, 0x5f, 0x66, 0x6c, 0x61, 0x74, 0x2f, 0x71, 0x75, 0x61,
  0x6e, 0x74, 0x5f, 0x63, 0x6c, 0x61, 0x73, 0x73, 0x69, 0x66, 0x69, 0x65,
  0x72, 0x5f, 0x64, 0x65, 0x6e, 0x73, 0x65, 0x5f, 0x32, 0x30, 0x2f, 0x42,
  0x69, 0x61, 0x73, 0x41, 0x64, 0x64, 0x2f, 0x52, 0x65, 0x61, 0x64, 0x56,
  0x61, 0x72, 0x69, 0x61, 0x62, 0x6c, 0x65, 0x4f, 0x70, 0x00, 0x00, 0x00,
  0x01, 0x00, 0x00, 0x00, 0x14, 0x00, 0x00, 0x00, 0x96, 0xfb, 0xff, 0xff,
  0x00, 0x00, 0x00, 0x01, 0x14, 0x00, 0x00, 0x00, 0x30, 0x00, 0x00, 0x00,
  0x08, 0x00, 0x00, 0x00, 0x00, 0x00, 0x00, 0x09, 0xb4, 0x00, 0x00, 0x00,
  0x84, 0xfa, 0xff, 0xff, 0x08, 0x00, 0x00, 0x00, 0x10, 0x00, 0x00, 0x00,
  0x01, 0x00, 0x00, 0x00, 0x00, 0x00, 0x00, 0x00, 0x00, 0x00, 0x00, 0x00,
  0x01, 0x00, 0x00, 0x00, 0x0c, 0xa3, 0x17, 0x3c, 0x8b, 0x00, 0x00, 0x00,
  0x65, 0x6e, 0x63, 0x6f, 0x64, 0x65, 0x72, 0x5f, 0x63, 0x6c, 0x66, 0x5f,
  0x73, 0x74, 0x64, 0x5f, 0x66, 0x6c, 0x61, 0x74, 0x2f, 0x71, 0x75, 0x61,
  0x6e, 0x74, 0x5f, 0x63, 0x6c, 0x61, 0x73, 0x73, 0x69, 0x66, 0x69, 0x65,
  0x72, 0x5f, 0x64, 0x65, 0x6e, 0x73, 0x65, 0x5f, 0x32, 0x30, 0x2f, 0x4d,
  0x61, 0x74, 0x4d, 0x75, 0x6c, 0x3b, 0x65, 0x6e, 0x63, 0x6f, 0x64, 0x65,
  0x72, 0x5f, 0x63, 0x6c, 0x66, 0x5f, 0x73, 0x74, 0x64, 0x5f, 0x66, 0x6c,
  0x61, 0x74, 0x2f, 0x71, 0x75, 0x61, 0x6e, 0x74, 0x5f, 0x63, 0x6c, 0x61,
  0x73, 0x73, 0x69, 0x66, 0x69, 0x65, 0x72, 0x5f, 0x64, 0x65, 0x6e, 0x73,
  0x65, 0x5f, 0x32, 0x30, 0x2f, 0x4c, 0x61, 0x73, 0x74, 0x56, 0x61, 0x6c,
  0x75, 0x65, 0x51, 0x75, 0x61, 0x6e, 0x74, 0x2f, 0x46, 0x61, 0x6b, 0x65,
  0x51, 0x75, 0x61, 0x6e, 0x74, 0x57, 0x69, 0x74, 0x68, 0x4d, 0x69, 0x6e,
  0x4d, 0x61, 0x78, 0x56, 0x61, 0x72, 0x73, 0x00, 0x02, 0x00, 0x00, 0x00,
  0x14, 0x00, 0x00, 0x00, 0x20, 0x00, 0x00, 0x00, 0x82, 0xfb, 0xff, 0xff,
  0x00, 0x00, 0x00, 0x01, 0x18, 0x00, 0x00, 0x00, 0x20, 0x00, 0x00, 0x00,
  0x3c, 0x00, 0x00, 0x00, 0x07, 0x00, 0x00, 0x00, 0x00, 0x00, 0x00, 0x09,
  0x90, 0x00, 0x00, 0x00, 0x02, 0x00, 0x00, 0x00, 0xff, 0xff, 0xff, 0xff,
  0x20, 0x00, 0x00, 0x00, 0x6c, 0xfb, 0xff, 0xff, 0x08, 0x00, 0x00, 0x00,
  0x10, 0x00, 0x00, 0x00, 0x01, 0x00, 0x00, 0x00, 0xff, 0xff, 0xff, 0xff,
  0xff, 0xff, 0xff, 0xff, 0x01, 0x00, 0x00, 0x00, 0xe3, 0x4a, 0xae, 0x3d,
  0x58, 0x00, 0x00, 0x00, 0x65, 0x6e, 0x63, 0x6f, 0x64, 0x65, 0x72, 0x5f,
  0x63, 0x6c, 0x66, 0x5f, 0x73, 0x74, 0x64, 0x5f, 0x66, 0x6c, 0x61, 0x74,
  0x2f, 0x71, 0x75, 0x61, 0x6e, 0x74, 0x5f, 0x6c, 0x61, 0x74, 0x65, 0x6e,
  0x74, 0x5f, 0x33, 0x32, 0x2f, 0x4d, 0x61, 0x74, 0x4d, 0x75, 0x6c, 0x3b,
  0x65, 0x6e, 0x63, 0x6f, 0x64, 0x65, 0x72, 0x5f, 0x63, 0x6c, 0x66, 0x5f,
  0x73, 0x74, 0x64, 0x5f, 0x66, 0x6c, 0x61, 0x74, 0x2f, 0x71, 0x75, 0x61,
  0x6e, 0x74, 0x5f, 0x6c, 0x61, 0x74, 0x65, 0x6e, 0x74, 0x5f, 0x33, 0x32,
  0x2f, 0x42, 0x69, 0x61, 0x73, 0x41, 0x64, 0x64, 0x00, 0x00, 0x00, 0x00,
  0x02, 0x00, 0x00, 0x00, 0x01, 0x00, 0x00, 0x00, 0x20, 0x00, 0x00, 0x00,
  0x26, 0xfd, 0xff, 0xff, 0x00, 0x00, 0x00, 0x01, 0x14, 0x00, 0x00, 0x00,
  0x34, 0x00, 0x00, 0x00, 0x06, 0x00, 0x00, 0x00, 0x00, 0x00, 0x00, 0x02,
  0x68, 0x00, 0x00, 0x00, 0x14, 0xfc, 0xff, 0xff, 0x08, 0x00, 0x00, 0x00,
  0x14, 0x00, 0x00, 0x00, 0x01, 0x00, 0x00, 0x00, 0x00, 0x00, 0x00, 0x00,
  0x00, 0x00, 0x00, 0x00, 0x00, 0x00, 0x00, 0x00, 0x01, 0x00, 0x00, 0x00,
  0xbe, 0x1a, 0x8c, 0x39, 0x3b, 0x00, 0x00, 0x00, 0x65, 0x6e, 0x63, 0x6f,
  0x64, 0x65, 0x72, 0x5f, 0x63, 0x6c, 0x66, 0x5f, 0x73, 0x74, 0x64, 0x5f,
  0x66, 0x6c, 0x61, 0x74, 0x2f, 0x71, 0x75, 0x61, 0x6e, 0x74, 0x5f, 0x6c,
  0x61, 0x74, 0x65, 0x6e, 0x74, 0x5f, 0x33, 0x32, 0x2f, 0x42, 0x69, 0x61,
  0x73, 0x41, 0x64, 0x64, 0x2f, 0x52, 0x65, 0x61, 0x64, 0x56, 0x61, 0x72,
  0x69, 0x61, 0x62, 0x6c, 0x65, 0x4f, 0x70, 0x00, 0x01, 0x00, 0x00, 0x00,
  0x20, 0x00, 0x00, 0x00, 0xae, 0xfd, 0xff, 0xff, 0x00, 0x00, 0x00, 0x01,
  0x14, 0x00, 0x00, 0x00, 0x34, 0x00, 0x00, 0x00, 0x05, 0x00, 0x00, 0x00,
  0x00, 0x00, 0x00, 0x09, 0xa4, 0x00, 0x00, 0x00, 0x9c, 0xfc, 0xff, 0xff,
  0x08, 0x00, 0x00, 0x00, 0x14, 0x00, 0x00, 0x00, 0x01, 0x00, 0x00, 0x00,
  0x00, 0x00, 0x00, 0x00, 0x00, 0x00, 0x00, 0x00, 0x00, 0x00, 0x00, 0x00,
  0x01, 0x00, 0x00, 0x00, 0x1e, 0x4f, 0x88, 0x3b, 0x77, 0x00, 0x00, 0x00,
  0x65, 0x6e, 0x63, 0x6f, 0x64, 0x65, 0x72, 0x5f, 0x63, 0x6c, 0x66, 0x5f,
  0x73, 0x74, 0x64, 0x5f, 0x66, 0x6c, 0x61, 0x74, 0x2f, 0x71, 0x75, 0x61,
  0x6e, 0x74, 0x5f, 0x6c, 0x61, 0x74, 0x65, 0x6e, 0x74, 0x5f, 0x33, 0x32,
  0x2f, 0x4d, 0x61, 0x74, 0x4d, 0x75, 0x6c, 0x3b, 0x65, 0x6e, 0x63, 0x6f,
  0x64, 0x65, 0x72, 0x5f, 0x63, 0x6c, 0x66, 0x5f, 0x73, 0x74, 0x64, 0x5f,
  0x66, 0x6c, 0x61, 0x74, 0x2f, 0x71, 0x75, 0x61, 0x6e, 0x74, 0x5f, 0x6c,
  0x61, 0x74, 0x65, 0x6e, 0x74, 0x5f, 0x33, 0x32, 0x2f, 0x4c, 0x61, 0x73,
  0x74, 0x56, 0x61, 0x6c, 0x75, 0x65, 0x51, 0x75, 0x61, 0x6e, 0x74, 0x2f,
  0x46, 0x61, 0x6b, 0x65, 0x51, 0x75, 0x61, 0x6e, 0x74, 0x57, 0x69, 0x74,
  0x68, 0x4d, 0x69, 0x6e, 0x4d, 0x61, 0x78, 0x56, 0x61, 0x72, 0x73, 0x00,
  0x02, 0x00, 0x00, 0x00, 0x20, 0x00, 0x00, 0x00, 0x40, 0x00, 0x00, 0x00,
  0x8a, 0xfd, 0xff, 0xff, 0x00, 0x00, 0x00, 0x01, 0x18, 0x00, 0x00, 0x00,
  0x20, 0x00, 0x00, 0x00, 0x40, 0x00, 0x00, 0x00, 0x04, 0x00, 0x00, 0x00,
  0x00, 0x00, 0x00, 0x09, 0xd0, 0x00, 0x00, 0x00, 0x02, 0x00, 0x00, 0x00,
  0xff, 0xff, 0xff, 0xff, 0x40, 0x00, 0x00, 0x00, 0x74, 0xfd, 0xff, 0xff,
  0x08, 0x00, 0x00, 0x00, 0x14, 0x00, 0x00, 0x00, 0x01, 0x00, 0x00, 0x00,
  0xbd, 0xff, 0xff, 0xff, 0xff, 0xff, 0xff, 0xff, 0x00, 0x00, 0x00, 0x00,
  0x01, 0x00, 0x00, 0x00, 0x66, 0x90, 0x83, 0x3d, 0x97, 0x00, 0x00, 0x00,
  0x65, 0x6e, 0x63, 0x6f, 0x64, 0x65, 0x72, 0x5f, 0x63, 0x6c, 0x66, 0x5f,
  0x73, 0x74, 0x64, 0x5f, 0x66, 0x6c, 0x61, 0x74, 0x2f, 0x71, 0x75, 0x61,
  0x6e, 0x74, 0x5f, 0x65, 0x6e, 0x63, 0x6f, 0x64, 0x65, 0x72, 0x5f, 0x64,
  0x65, 0x6e, 0x73, 0x65, 0x5f, 0x36, 0x34, 0x2f, 0x4d, 0x61, 0x74, 0x4d,
  0x75, 0x6c, 0x3b, 0x65, 0x6e, 0x63, 0x6f, 0x64, 0x65, 0x72, 0x5f, 0x63,
  0x6c, 0x66, 0x5f, 0x73, 0x74, 0x64, 0x5f, 0x66, 0x6c, 0x61, 0x74, 0x2f,
  0x71, 0x75, 0x61, 0x6e, 0x74, 0x5f, 0x65, 0x6e, 0x63, 0x6f, 0x64, 0x65,
  0x72, 0x5f, 0x64, 0x65, 0x6e, 0x73, 0x65, 0x5f, 0x36, 0x34, 0x2f, 0x52,
  0x65, 0x6c, 0x75, 0x3b, 0x65, 0x6e, 0x63, 0x6f, 0x64, 0x65, 0x72, 0x5f,
  0x63, 0x6c, 0x66, 0x5f, 0x73, 0x74, 0x64, 0x5f, 0x66, 0x6c, 0x61, 0x74,
  0x2f, 0x71, 0x75, 0x61, 0x6e, 0x74, 0x5f, 0x65, 0x6e, 0x63, 0x6f, 0x64,
  0x65, 0x72, 0x5f, 0x64, 0x65, 0x6e, 0x73, 0x65, 0x5f, 0x36, 0x34, 0x2f,
  0x42, 0x69, 0x61, 0x73, 0x41, 0x64, 0x64, 0x00, 0x02, 0x00, 0x00, 0x00,
  0x01, 0x00, 0x00, 0x00, 0x40, 0x00, 0x00, 0x00, 0x6e, 0xff, 0xff, 0xff,
  0x00, 0x00, 0x00, 0x01, 0x14, 0x00, 0x00, 0x00, 0x34, 0x00, 0x00, 0x00,
  0x03, 0x00, 0x00, 0x00, 0x00, 0x00, 0x00, 0x02, 0x70, 0x00, 0x00, 0x00,
  0x5c, 0xfe, 0xff, 0xff, 0x08, 0x00, 0x00, 0x00, 0x14, 0x00, 0x00, 0x00,
  0x01, 0x00, 0x00, 0x00, 0x00, 0x00, 0x00, 0x00, 0x00, 0x00, 0x00, 0x00,
  0x00, 0x00, 0x00, 0x00, 0x01, 0x00, 0x00, 0x00, 0x19, 0xe4, 0x2e, 0x39,
  0x42, 0x00, 0x00, 0x00, 0x65, 0x6e, 0x63, 0x6f, 0x64, 0x65, 0x72, 0x5f,
  0x63, 0x6c, 0x66, 0x5f, 0x73, 0x74, 0x64, 0x5f, 0x66, 0x6c, 0x61, 0x74,
  0x2f, 0x71, 0x75, 0x61, 0x6e, 0x74, 0x5f, 0x65, 0x6e, 0x63, 0x6f, 0x64,
  0x65, 0x72, 0x5f, 0x64, 0x65, 0x6e, 0x73, 0x65, 0x5f, 0x36, 0x34, 0x2f,
  0x42, 0x69, 0x61, 0x73, 0x41, 0x64, 0x64, 0x2f, 0x52, 0x65, 0x61, 0x64,
  0x56, 0x61, 0x72, 0x69, 0x61, 0x62, 0x6c, 0x65, 0x4f, 0x70, 0x00, 0x00,
  0x01, 0x00, 0x00, 0x00, 0x40, 0x00, 0x00, 0x00, 0x00, 0x00, 0x16, 0x00,
  0x1c, 0x00, 0x18, 0x00, 0x17, 0x00, 0x10, 0x00, 0x0c, 0x00, 0x08, 0x00,
  0x00, 0x00, 0x00, 0x00, 0x00, 0x00, 0x07, 0x00, 0x16, 0x00, 0x00, 0x00,
  0x00, 0x00, 0x00, 0x01, 0x14, 0x00, 0x00, 0x00, 0x30, 0x00, 0x00, 0x00,
  0x02, 0x00, 0x00, 0x00, 0x00, 0x00, 0x00, 0x09, 0xb0, 0x00, 0x00, 0x00,
  0x04, 0xff, 0xff, 0xff, 0x08, 0x00, 0x00, 0x00, 0x10, 0x00, 0x00, 0x00,
  0x01, 0x00, 0x00, 0x00, 0x00, 0x00, 0x00, 0x00, 0x00, 0x00, 0x00, 0x00,
  0x01, 0x00, 0x00, 0x00, 0x3b, 0xb3, 0x71, 0x3b, 0x85, 0x00, 0x00, 0x00,
  0x65, 0x6e, 0x63, 0x6f, 0x64, 0x65, 0x72, 0x5f, 0x63, 0x6c, 0x66, 0x5f,
  0x73, 0x74, 0x64, 0x5f, 0x66, 0x6c, 0x61, 0x74, 0x2f, 0x71, 0x75, 0x61,
  0x6e, 0x74, 0x5f, 0x65, 0x6e, 0x63, 0x6f, 0x64, 0x65, 0x72, 0x5f, 0x64,
  0x65, 0x6e, 0x73, 0x65, 0x5f, 0x36, 0x34, 0x2f, 0x4d, 0x61, 0x74, 0x4d,
  0x75, 0x6c, 0x3b, 0x65, 0x6e, 0x63, 0x6f, 0x64, 0x65, 0x72, 0x5f, 0x63,
  0x6c, 0x66, 0x5f, 0x73, 0x74, 0x64, 0x5f, 0x66, 0x6c, 0x61, 0x74, 0x2f,
  0x71, 0x75, 0x61, 0x6e, 0x74, 0x5f, 0x65, 0x6e, 0x63, 0x6f, 0x64, 0x65,
  0x72, 0x5f, 0x64, 0x65, 0x6e, 0x73, 0x65, 0x5f, 0x36, 0x34, 0x2f, 0x4c,
  0x61, 0x73, 0x74, 0x56, 0x61, 0x6c, 0x75, 0x65, 0x51, 0x75, 0x61, 0x6e,
  0x74, 0x2f, 0x46, 0x61, 0x6b, 0x65, 0x51, 0x75, 0x61, 0x6e, 0x74, 0x57,
  0x69, 0x74, 0x68, 0x4d, 0x69, 0x6e, 0x4d, 0x61, 0x78, 0x56, 0x61, 0x72,
  0x73, 0x00, 0x00, 0x00, 0x02, 0x00, 0x00, 0x00, 0x40, 0x00, 0x00, 0x00,
  0x58, 0x02, 0x00, 0x00, 0x00, 0x00, 0x16, 0x00, 0x20, 0x00, 0x1c, 0x00,
  0x1b, 0x00, 0x14, 0x00, 0x10, 0x00, 0x0c, 0x00, 0x00, 0x00, 0x00, 0x00,
  0x08, 0x00, 0x07, 0x00, 0x16, 0x00, 0x00, 0x00, 0x00, 0x00, 0x00, 0x01,
  0x18, 0x00, 0x00, 0x00, 0x2c, 0x00, 0x00, 0x00, 0x48, 0x00, 0x00, 0x00,
  0x01, 0x00, 0x00, 0x00, 0x00, 0x00, 0x00, 0x09, 0x60, 0x00, 0x00, 0x00,
  0x02, 0x00, 0x00, 0x00, 0xff, 0xff, 0xff, 0xff, 0x58, 0x02, 0x00, 0x00,
  0x0c, 0x00, 0x0c, 0x00, 0x00, 0x00, 0x00, 0x00, 0x08, 0x00, 0x04, 0x00,
  0x0c, 0x00, 0x00, 0x00, 0x08, 0x00, 0x00, 0x00, 0x10, 0x00, 0x00, 0x00,
  0x01, 0x00, 0x00, 0x00, 0x04, 0x00, 0x00, 0x00, 0x00, 0x00, 0x00, 0x00,
  0x01, 0x00, 0x00, 0x00, 0xfb, 0x3c, 0x39, 0x3d, 0x1e, 0x00, 0x00, 0x00,
  0x73, 0x65, 0x72, 0x76, 0x69, 0x6e, 0x67, 0x5f, 0x64, 0x65, 0x66, 0x61,
  0x75, 0x6c, 0x74, 0x5f, 0x77, 0x69, 0x6e, 0x64, 0x6f, 0x77, 0x5f, 0x69,
  0x6e, 0x70, 0x75, 0x74, 0x3a, 0x30, 0x00, 0x00, 0x02, 0x00, 0x00, 0x00,
  0x01, 0x00, 0x00, 0x00, 0x58, 0x02, 0x00, 0x00, 0x02, 0x00, 0x00, 0x00,
  0x24, 0x00, 0x00, 0x00, 0x04, 0x00, 0x00, 0x00, 0xf0, 0xff, 0xff, 0xff,
  0x19, 0x00, 0x00, 0x00, 0x02, 0x00, 0x00, 0x00, 0x00, 0x00, 0x00, 0x19,
  0x0c, 0x00, 0x10, 0x00, 0x0f, 0x00, 0x00, 0x00, 0x08, 0x00, 0x04, 0x00,
  0x0c, 0x00, 0x00, 0x00, 0x09, 0x00, 0x00, 0x00, 0x04, 0x00, 0x00, 0x00,
  0x00, 0x00, 0x00, 0x09
};
unsigned int encoder_clf_std_pruned_qat_int8_tflite_len = 45616;
